ISO-10303-21;
HEADER;
FILE_DESCRIPTION (( 'STEP AP214' ),
    '1' );
FILE_NAME ('CADpad - Bottom of case [step-file].STEP',
    '2026-08-26T13:24:47',
    ( '' ),
    ( '' ),
    'SwSTEP 2.0',
    'SolidWorks 2026',
    '' );
FILE_SCHEMA (( 'AUTOMOTIVE_DESIGN' ));
ENDSEC;

DATA;
#1 =( GEOMETRIC_REPRESENTATION_CONTEXT ( 3 ) GLOBAL_UNCERTAINTY_ASSIGNED_CONTEXT ( ( #429 ) ) GLOBAL_UNIT_ASSIGNED_CONTEXT ( ( #232, #2203, #255 ) ) REPRESENTATION_CONTEXT ( 'NONE', 'WORKASPACE' ) );
#2 = SURFACE_STYLE_FILL_AREA ( #194 ) ;
#3 = SURFACE_STYLE_FILL_AREA ( #1635 ) ;
#4 =( LENGTH_UNIT ( ) NAMED_UNIT ( * ) SI_UNIT ( .MILLI., .METRE. ) );
#5 = ORIENTED_EDGE ( 'NONE', *, *, #607, .F. ) ;
#6 = CARTESIAN_POINT ( 'NONE',  ( 44.50000000000000000, 23.00000000000000000, -23.50000000000000000 ) ) ;
#7 = CARTESIAN_POINT ( 'NONE',  ( 44.50000000000000000, 3.000000000000000000, 0.000000000000000000 ) ) ;
#8 = EDGE_CURVE ( 'NONE', #388, #1050, #815, .T. ) ;
#9 = DIRECTION ( 'NONE',  ( 0.000000000000000000, 0.000000000000000000, 1.000000000000000000 ) ) ;
#10 = EDGE_LOOP ( 'NONE', ( #571, #5 ) ) ;
#11 = VERTEX_POINT ( 'NONE', #1894 ) ;
#12 = SURFACE_SIDE_STYLE ('',( #1644 ) ) ;
#13 = FACE_OUTER_BOUND ( 'NONE', #1647, .T. ) ;
#14 = CARTESIAN_POINT ( 'NONE',  ( -36.32011437649929775, 10.00001200000000168, 15.32038837572175360 ) ) ;
#15 = CARTESIAN_POINT ( 'NONE',  ( 41.99999999999999289, 10.00000000000000000, -3.999999999999997335 ) ) ;
#16 = DIRECTION ( 'NONE',  ( -1.000000000000000000, 0.000000000000000000, 0.000000000000000000 ) ) ;
#17 = EDGE_CURVE ( 'NONE', #1173, #2248, #851, .T. ) ;
#18 = CARTESIAN_POINT ( 'NONE',  ( 44.50000000000000000, 23.00000000000000000, 0.000000000000000000 ) ) ;
#19 = EDGE_LOOP ( 'NONE', ( #569, #716, #620, #1824 ) ) ;
#20 = ORIENTED_EDGE ( 'NONE', *, *, #1083, .T. ) ;
#21 = PRODUCT_RELATED_PRODUCT_CATEGORY ( 'part', '', ( #1249 ) ) ;
#22 = ORIENTED_EDGE ( 'NONE', *, *, #915, .T. ) ;
#23 = CARTESIAN_POINT ( 'NONE',  ( 42.49999999999999289, 23.00000000000000000, 23.50000000000000000 ) ) ;
#24 = CARTESIAN_POINT ( 'NONE',  ( -38.35000000000000853, 10.00001200000000168, -18.17671458676442597 ) ) ;
#25 = FACE_OUTER_BOUND ( 'NONE', #2272, .T. ) ;
#26 = AXIS2_PLACEMENT_3D ( 'NONE', #2268, #1359, #455 ) ;
#27 = UNCERTAINTY_MEASURE_WITH_UNIT (LENGTH_MEASURE( 1.000000000000000082E-05 ), #1750, 'distance_accuracy_value', 'NONE');
#28 = VECTOR ( 'NONE', #1793, 1000.000000000000000 ) ;
#29 = ORIENTED_EDGE ( 'NONE', *, *, #381, .F. ) ;
#30 = CARTESIAN_POINT ( 'NONE',  ( -37.00000000000001421, 3.000000000000000000, -20.50000000000000000 ) ) ;
#31 = EDGE_LOOP ( 'NONE', ( #298, #200 ) ) ;
#32 = ORIENTED_EDGE ( 'NONE', *, *, #1007, .T. ) ;
#33 = AXIS2_PLACEMENT_3D ( 'NONE', #1895, #1177, #645 ) ;
#34 = FILL_AREA_STYLE ('',( #966 ) ) ;
#35 = EDGE_CURVE ( 'NONE', #1353, #2204, #1351, .T. ) ;
#36 = VERTEX_POINT ( 'NONE', #1714 ) ;
#37 = CIRCLE ( 'NONE', #1365, 0.7500000000000006661 ) ;
#38 = DIRECTION ( 'NONE',  ( 0.000000000000000000, 0.000000000000000000, -1.000000000000000000 ) ) ;
#39 = AXIS2_PLACEMENT_3D ( 'NONE', #1278, #150, #369 ) ;
#40 = CARTESIAN_POINT ( 'NONE',  ( 0.000000000000000000, 3.000000000000000000, 23.00000000000000000 ) ) ;
#41 = PRESENTATION_STYLE_ASSIGNMENT (( #1817 ) ) ;
#42 = LINE ( 'NONE', #625, #1250 ) ;
#43 = ORIENTED_EDGE ( 'NONE', *, *, #1194, .F. ) ;
#44 = CARTESIAN_POINT ( 'NONE',  ( 56.99999999999999289, 10.00000000000000000, 0.000000000000000000 ) ) ;
#45 = ORIENTED_EDGE ( 'NONE', *, *, #1705, .T. ) ;
#46 = DIRECTION ( 'NONE',  ( 0.000000000000000000, -0.000000000000000000, 1.000000000000000000 ) ) ;
#47 = ORIENTED_EDGE ( 'NONE', *, *, #1019, .T. ) ;
#48 = FACE_OUTER_BOUND ( 'NONE', #1113, .T. ) ;
#49 = LINE ( 'NONE', #420, #2298 ) ;
#50 = CARTESIAN_POINT ( 'NONE',  ( -36.17036192803386996, 10.00001200000000168, 15.42044976276246082 ) ) ;
#51 = EDGE_CURVE ( 'NONE', #2105, #1671, #749, .T. ) ;
#52 = VERTEX_POINT ( 'NONE', #2252 ) ;
#53 = FILL_AREA_STYLE ('',( #227 ) ) ;
#54 = DIRECTION ( 'NONE',  ( -1.000000000000000000, 0.000000000000000000, -0.000000000000000000 ) ) ;
#55 = DIRECTION ( 'NONE',  ( 1.416100796715760863E-16, 0.000000000000000000, 1.000000000000000000 ) ) ;
#56 = ORIENTED_EDGE ( 'NONE', *, *, #807, .F. ) ;
#57 = VERTEX_POINT ( 'NONE', #996 ) ;
#58 = FACE_OUTER_BOUND ( 'NONE', #2294, .T. ) ;
#59 = STYLED_ITEM ( 'NONE', ( #1908 ), #202 ) ;
#60 = SURFACE_STYLE_FILL_AREA ( #73 ) ;
#61 = COLOUR_RGB ( '',0.1019607843137254888, 0.1019607843137254888, 0.1019607843137254888 ) ;
#62 = LINE ( 'NONE', #2016, #1707 ) ;
#63 = ADVANCED_FACE ( 'NONE', ( #1719 ), #1543, .F. ) ;
#64 = VECTOR ( 'NONE', #733, 1000.000000000000000 ) ;
#65 = ORIENTED_EDGE ( 'NONE', *, *, #1464, .T. ) ;
#66 = CIRCLE ( 'NONE', #1476, 2.000000000000001776 ) ;
#67 = ORIENTED_EDGE ( 'NONE', *, *, #738, .F. ) ;
#68 = LINE ( 'NONE', #801, #450 ) ;
#69 = DIRECTION ( 'NONE',  ( 0.000000000000000000, 1.000000000000000000, 0.000000000000000000 ) ) ;
#70 = VECTOR ( 'NONE', #139, 1000.000000000000000 ) ;
#71 = DIRECTION ( 'NONE',  ( -0.000000000000000000, 1.000000000000000000, -0.000000000000000000 ) ) ;
#72 = AXIS2_PLACEMENT_3D ( 'NONE', #2270, #1032, #82 ) ;
#73 = FILL_AREA_STYLE ('',( #782 ) ) ;
#74 = EDGE_CURVE ( 'NONE', #478, #1353, #1541, .T. ) ;
#75 = EDGE_CURVE ( 'NONE', #2204, #1528, #439, .T. ) ;
#76 = ORIENTED_EDGE ( 'NONE', *, *, #1527, .F. ) ;
#77 = CARTESIAN_POINT ( 'NONE',  ( -40.50000000000000000, 0.000000000000000000, 21.50000000000000000 ) ) ;
#78 = LINE ( 'NONE', #86, #332 ) ;
#79 = FILL_AREA_STYLE ('',( #830 ) ) ;
#80 = CARTESIAN_POINT ( 'NONE',  ( 43.00000000000000000, 3.000000000000000000, 24.00000000000000355 ) ) ;
#81 = LINE ( 'NONE', #1190, #1320 ) ;
#82 = DIRECTION ( 'NONE',  ( 0.000000000000000000, -0.000000000000000000, 1.000000000000000000 ) ) ;
#83 = ORIENTED_EDGE ( 'NONE', *, *, #222, .F. ) ;
#84 = EDGE_LOOP ( 'NONE', ( #2094, #323, #1483, #586 ) ) ;
#85 = EDGE_LOOP ( 'NONE', ( #1942, #676, #964, #2180 ) ) ;
#86 = CARTESIAN_POINT ( 'NONE',  ( 44.69999999999999574, 2.999999999999999112, -19.00000000000000355 ) ) ;
#87 = CARTESIAN_POINT ( 'NONE',  ( 40.49999999999999289, -2.000000000000000000, -24.50000000000000000 ) ) ;
#88 = CARTESIAN_POINT ( 'NONE',  ( -42.50000000000000711, 3.000000000000000000, -25.50000000000000000 ) ) ;
#89 = LINE ( 'NONE', #110, #1516 ) ;
#90 = CIRCLE ( 'NONE', #893, 2.000000000000001776 ) ;
#91 = EDGE_LOOP ( 'NONE', ( #1364, #519, #1208, #532, #267, #413, #1309, #2059 ) ) ;
#92 = CIRCLE ( 'NONE', #1737, 2.500000000000002220 ) ;
#93 = ORIENTED_EDGE ( 'NONE', *, *, #960, .F. ) ;
#94 = DIRECTION ( 'NONE',  ( -0.000000000000000000, -1.000000000000000000, -0.000000000000000000 ) ) ;
#95 = AXIS2_PLACEMENT_3D ( 'NONE', #1874, #262, #1521 ) ;
#96 =( NAMED_UNIT ( * ) PLANE_ANGLE_UNIT ( ) SI_UNIT ( $, .RADIAN. ) );
#97 = ADVANCED_FACE ( 'NONE', ( #1785 ), #2350, .F. ) ;
#98 = DIRECTION ( 'NONE',  ( 0.000000000000000000, -0.000000000000000000, 1.000000000000000000 ) ) ;
#99 = MECHANICAL_DESIGN_GEOMETRIC_PRESENTATION_REPRESENTATION (  '', ( #2043 ), #1328 ) ;
#100 = DIRECTION ( 'NONE',  ( 0.000000000000000000, -1.000000000000000000, 0.000000000000000000 ) ) ;
#101 = PLANE ( 'NONE',  #454 ) ;
#102 = VERTEX_POINT ( 'NONE', #1066 ) ;
#103 = ORIENTED_EDGE ( 'NONE', *, *, #2348, .T. ) ;
#104 = EDGE_LOOP ( 'NONE', ( #583, #1044, #1959, #32 ) ) ;
#105 = LINE ( 'NONE', #2296, #900 ) ;
#106 = EDGE_LOOP ( 'NONE', ( #1115, #2108, #910, #467 ) ) ;
#107 = APPLICATION_CONTEXT ( 'automotive_design' ) ;
#108 =( NAMED_UNIT ( * ) SI_UNIT ( $, .STERADIAN. ) SOLID_ANGLE_UNIT ( ) );
#109 = FILL_AREA_STYLE_COLOUR ( '', #720 ) ;
#110 = CARTESIAN_POINT ( 'NONE',  ( 0.000000000000000000, 3.000000000000000000, 25.50000000000000000 ) ) ;
#111 = ADVANCED_FACE ( 'NONE', ( #2169 ), #678, .F. ) ;
#112 = EDGE_LOOP ( 'NONE', ( #1741, #812 ) ) ;
#113 = ORIENTED_EDGE ( 'NONE', *, *, #1335, .T. ) ;
#114 = PLANE ( 'NONE',  #1133 ) ;
#115 = VERTEX_POINT ( 'NONE', #309 ) ;
#116 = DIRECTION ( 'NONE',  ( -0.000000000000000000, -1.000000000000000000, -0.000000000000000000 ) ) ;
#117 = CARTESIAN_POINT ( 'NONE',  ( 42.49999999999999289, 23.00000000000000000, -25.50000000000000000 ) ) ;
#118 = FACE_OUTER_BOUND ( 'NONE', #2052, .T. ) ;
#119 = DIRECTION ( 'NONE',  ( 0.000000000000000000, 1.000000000000000000, 0.000000000000000000 ) ) ;
#120 = VERTEX_POINT ( 'NONE', #1439 ) ;
#121 = EDGE_CURVE ( 'NONE', #2199, #1799, #909, .T. ) ;
#122 = ADVANCED_FACE ( 'NONE', ( #701 ), #1797, .T. ) ;
#123 =( NAMED_UNIT ( * ) SI_UNIT ( $, .STERADIAN. ) SOLID_ANGLE_UNIT ( ) );
#124 = CARTESIAN_POINT ( 'NONE',  ( 0.000000000000000000, 23.00000000000000000, -25.50000000000000000 ) ) ;
#125 = VECTOR ( 'NONE', #1258, 1000.000000000000000 ) ;
#126 = ORIENTED_EDGE ( 'NONE', *, *, #813, .T. ) ;
#127 = AXIS2_PLACEMENT_3D ( 'NONE', #148, #1611, #2332 ) ;
#128 = DIRECTION ( 'NONE',  ( 0.000000000000000000, 0.000000000000000000, 1.000000000000000000 ) ) ;
#129 = DIRECTION ( 'NONE',  ( 1.000000000000000000, 0.000000000000000000, -0.000000000000000000 ) ) ;
#130 = MECHANICAL_DESIGN_GEOMETRIC_PRESENTATION_REPRESENTATION (  '', ( #1358 ), #2150 ) ;
#131 = CARTESIAN_POINT ( 'NONE',  ( -45.00000000000000000, 3.000000000000000000, -24.00000000000000000 ) ) ;
#132 = MECHANICAL_DESIGN_GEOMETRIC_PRESENTATION_REPRESENTATION (  '', ( #1853 ), #287 ) ;
#133 = DIRECTION ( 'NONE',  ( -0.000000000000000000, -1.000000000000000000, -0.000000000000000000 ) ) ;
#134 = CARTESIAN_POINT ( 'NONE',  ( -35.68513688649778004, 10.00001200000000168, -17.64664035611497184 ) ) ;
#135 = CARTESIAN_POINT ( 'NONE',  ( 40.49999999999999289, -2.000000000000000000, -21.50000000000000000 ) ) ;
#136 = EDGE_CURVE ( 'NONE', #946, #2227, #1697, .T. ) ;
#137 =( NAMED_UNIT ( * ) PLANE_ANGLE_UNIT ( ) SI_UNIT ( $, .RADIAN. ) );
#138 = ORIENTED_EDGE ( 'NONE', *, *, #1453, .T. ) ;
#139 = DIRECTION ( 'NONE',  ( 0.000000000000000000, -0.000000000000000000, 1.000000000000000000 ) ) ;
#140 = ADVANCED_FACE ( 'NONE', ( #1401, #152 ), #530, .T. ) ;
#141 = DIRECTION ( 'NONE',  ( 0.000000000000000000, 1.000000000000000000, 0.000000000000000000 ) ) ;
#142 = DIRECTION ( 'NONE',  ( 0.000000000000000000, 0.000000000000000000, 1.000000000000000000 ) ) ;
#143 = ORIENTED_EDGE ( 'NONE', *, *, #1497, .T. ) ;
#144 = EDGE_CURVE ( 'NONE', #257, #681, #1615, .T. ) ;
#145 = EDGE_LOOP ( 'NONE', ( #1517, #386 ) ) ;
#146 = DIRECTION ( 'NONE',  ( 0.000000000000000000, 0.000000000000000000, 1.000000000000000000 ) ) ;
#147 = DIRECTION ( 'NONE',  ( 0.000000000000000000, -1.000000000000000000, 0.000000000000000000 ) ) ;
#148 = CARTESIAN_POINT ( 'NONE',  ( -37.00000000000001421, 10.00000000000000000, -18.00000000000000000 ) ) ;
#149 = SURFACE_SIDE_STYLE ('',( #721 ) ) ;
#150 = DIRECTION ( 'NONE',  ( -0.000000000000000000, 1.000000000000000000, 0.000000000000000000 ) ) ;
#151 = FILL_AREA_STYLE_COLOUR ( '', #1632 ) ;
#152 = FACE_OUTER_BOUND ( 'NONE', #1331, .T. ) ;
#153 = CARTESIAN_POINT ( 'NONE',  ( 28.99999999999999289, 10.00000000000000000, 20.25000000000000000 ) ) ;
#154 = ORIENTED_EDGE ( 'NONE', *, *, #572, .T. ) ;
#155 = VERTEX_POINT ( 'NONE', #2139 ) ;
#156 = FILL_AREA_STYLE_COLOUR ( '', #1171 ) ;
#157 = CARTESIAN_POINT ( 'NONE',  ( 44.69999999999999574, 3.000000000000000000, -2.999999999999996447 ) ) ;
#158 = EDGE_CURVE ( 'NONE', #192, #2227, #516, .T. ) ;
#159 = DIRECTION ( 'NONE',  ( 0.000000000000000000, 0.000000000000000000, 1.000000000000000000 ) ) ;
#160 = CARTESIAN_POINT ( 'NONE',  ( -35.92044976276246615, 10.00001200000000168, -17.17036192803386996 ) ) ;
#161 = CARTESIAN_POINT ( 'NONE',  ( -43.50000000000000711, -2.000000000000000000, 24.50000000000000000 ) ) ;
#162 = SURFACE_STYLE_USAGE ( .BOTH. , #380 ) ;
#163 = CARTESIAN_POINT ( 'NONE',  ( -37.00000000000001421, 10.00000000000000000, 16.50000000000000000 ) ) ;
#164 = CYLINDRICAL_SURFACE ( 'NONE', #892, 2.000000000000001776 ) ;
#165 = ORIENTED_EDGE ( 'NONE', *, *, #753, .F. ) ;
#166 = ORIENTED_EDGE ( 'NONE', *, *, #2177, .F. ) ;
#167 = CIRCLE ( 'NONE', #854, 2.499999999999998668 ) ;
#168 = DIRECTION ( 'NONE',  ( 0.000000000000000000, -0.000000000000000000, 1.000000000000000000 ) ) ;
#169 = PRESENTATION_LAYER_ASSIGNMENT (  '', '', ( #824 ) ) ;
#170 = CARTESIAN_POINT ( 'NONE',  ( 41.99999999999999289, 23.00000000000000000, -23.00000000000000000 ) ) ;
#171 = ADVANCED_FACE ( 'NONE', ( #1274 ), #164, .T. ) ;
#172 = VECTOR ( 'NONE', #1030, 1000.000000000000000 ) ;
#173 = CARTESIAN_POINT ( 'NONE',  ( -35.68513688649778004, 10.00001200000000168, 16.85335964388502816 ) ) ;
#174 = AXIS2_PLACEMENT_3D ( 'NONE', #730, #779, #2013 ) ;
#175 = DIRECTION ( 'NONE',  ( 0.000000000000000000, 0.000000000000000000, 1.000000000000000000 ) ) ;
#176 = AXIS2_PLACEMENT_3D ( 'NONE', #846, #1233, #1744 ) ;
#177 = CARTESIAN_POINT ( 'NONE',  ( -43.50000000000001421, 0.000000000000000000, -21.50000000000000000 ) ) ;
#178 =( NAMED_UNIT ( * ) PLANE_ANGLE_UNIT ( ) SI_UNIT ( $, .RADIAN. ) );
#179 = ORIENTED_EDGE ( 'NONE', *, *, #2081, .T. ) ;
#180 = CIRCLE ( 'NONE', #39, 2.000000000000001776 ) ;
#181 =( GEOMETRIC_REPRESENTATION_CONTEXT ( 3 ) GLOBAL_UNCERTAINTY_ASSIGNED_CONTEXT ( ( #2256 ) ) GLOBAL_UNIT_ASSIGNED_CONTEXT ( ( #1508, #924, #2047 ) ) REPRESENTATION_CONTEXT ( 'NONE', 'WORKASPACE' ) );
#182 = PLANE ( 'NONE',  #2041 ) ;
#183 = CARTESIAN_POINT ( 'NONE',  ( -44.50000000000001421, 3.000000000000000000, 0.000000000000000000 ) ) ;
#184 = ADVANCED_FACE ( 'NONE', ( #988 ), #2109, .T. ) ;
#185 = CARTESIAN_POINT ( 'NONE',  ( -36.17036192803386996, 10.00001200000000168, 17.57955023723754451 ) ) ;
#186 = ORIENTED_EDGE ( 'NONE', *, *, #1286, .F. ) ;
#187 = CARTESIAN_POINT ( 'NONE',  ( -42.50000000000000711, 23.00000000000000000, -25.50000000000000000 ) ) ;
#188 = LINE ( 'NONE', #2322, #895 ) ;
#189 = UNCERTAINTY_MEASURE_WITH_UNIT (LENGTH_MEASURE( 1.000000000000000082E-05 ), #2247, 'distance_accuracy_value', 'NONE');
#190 = CARTESIAN_POINT ( 'NONE',  ( 28.99999999999999289, 3.000000000000000000, 19.50000000000000000 ) ) ;
#191 = VERTEX_POINT ( 'NONE', #2255 ) ;
#192 = VERTEX_POINT ( 'NONE', #259 ) ;
#193 = VERTEX_POINT ( 'NONE', #1558 ) ;
#194 = FILL_AREA_STYLE ('',( #1685 ) ) ;
#195 = DIRECTION ( 'NONE',  ( 0.000000000000000000, 0.000000000000000000, 1.000000000000000000 ) ) ;
#196 = FACE_OUTER_BOUND ( 'NONE', #1825, .T. ) ;
#197 = PLANE ( 'NONE',  #1215 ) ;
#198 = CARTESIAN_POINT ( 'NONE',  ( -42.00000000000000000, 23.00000000000000000, 23.00000000000000000 ) ) ;
#199 = FACE_OUTER_BOUND ( 'NONE', #568, .T. ) ;
#200 = ORIENTED_EDGE ( 'NONE', *, *, #381, .T. ) ;
#201 = ORIENTED_EDGE ( 'NONE', *, *, #2249, .T. ) ;
#202 = ADVANCED_FACE ( 'NONE', ( #461 ), #1027, .F. ) ;
#203 = EDGE_CURVE ( 'NONE', #956, #2141, #2074, .T. ) ;
#204 = CARTESIAN_POINT ( 'NONE',  ( 45.00000000000000000, 3.000000000000000000, -26.00000000000000000 ) ) ;
#205 = ORIENTED_EDGE ( 'NONE', *, *, #263, .F. ) ;
#206 = AXIS2_PLACEMENT_3D ( 'NONE', #77, #806, #628 ) ;
#207 = CYLINDRICAL_SURFACE ( 'NONE', #1094, 2.000000000000001776 ) ;
#208 = LINE ( 'NONE', #40, #282 ) ;
#209 = DIRECTION ( 'NONE',  ( 1.416100796715760863E-16, 0.000000000000000000, 1.000000000000000000 ) ) ;
#210 = COLOUR_RGB ( '',0.1019607843137254888, 0.1019607843137254888, 0.1019607843137254888 ) ;
#211 = LINE ( 'NONE', #2219, #1449 ) ;
#212 = PRESENTATION_LAYER_ASSIGNMENT (  '', '', ( #1627 ) ) ;
#213 = VERTEX_POINT ( 'NONE', #818 ) ;
#214 = SURFACE_SIDE_STYLE ('',( #2200 ) ) ;
#215 = VECTOR ( 'NONE', #277, 1000.000000000000000 ) ;
#216 = ORIENTED_EDGE ( 'NONE', *, *, #694, .T. ) ;
#217 = CARTESIAN_POINT ( 'NONE',  ( 0.000000000000000000, 0.000000000000000000, 0.000000000000000000 ) ) ;
#218 = EDGE_LOOP ( 'NONE', ( #1652, #703, #201, #1143 ) ) ;
#219 = VECTOR ( 'NONE', #2186, 1000.000000000000000 ) ;
#220 = DIRECTION ( 'NONE',  ( 0.000000000000000000, -1.000000000000000000, 0.000000000000000000 ) ) ;
#221 = EDGE_CURVE ( 'NONE', #1183, #1230, #1891, .T. ) ;
#222 = EDGE_CURVE ( 'NONE', #1732, #845, #90, .T. ) ;
#223 = VECTOR ( 'NONE', #879, 1000.000000000000000 ) ;
#224 = CARTESIAN_POINT ( 'NONE',  ( -38.17961162427825883, 10.00001200000000168, -17.32011437649928709 ) ) ;
#225 = CARTESIAN_POINT ( 'NONE',  ( -35.82038837572176959, 10.00001200000000168, 17.17988562350071646 ) ) ;
#226 = PRESENTATION_LAYER_ASSIGNMENT (  '', '', ( #907 ) ) ;
#227 = FILL_AREA_STYLE_COLOUR ( '', #375 ) ;
#228 = CARTESIAN_POINT ( 'NONE',  ( -37.00000000000001421, 0.000000000000000000, -19.34999999999999787 ) ) ;
#229 = DIRECTION ( 'NONE',  ( -0.000000000000000000, 1.000000000000000000, 0.000000000000000000 ) ) ;
#230 = ORIENTED_EDGE ( 'NONE', *, *, #1157, .T. ) ;
#231 = VERTEX_POINT ( 'NONE', #840 ) ;
#232 =( LENGTH_UNIT ( ) NAMED_UNIT ( * ) SI_UNIT ( .MILLI., .METRE. ) );
#233 = ORIENTED_EDGE ( 'NONE', *, *, #1672, .T. ) ;
#234 = DIRECTION ( 'NONE',  ( 0.000000000000000000, 1.000000000000000000, 6.505213034913026604E-16 ) ) ;
#235 =( NAMED_UNIT ( * ) PLANE_ANGLE_UNIT ( ) SI_UNIT ( $, .RADIAN. ) );
#236 = DIRECTION ( 'NONE',  ( 1.000000000000000000, 0.000000000000000000, -0.000000000000000000 ) ) ;
#237 = EDGE_CURVE ( 'NONE', #1606, #1771, #1568, .T. ) ;
#238 = LINE ( 'NONE', #187, #2233 ) ;
#239 = LINE ( 'NONE', #942, #1473 ) ;
#240 = CARTESIAN_POINT ( 'NONE',  ( -40.50000000000000711, -2.000000000000000000, 21.50000000000000000 ) ) ;
#241 = ORIENTED_EDGE ( 'NONE', *, *, #992, .T. ) ;
#242 = ORIENTED_EDGE ( 'NONE', *, *, #2317, .F. ) ;
#243 = FILL_AREA_STYLE ('',( #610 ) ) ;
#244 = ORIENTED_EDGE ( 'NONE', *, *, #2078, .T. ) ;
#245 =( LENGTH_UNIT ( ) NAMED_UNIT ( * ) SI_UNIT ( .MILLI., .METRE. ) );
#246 = CYLINDRICAL_SURFACE ( 'NONE', #363, 2.500000000000002220 ) ;
#247 = EDGE_CURVE ( 'NONE', #155, #457, #1043, .T. ) ;
#248 = DIRECTION ( 'NONE',  ( 0.000000000000000000, 0.000000000000000000, 1.000000000000000000 ) ) ;
#249 = DIRECTION ( 'NONE',  ( 0.000000000000000000, -0.000000000000000000, 1.000000000000000000 ) ) ;
#250 = LINE ( 'NONE', #2023, #1436 ) ;
#251 = CIRCLE ( 'NONE', #26, 2.500000000000002220 ) ;
#252 = CARTESIAN_POINT ( 'NONE',  ( 44.69999999999999574, 2.999999999999999112, -3.000000000000001776 ) ) ;
#253 = AXIS2_PLACEMENT_3D ( 'NONE', #2165, #1419, #209 ) ;
#254 = ORIENTED_EDGE ( 'NONE', *, *, #136, .F. ) ;
#255 =( NAMED_UNIT ( * ) SI_UNIT ( $, .STERADIAN. ) SOLID_ANGLE_UNIT ( ) );
#256 = CIRCLE ( 'NONE', #1288, 2.500000000000002220 ) ;
#257 = VERTEX_POINT ( 'NONE', #1223 ) ;
#258 = CARTESIAN_POINT ( 'NONE',  ( -38.17961162427825883, 10.00001200000000168, 17.17988562350071646 ) ) ;
#259 = CARTESIAN_POINT ( 'NONE',  ( -43.50000000000001421, -2.000000000000000000, -21.50000000000000000 ) ) ;
#260 = VECTOR ( 'NONE', #1970, 1000.000000000000000 ) ;
#261 = UNCERTAINTY_MEASURE_WITH_UNIT (LENGTH_MEASURE( 1.000000000000000082E-05 ), #2251, 'distance_accuracy_value', 'NONE');
#262 = DIRECTION ( 'NONE',  ( 0.000000000000000000, 1.000000000000000000, 0.000000000000000000 ) ) ;
#263 = EDGE_CURVE ( 'NONE', #946, #1052, #1071, .T. ) ;
#264 = SURFACE_STYLE_USAGE ( .BOTH. , #497 ) ;
#265 = VECTOR ( 'NONE', #974, 1000.000000000000000 ) ;
#266 = CARTESIAN_POINT ( 'NONE',  ( 43.50000000000000000, -2.000000000000000000, 24.50000000000000000 ) ) ;
#267 = ORIENTED_EDGE ( 'NONE', *, *, #237, .F. ) ;
#268 = DIRECTION ( 'NONE',  ( 0.000000000000000000, -1.000000000000000000, 0.000000000000000000 ) ) ;
#269 = CARTESIAN_POINT ( 'NONE',  ( -40.50000000000000711, -2.000000000000000000, -21.50000000000000000 ) ) ;
#270 = CARTESIAN_POINT ( 'NONE',  ( -43.00000000000000000, 3.000000000000000000, -26.00000000000000000 ) ) ;
#271 = LINE ( 'NONE', #117, #754 ) ;
#272 = FACE_OUTER_BOUND ( 'NONE', #1972, .T. ) ;
#273 = ORIENTED_EDGE ( 'NONE', *, *, #808, .T. ) ;
#274 = SURFACE_SIDE_STYLE ('',( #1001 ) ) ;
#275 = VERTEX_POINT ( 'NONE', #1404 ) ;
#276 = CARTESIAN_POINT ( 'NONE',  ( -37.00000000000001421, 10.00000000000000000, 19.00000000000000355 ) ) ;
#277 = DIRECTION ( 'NONE',  ( 0.000000000000000000, -0.000000000000000000, 1.000000000000000000 ) ) ;
#278 = DIRECTION ( 'NONE',  ( 0.000000000000000000, 0.000000000000000000, 1.000000000000000000 ) ) ;
#279 = CARTESIAN_POINT ( 'NONE',  ( -40.50000000000000711, -2.000000000000000000, -21.50000000000000000 ) ) ;
#280 = AXIS2_PLACEMENT_3D ( 'NONE', #1447, #886, #2319 ) ;
#281 = ORIENTED_EDGE ( 'NONE', *, *, #466, .T. ) ;
#282 = VECTOR ( 'NONE', #1873, 1000.000000000000000 ) ;
#283 = FACE_OUTER_BOUND ( 'NONE', #84, .T. ) ;
#284 = AXIS2_PLACEMENT_3D ( 'NONE', #2066, #1863, #54 ) ;
#285 = ORIENTED_EDGE ( 'NONE', *, *, #8, .T. ) ;
#286 = DIRECTION ( 'NONE',  ( 0.000000000000000000, -1.000000000000000000, 0.000000000000000000 ) ) ;
#287 =( GEOMETRIC_REPRESENTATION_CONTEXT ( 3 ) GLOBAL_UNCERTAINTY_ASSIGNED_CONTEXT ( ( #925 ) ) GLOBAL_UNIT_ASSIGNED_CONTEXT ( ( #2122, #1392, #302 ) ) REPRESENTATION_CONTEXT ( 'NONE', 'WORKASPACE' ) );
#288 = ORIENTED_EDGE ( 'NONE', *, *, #745, .F. ) ;
#289 = CARTESIAN_POINT ( 'NONE',  ( -42.99999999999999289, 0.000000000000000000, 24.00000000000000000 ) ) ;
#290 = EDGE_CURVE ( 'NONE', #2046, #640, #312, .T. ) ;
#291 =( LENGTH_UNIT ( ) NAMED_UNIT ( * ) SI_UNIT ( .MILLI., .METRE. ) );
#292 = VECTOR ( 'NONE', #869, 1000.000000000000000 ) ;
#293 = FACE_BOUND ( 'NONE', #1366, .T. ) ;
#294 = CIRCLE ( 'NONE', #1679, 2.500000000000002220 ) ;
#295 = ORIENTED_EDGE ( 'NONE', *, *, #51, .T. ) ;
#296 = ORIENTED_EDGE ( 'NONE', *, *, #203, .T. ) ;
#297 = DIRECTION ( 'NONE',  ( -0.000000000000000000, 1.000000000000000000, -0.000000000000000000 ) ) ;
#298 = ORIENTED_EDGE ( 'NONE', *, *, #690, .T. ) ;
#299 = UNCERTAINTY_MEASURE_WITH_UNIT (LENGTH_MEASURE( 1.000000000000000082E-05 ), #1063, 'distance_accuracy_value', 'NONE');
#300 = ORIENTED_EDGE ( 'NONE', *, *, #440, .T. ) ;
#301 = DIRECTION ( 'NONE',  ( 0.000000000000000000, -1.000000000000000000, 0.000000000000000000 ) ) ;
#302 =( NAMED_UNIT ( * ) SI_UNIT ( $, .STERADIAN. ) SOLID_ANGLE_UNIT ( ) );
#303 =( NAMED_UNIT ( * ) SI_UNIT ( $, .STERADIAN. ) SOLID_ANGLE_UNIT ( ) );
#304 = CARTESIAN_POINT ( 'NONE',  ( -40.50000000000000711, 0.000000000000000000, -21.50000000000000000 ) ) ;
#305 = ADVANCED_FACE ( 'NONE', ( #1761 ), #1428, .T. ) ;
#306 = EDGE_CURVE ( 'NONE', #2070, #1206, #1730, .T. ) ;
#307 = PLANE ( 'NONE',  #72 ) ;
#308 = VERTEX_POINT ( 'NONE', #521 ) ;
#309 = CARTESIAN_POINT ( 'NONE',  ( 44.50000000000000000, 3.000000000000000000, -2.999999999999999112 ) ) ;
#310 =( NAMED_UNIT ( * ) SI_UNIT ( $, .STERADIAN. ) SOLID_ANGLE_UNIT ( ) );
#311 = ORIENTED_EDGE ( 'NONE', *, *, #1654, .T. ) ;
#312 = LINE ( 'NONE', #1975, #1125 ) ;
#313 = FILL_AREA_STYLE ('',( #109 ) ) ;
#314 = EDGE_CURVE ( 'NONE', #424, #2114, #1318, .T. ) ;
#315 = DIRECTION ( 'NONE',  ( 0.000000000000000000, 1.000000000000000000, 0.000000000000000000 ) ) ;
#316 = CARTESIAN_POINT ( 'NONE',  ( -36.64664035611500026, 10.00001200000000168, -16.68513688649777649 ) ) ;
#317 = EDGE_CURVE ( 'NONE', #1095, #2239, #167, .T. ) ;
#318 = DIRECTION ( 'NONE',  ( -1.000000000000000000, 0.000000000000000000, 0.000000000000000000 ) ) ;
#319 = ORIENTED_EDGE ( 'NONE', *, *, #2190, .T. ) ;
#320 = CARTESIAN_POINT ( 'NONE',  ( 44.69999999999999574, 9.999999999999992895, -3.221629312528356371E-15 ) ) ;
#321 = PRESENTATION_STYLE_ASSIGNMENT (( #2118 ) ) ;
#322 = PRESENTATION_LAYER_ASSIGNMENT (  '', '', ( #1514 ) ) ;
#323 = ORIENTED_EDGE ( 'NONE', *, *, #2155, .T. ) ;
#324 = ORIENTED_EDGE ( 'NONE', *, *, #1954, .F. ) ;
#325 = CARTESIAN_POINT ( 'NONE',  ( 28.99999999999999289, 22.50000000000000000, 19.50000000000000000 ) ) ;
#326 = CARTESIAN_POINT ( 'NONE',  ( 44.50000000000000000, 23.00000000000000000, -23.50000000000000000 ) ) ;
#327 = VECTOR ( 'NONE', #891, 1000.000000000000000 ) ;
#328 = FACE_OUTER_BOUND ( 'NONE', #1691, .T. ) ;
#329 = VECTOR ( 'NONE', #2300, 1000.000000000000000 ) ;
#330 = DIRECTION ( 'NONE',  ( 0.000000000000000000, 1.000000000000000000, -0.000000000000000000 ) ) ;
#331 = DIRECTION ( 'NONE',  ( 0.000000000000000000, 1.000000000000000000, 0.000000000000000000 ) ) ;
#332 = VECTOR ( 'NONE', #969, 1000.000000000000000 ) ;
#333 = DIRECTION ( 'NONE',  ( 0.000000000000000000, -0.000000000000000000, 1.000000000000000000 ) ) ;
#334 = MECHANICAL_DESIGN_GEOMETRIC_PRESENTATION_REPRESENTATION (  '', ( #2160 ), #1096 ) ;
#335 =( GEOMETRIC_REPRESENTATION_CONTEXT ( 3 ) GLOBAL_UNCERTAINTY_ASSIGNED_CONTEXT ( ( #1650 ) ) GLOBAL_UNIT_ASSIGNED_CONTEXT ( ( #1768, #527, #1794 ) ) REPRESENTATION_CONTEXT ( 'NONE', 'WORKASPACE' ) );
#336 = CARTESIAN_POINT ( 'NONE',  ( 40.49999999999999289, -2.000000000000000000, -21.50000000000000000 ) ) ;
#337 = DIRECTION ( 'NONE',  ( 1.416100796715760863E-16, 0.000000000000000000, 1.000000000000000000 ) ) ;
#338 = VECTOR ( 'NONE', #404, 1000.000000000000000 ) ;
#339 = DIRECTION ( 'NONE',  ( 0.000000000000000000, 0.000000000000000000, 1.000000000000000000 ) ) ;
#340 = ORIENTED_EDGE ( 'NONE', *, *, #1031, .T. ) ;
#341 = ORIENTED_EDGE ( 'NONE', *, *, #593, .F. ) ;
#342 = CARTESIAN_POINT ( 'NONE',  ( -40.50000000000000711, -2.000000000000000000, -24.50000000000000000 ) ) ;
#343 = FACE_OUTER_BOUND ( 'NONE', #2097, .T. ) ;
#344 = DIRECTION ( 'NONE',  ( -0.000000000000000000, -1.000000000000000000, -0.000000000000000000 ) ) ;
#345 = DIRECTION ( 'NONE',  ( 0.000000000000000000, 0.000000000000000000, 1.000000000000000000 ) ) ;
#346 = DIRECTION ( 'NONE',  ( -0.000000000000000000, -1.000000000000000000, -0.000000000000000000 ) ) ;
#347 = CARTESIAN_POINT ( 'NONE',  ( -40.50000000000000711, 0.000000000000000000, -21.50000000000000000 ) ) ;
#348 = CARTESIAN_POINT ( 'NONE',  ( -43.50000000000001421, -2.000000000000000000, -24.50000000000000000 ) ) ;
#349 = VERTEX_POINT ( 'NONE', #342 ) ;
#350 = EDGE_CURVE ( 'NONE', #2204, #2248, #2130, .T. ) ;
#351 = ORIENTED_EDGE ( 'NONE', *, *, #1705, .F. ) ;
#352 = DIRECTION ( 'NONE',  ( 0.000000000000000000, 0.000000000000000000, -1.000000000000000000 ) ) ;
#353 = SURFACE_SIDE_STYLE ('',( #1093 ) ) ;
#354 = CARTESIAN_POINT ( 'NONE',  ( -36.82328541323558824, 10.00001200000000168, -16.64999999999999858 ) ) ;
#355 = DIRECTION ( 'NONE',  ( 0.000000000000000000, 0.000000000000000000, 1.000000000000000000 ) ) ;
#356 = LINE ( 'NONE', #18, #70 ) ;
#357 = DIRECTION ( 'NONE',  ( 0.000000000000000000, -0.000000000000000000, 1.000000000000000000 ) ) ;
#358 = ORIENTED_EDGE ( 'NONE', *, *, #780, .F. ) ;
#359 = AXIS2_PLACEMENT_3D ( 'NONE', #2265, #2086, #1604 ) ;
#360 = EDGE_CURVE ( 'NONE', #921, #102, #1960, .T. ) ;
#361 = MECHANICAL_DESIGN_GEOMETRIC_PRESENTATION_REPRESENTATION (  '', ( #59 ), #402 ) ;
#362 = PRESENTATION_STYLE_ASSIGNMENT (( #739 ) ) ;
#363 = AXIS2_PLACEMENT_3D ( 'NONE', #971, #1519, #937 ) ;
#364 = CARTESIAN_POINT ( 'NONE',  ( -42.50000000000000711, 23.00000000000000000, 25.50000000000000000 ) ) ;
#365 = ADVANCED_FACE ( 'NONE', ( #328 ), #1791, .T. ) ;
#366 = CARTESIAN_POINT ( 'NONE',  ( -36.82328541323558824, 10.00001200000000168, 17.84999999999999787 ) ) ;
#367 = VERTEX_POINT ( 'NONE', #899 ) ;
#368 = VECTOR ( 'NONE', #2029, 1000.000000000000000 ) ;
#369 = DIRECTION ( 'NONE',  ( 0.000000000000000000, 0.000000000000000000, -1.000000000000000000 ) ) ;
#370 = CARTESIAN_POINT ( 'NONE',  ( 42.49999999999999289, 23.00000000000000000, 23.50000000000000000 ) ) ;
#371 = STYLED_ITEM ( 'NONE', ( #1254 ), #1545 ) ;
#372 = SURFACE_SIDE_STYLE ('',( #2335 ) ) ;
#373 = ORIENTED_EDGE ( 'NONE', *, *, #247, .F. ) ;
#374 = ORIENTED_EDGE ( 'NONE', *, *, #2155, .F. ) ;
#375 = COLOUR_RGB ( '',1.000000000000000000, 1.000000000000000000, 1.000000000000000000 ) ;
#376 = ORIENTED_EDGE ( 'NONE', *, *, #1983, .T. ) ;
#377 = SURFACE_STYLE_USAGE ( .BOTH. , #1492 ) ;
#378 = CARTESIAN_POINT ( 'NONE',  ( 44.50000000000000000, 3.000000000000000000, -19.00000000000000355 ) ) ;
#379 = CARTESIAN_POINT ( 'NONE',  ( 41.99999999999999289, 2.999999999999999112, -4.000000000000001776 ) ) ;
#380 = SURFACE_SIDE_STYLE ('',( #1098 ) ) ;
#381 = EDGE_CURVE ( 'NONE', #213, #765, #1925, .T. ) ;
#382 = EDGE_CURVE ( 'NONE', #1798, #640, #822, .T. ) ;
#383 = UNCERTAINTY_MEASURE_WITH_UNIT (LENGTH_MEASURE( 1.000000000000000082E-05 ), #1920, 'distance_accuracy_value', 'NONE');
#384 = DIRECTION ( 'NONE',  ( 0.000000000000000000, 1.000000000000000000, 6.505213034913026604E-16 ) ) ;
#385 = VERTEX_POINT ( 'NONE', #2331 ) ;
#386 = ORIENTED_EDGE ( 'NONE', *, *, #306, .T. ) ;
#387 = DIRECTION ( 'NONE',  ( -0.000000000000000000, -0.000000000000000000, -1.000000000000000000 ) ) ;
#388 = VERTEX_POINT ( 'NONE', #131 ) ;
#389 = CARTESIAN_POINT ( 'NONE',  ( 43.50000000000000000, 0.000000000000000000, 21.50000000000000000 ) ) ;
#390 = CARTESIAN_POINT ( 'NONE',  ( -40.50000000000000711, 0.000000000000000000, -24.50000000000000000 ) ) ;
#391 = ORIENTED_EDGE ( 'NONE', *, *, #221, .T. ) ;
#392 = DIRECTION ( 'NONE',  ( 0.000000000000000000, 1.000000000000000000, -0.000000000000000000 ) ) ;
#393 = EDGE_CURVE ( 'NONE', #1618, #1183, #2132, .T. ) ;
#394 = EDGE_LOOP ( 'NONE', ( #1486, #433 ) ) ;
#395 = DIRECTION ( 'NONE',  ( 0.000000000000000000, 0.000000000000000000, -1.000000000000000000 ) ) ;
#396 = VERTEX_POINT ( 'NONE', #157 ) ;
#397 = ORIENTED_EDGE ( 'NONE', *, *, #1911, .F. ) ;
#398 = DIRECTION ( 'NONE',  ( 0.000000000000000000, -1.000000000000000000, 0.000000000000000000 ) ) ;
#399 = VERTEX_POINT ( 'NONE', #364 ) ;
#400 = MECHANICAL_DESIGN_GEOMETRIC_PRESENTATION_REPRESENTATION (  '', ( #1994 ), #2067 ) ;
#401 = DIRECTION ( 'NONE',  ( 0.000000000000000000, -1.000000000000000000, 0.000000000000000000 ) ) ;
#402 =( GEOMETRIC_REPRESENTATION_CONTEXT ( 3 ) GLOBAL_UNCERTAINTY_ASSIGNED_CONTEXT ( ( #2274 ) ) GLOBAL_UNIT_ASSIGNED_CONTEXT ( ( #482, #1198, #108 ) ) REPRESENTATION_CONTEXT ( 'NONE', 'WORKASPACE' ) );
#403 = CARTESIAN_POINT ( 'NONE',  ( -38.35000000000000853, 10.00001200000000168, -17.82328541323557403 ) ) ;
#404 = DIRECTION ( 'NONE',  ( 1.000000000000000000, 0.000000000000000000, 0.000000000000000000 ) ) ;
#405 =( NAMED_UNIT ( * ) PLANE_ANGLE_UNIT ( ) SI_UNIT ( $, .RADIAN. ) );
#406 = VECTOR ( 'NONE', #849, 1000.000000000000000 ) ;
#407 = FACE_OUTER_BOUND ( 'NONE', #1187, .T. ) ;
#408 = AXIS2_PLACEMENT_3D ( 'NONE', #2210, #392, #1120 ) ;
#409 = DIRECTION ( 'NONE',  ( 0.000000000000000000, 0.000000000000000000, -1.000000000000000000 ) ) ;
#410 = VECTOR ( 'NONE', #98, 1000.000000000000000 ) ;
#411 =( NAMED_UNIT ( * ) SI_UNIT ( $, .STERADIAN. ) SOLID_ANGLE_UNIT ( ) );
#412 = PRESENTATION_LAYER_ASSIGNMENT (  '', '', ( #371 ) ) ;
#413 = ORIENTED_EDGE ( 'NONE', *, *, #2241, .F. ) ;
#414 = VECTOR ( 'NONE', #1314, 1000.000000000000000 ) ;
#415 = ORIENTED_EDGE ( 'NONE', *, *, #1512, .T. ) ;
#416 = DIRECTION ( 'NONE',  ( 0.000000000000000000, -1.000000000000000000, -7.434529182757752297E-16 ) ) ;
#417 = ORIENTED_EDGE ( 'NONE', *, *, #2054, .F. ) ;
#418 = VECTOR ( 'NONE', #422, 1000.000000000000000 ) ;
#419 = EDGE_CURVE ( 'NONE', #1128, #921, #1645, .T. ) ;
#420 = CARTESIAN_POINT ( 'NONE',  ( 45.00000000000000000, 3.000000000000000000, -24.00000000000000000 ) ) ;
#421 = CARTESIAN_POINT ( 'NONE',  ( 44.69999999999999574, 9.999999999999994671, -3.999999999999996447 ) ) ;
#422 = DIRECTION ( 'NONE',  ( 0.000000000000000000, 0.000000000000000000, -1.000000000000000000 ) ) ;
#423 = LINE ( 'NONE', #1123, #2307 ) ;
#424 = VERTEX_POINT ( 'NONE', #1082 ) ;
#425 = VERTEX_POINT ( 'NONE', #170 ) ;
#426 = CARTESIAN_POINT ( 'NONE',  ( 56.99999999999999289, 23.00000000000000000, -18.00000000000000355 ) ) ;
#427 = ADVANCED_FACE ( 'NONE', ( #13 ), #1977, .F. ) ;
#428 = CARTESIAN_POINT ( 'NONE',  ( -38.07955023723756227, 10.00001200000000168, -18.82963807196613359 ) ) ;
#429 = UNCERTAINTY_MEASURE_WITH_UNIT (LENGTH_MEASURE( 1.000000000000000082E-05 ), #232, 'distance_accuracy_value', 'NONE');
#430 = CARTESIAN_POINT ( 'NONE',  ( 41.99999999999999289, 3.000000000000000000, 0.000000000000000000 ) ) ;
#431 = CARTESIAN_POINT ( 'NONE',  ( -43.00000000000000000, 0.000000000000000000, -26.00000000000000000 ) ) ;
#432 = LINE ( 'NONE', #1708, #2009 ) ;
#433 = ORIENTED_EDGE ( 'NONE', *, *, #1464, .F. ) ;
#434 = CARTESIAN_POINT ( 'NONE',  ( -45.00000000000000000, 3.000000000000000000, -26.00000000000000000 ) ) ;
#435 = CARTESIAN_POINT ( 'NONE',  ( 40.49999999999999289, 0.000000000000000000, -21.50000000000000000 ) ) ;
#436 = EDGE_CURVE ( 'NONE', #2239, #1095, #1089, .T. ) ;
#437 =( LENGTH_UNIT ( ) NAMED_UNIT ( * ) SI_UNIT ( .MILLI., .METRE. ) );
#438 = LINE ( 'NONE', #2244, #680 ) ;
#439 = CIRCLE ( 'NONE', #513, 2.000000000000001776 ) ;
#440 = EDGE_CURVE ( 'NONE', #120, #956, #1847, .T. ) ;
#441 = LINE ( 'NONE', #1313, #1767 ) ;
#442 = COLOUR_RGB ( '',0.1019607843137254888, 0.1019607843137254888, 0.1019607843137254888 ) ;
#443 = MECHANICAL_DESIGN_GEOMETRIC_PRESENTATION_REPRESENTATION (  '', ( #1581 ), #1805 ) ;
#444 = FACE_OUTER_BOUND ( 'NONE', #2106, .T. ) ;
#445 = EDGE_LOOP ( 'NONE', ( #205, #1653, #773, #138, #288, #244, #93, #1937 ) ) ;
#446 = FILL_AREA_STYLE_COLOUR ( '', #831 ) ;
#447 = CIRCLE ( 'NONE', #1770, 2.000000000000001776 ) ;
#448 = ORIENTED_EDGE ( 'NONE', *, *, #1193, .T. ) ;
#449 = ORIENTED_EDGE ( 'NONE', *, *, #654, .T. ) ;
#450 = VECTOR ( 'NONE', #94, 1000.000000000000000 ) ;
#451 = SURFACE_STYLE_FILL_AREA ( #670 ) ;
#452 = CIRCLE ( 'NONE', #1776, 2.000000000000001776 ) ;
#453 = CARTESIAN_POINT ( 'NONE',  ( -42.00000000000000000, 3.000000000000000000, 23.00000000000000000 ) ) ;
#454 = AXIS2_PLACEMENT_3D ( 'NONE', #266, #836, #1572 ) ;
#455 = DIRECTION ( 'NONE',  ( 0.000000000000000000, 0.000000000000000000, 1.000000000000000000 ) ) ;
#456 = FILL_AREA_STYLE ('',( #2082 ) ) ;
#457 = VERTEX_POINT ( 'NONE', #389 ) ;
#458 = CARTESIAN_POINT ( 'NONE',  ( -42.99999999999999289, 3.000000000000000000, 24.00000000000000000 ) ) ;
#459 = ORIENTED_EDGE ( 'NONE', *, *, #436, .T. ) ;
#460 = CARTESIAN_POINT ( 'NONE',  ( -38.31486311350224128, 10.00001200000000168, 16.85335964388503172 ) ) ;
#461 = FACE_OUTER_BOUND ( 'NONE', #1140, .T. ) ;
#462 = DIRECTION ( 'NONE',  ( 0.000000000000000000, 1.000000000000000000, 0.000000000000000000 ) ) ;
#463 = CARTESIAN_POINT ( 'NONE',  ( 28.99999999999999289, 3.000000000000000000, 22.00000000000000000 ) ) ;
#464 = SURFACE_SIDE_STYLE ('',( #661 ) ) ;
#465 = EDGE_LOOP ( 'NONE', ( #67, #2326, #1389, #731 ) ) ;
#466 = EDGE_CURVE ( 'NONE', #797, #1854, #1724, .T. ) ;
#467 = ORIENTED_EDGE ( 'NONE', *, *, #1193, .F. ) ;
#468 = UNCERTAINTY_MEASURE_WITH_UNIT (LENGTH_MEASURE( 1.000000000000000082E-05 ), #1457, 'distance_accuracy_value', 'NONE');
#469 = ORIENTED_EDGE ( 'NONE', *, *, #1167, .T. ) ;
#470 = CARTESIAN_POINT ( 'NONE',  ( -37.00000000000001421, 0.000000000000000000, -18.00000000000000000 ) ) ;
#471 = DIRECTION ( 'NONE',  ( 0.000000000000000000, -1.000000000000000000, 0.000000000000000000 ) ) ;
#472 = DIRECTION ( 'NONE',  ( -1.000000000000000000, 0.000000000000000000, -0.000000000000000000 ) ) ;
#473 = PRESENTATION_LAYER_ASSIGNMENT (  '', '', ( #59 ) ) ;
#474 = ORIENTED_EDGE ( 'NONE', *, *, #317, .F. ) ;
#475 = MECHANICAL_DESIGN_GEOMETRIC_PRESENTATION_REPRESENTATION (  '', ( #1127 ), #677 ) ;
#476 = PLANE ( 'NONE',  #1552 ) ;
#477 = AXIS2_PLACEMENT_3D ( 'NONE', #772, #1169, #1888 ) ;
#478 = VERTEX_POINT ( 'NONE', #2021 ) ;
#479 =( LENGTH_UNIT ( ) NAMED_UNIT ( * ) SI_UNIT ( .MILLI., .METRE. ) );
#480 = VECTOR ( 'NONE', #1346, 1000.000000000000000 ) ;
#481 = ORIENTED_EDGE ( 'NONE', *, *, #35, .F. ) ;
#482 =( LENGTH_UNIT ( ) NAMED_UNIT ( * ) SI_UNIT ( .MILLI., .METRE. ) );
#483 =( GEOMETRIC_REPRESENTATION_CONTEXT ( 3 ) GLOBAL_UNCERTAINTY_ASSIGNED_CONTEXT ( ( #1833 ) ) GLOBAL_UNIT_ASSIGNED_CONTEXT ( ( #1034, #1728, #2095 ) ) REPRESENTATION_CONTEXT ( 'NONE', 'WORKASPACE' ) );
#484 = PLANE ( 'NONE',  #1092 ) ;
#485 = EDGE_CURVE ( 'NONE', #1528, #478, #49, .T. ) ;
#486 =( GEOMETRIC_REPRESENTATION_CONTEXT ( 3 ) GLOBAL_UNCERTAINTY_ASSIGNED_CONTEXT ( ( #1100 ) ) GLOBAL_UNIT_ASSIGNED_CONTEXT ( ( #539, #1469, #411 ) ) REPRESENTATION_CONTEXT ( 'NONE', 'WORKASPACE' ) );
#487 = FACE_OUTER_BOUND ( 'NONE', #1500, .T. ) ;
#488 = CARTESIAN_POINT ( 'NONE',  ( -37.00000000000001421, 10.00000000000000000, -18.00000000000000000 ) ) ;
#489 = AXIS2_PLACEMENT_3D ( 'NONE', #135, #346, #866 ) ;
#490 = DIRECTION ( 'NONE',  ( 0.000000000000000000, 0.000000000000000000, 1.000000000000000000 ) ) ;
#491 = PRESENTATION_LAYER_ASSIGNMENT (  '', '', ( #1062 ) ) ;
#492 = EDGE_LOOP ( 'NONE', ( #1002, #934, #415, #2037 ) ) ;
#493 = CARTESIAN_POINT ( 'NONE',  ( -45.00000000000000000, 3.000000000000000000, -26.00000000000000000 ) ) ;
#494 =( LENGTH_UNIT ( ) NAMED_UNIT ( * ) SI_UNIT ( .MILLI., .METRE. ) );
#495 = ADVANCED_FACE ( 'NONE', ( #1506 ), #246, .T. ) ;
#496 = CARTESIAN_POINT ( 'NONE',  ( 42.49999999999999289, 2.999999999999999112, 23.50000000000000000 ) ) ;
#497 = SURFACE_SIDE_STYLE ('',( #2303 ) ) ;
#498 = LINE ( 'NONE', #1583, #172 ) ;
#499 = CARTESIAN_POINT ( 'NONE',  ( 44.50000000000000000, 11.00000000000000000, -19.00000000000000355 ) ) ;
#500 = ORIENTED_EDGE ( 'NONE', *, *, #221, .F. ) ;
#501 = DIRECTION ( 'NONE',  ( 1.000000000000000000, 0.000000000000000000, -0.000000000000000000 ) ) ;
#502 = SURFACE_SIDE_STYLE ('',( #2128 ) ) ;
#503 = FILL_AREA_STYLE ('',( #1566 ) ) ;
#504 = ORIENTED_EDGE ( 'NONE', *, *, #978, .T. ) ;
#505 = ORIENTED_EDGE ( 'NONE', *, *, #1453, .F. ) ;
#506 = DIRECTION ( 'NONE',  ( 1.000000000000000000, 0.000000000000000000, 0.000000000000000000 ) ) ;
#507 = CARTESIAN_POINT ( 'NONE',  ( 42.99999999999997158, 3.000000000000000000, -26.00000000000000000 ) ) ;
#508 = LINE ( 'NONE', #1952, #556 ) ;
#509 = DIRECTION ( 'NONE',  ( 0.000000000000000000, -1.000000000000000000, 0.000000000000000000 ) ) ;
#510 = CARTESIAN_POINT ( 'NONE',  ( -37.00000000000001421, 10.00000000000000000, -15.49999999999999645 ) ) ;
#511 = LINE ( 'NONE', #1086, #327 ) ;
#512 = SHAPE_DEFINITION_REPRESENTATION ( #876, #2246 ) ;
#513 = AXIS2_PLACEMENT_3D ( 'NONE', #727, #1455, #1079 ) ;
#514 = VECTOR ( 'NONE', #506, 1000.000000000000000 ) ;
#515 = FACE_OUTER_BOUND ( 'NONE', #920, .T. ) ;
#516 = LINE ( 'NONE', #348, #553 ) ;
#517 = DIRECTION ( 'NONE',  ( 0.000000000000000000, 0.000000000000000000, -1.000000000000000000 ) ) ;
#518 = ORIENTED_EDGE ( 'NONE', *, *, #1911, .T. ) ;
#519 = ORIENTED_EDGE ( 'NONE', *, *, #978, .F. ) ;
#520 = COLOUR_RGB ( '',1.000000000000000000, 1.000000000000000000, 1.000000000000000000 ) ;
#521 = CARTESIAN_POINT ( 'NONE',  ( -43.00000000000000000, 3.000000000000000000, -26.00000000000000000 ) ) ;
#522 = AXIS2_PLACEMENT_3D ( 'NONE', #1619, #1259, #1038 ) ;
#523 = CARTESIAN_POINT ( 'NONE',  ( -37.00000000000001421, 0.000000000000000000, -19.34999999999999787 ) ) ;
#524 = CARTESIAN_POINT ( 'NONE',  ( -36.82328541323558824, 10.00001200000000168, -19.34999999999999432 ) ) ;
#525 = STYLED_ITEM ( 'NONE', ( #1440 ), #1586 ) ;
#526 = EDGE_CURVE ( 'NONE', #52, #1299, #208, .T. ) ;
#527 =( NAMED_UNIT ( * ) PLANE_ANGLE_UNIT ( ) SI_UNIT ( $, .RADIAN. ) );
#528 = COLOUR_RGB ( '',1.000000000000000000, 1.000000000000000000, 1.000000000000000000 ) ;
#529 = DIRECTION ( 'NONE',  ( 0.000000000000000000, 0.000000000000000000, -1.000000000000000000 ) ) ;
#530 = PLANE ( 'NONE',  #968 ) ;
#531 = AXIS2_PLACEMENT_3D ( 'NONE', #1490, #1142, #1713 ) ;
#532 = ORIENTED_EDGE ( 'NONE', *, *, #1640, .F. ) ;
#533 = ORIENTED_EDGE ( 'NONE', *, *, #1688, .T. ) ;
#534 = FILL_AREA_STYLE_COLOUR ( '', #758 ) ;
#535 = CARTESIAN_POINT ( 'NONE',  ( -37.00000000000001421, 0.000000000000000000, 16.50000000000000000 ) ) ;
#536 = CARTESIAN_POINT ( 'NONE',  ( -35.68513688649778715, 10.00001200000000168, -18.35335964388502461 ) ) ;
#537 = DIRECTION ( 'NONE',  ( -0.000000000000000000, -1.000000000000000000, -0.000000000000000000 ) ) ;
#538 = CARTESIAN_POINT ( 'NONE',  ( -40.50000000000000711, -2.000000000000000000, -24.50000000000000000 ) ) ;
#539 =( LENGTH_UNIT ( ) NAMED_UNIT ( * ) SI_UNIT ( .MILLI., .METRE. ) );
#540 = DIRECTION ( 'NONE',  ( 0.000000000000000000, 1.000000000000000000, 0.000000000000000000 ) ) ;
#541 = ORIENTED_EDGE ( 'NONE', *, *, #74, .T. ) ;
#542 = ADVANCED_FACE ( 'NONE', ( #2217 ), #2055, .T. ) ;
#543 = FILL_AREA_STYLE_COLOUR ( '', #1631 ) ;
#544 =( LENGTH_UNIT ( ) NAMED_UNIT ( * ) SI_UNIT ( .MILLI., .METRE. ) );
#545 = CARTESIAN_POINT ( 'NONE',  ( 42.49999999999999289, 23.00000000000000000, -23.50000000000000000 ) ) ;
#546 = ORIENTED_EDGE ( 'NONE', *, *, #842, .T. ) ;
#547 = LINE ( 'NONE', #1756, #1060 ) ;
#548 = FILL_AREA_STYLE ('',( #2015 ) ) ;
#549 = UNCERTAINTY_MEASURE_WITH_UNIT (LENGTH_MEASURE( 1.000000000000000082E-05 ), #479, 'distance_accuracy_value', 'NONE');
#550 = DIRECTION ( 'NONE',  ( 0.000000000000000000, 1.000000000000000000, 0.000000000000000000 ) ) ;
#551 = ORIENTED_EDGE ( 'NONE', *, *, #290, .F. ) ;
#552 = ORIENTED_EDGE ( 'NONE', *, *, #1227, .F. ) ;
#553 = VECTOR ( 'NONE', #337, 1000.000000000000000 ) ;
#554 = PRESENTATION_LAYER_ASSIGNMENT (  '', '', ( #1581 ) ) ;
#555 = SURFACE_SIDE_STYLE ('',( #898 ) ) ;
#556 = VECTOR ( 'NONE', #1978, 1000.000000000000000 ) ;
#557 = DIRECTION ( 'NONE',  ( 0.000000000000000000, 1.000000000000000000, 0.000000000000000000 ) ) ;
#558 = EDGE_CURVE ( 'NONE', #213, #36, #614, .T. ) ;
#559 = EDGE_CURVE ( 'NONE', #1206, #2070, #973, .T. ) ;
#560 = VECTOR ( 'NONE', #1639, 1000.000000000000000 ) ;
#561 = LINE ( 'NONE', #1842, #1703 ) ;
#562 = PRESENTATION_LAYER_ASSIGNMENT (  '', '', ( #1587 ) ) ;
#563 = DIRECTION ( 'NONE',  ( -0.000000000000000000, -1.000000000000000000, -0.000000000000000000 ) ) ;
#564 = LINE ( 'NONE', #1459, #602 ) ;
#565 = VECTOR ( 'NONE', #220, 1000.000000000000000 ) ;
#566 = CARTESIAN_POINT ( 'NONE',  ( 44.69999999999999574, 9.999999999999998224, -18.00000000000000355 ) ) ;
#567 = CIRCLE ( 'NONE', #1139, 0.7500000000000006661 ) ;
#568 = EDGE_LOOP ( 'NONE', ( #505, #397, #578, #165 ) ) ;
#569 = ORIENTED_EDGE ( 'NONE', *, *, #991, .F. ) ;
#570 = PRESENTATION_LAYER_ASSIGNMENT (  '', '', ( #1295 ) ) ;
#571 = ORIENTED_EDGE ( 'NONE', *, *, #382, .F. ) ;
#572 = EDGE_CURVE ( 'NONE', #2114, #2170, #89, .T. ) ;
#573 = SURFACE_STYLE_USAGE ( .BOTH. , #2020 ) ;
#574 = CARTESIAN_POINT ( 'NONE',  ( -37.35335964388503527, 10.00001200000000168, -16.68513688649777649 ) ) ;
#575 = EDGE_CURVE ( 'NONE', #1749, #1183, #1393, .T. ) ;
#576 = CARTESIAN_POINT ( 'NONE',  ( 28.99999999999999289, 10.00000000000000000, 17.00000000000000000 ) ) ;
#577 = ADVANCED_FACE ( 'NONE', ( #487 ), #2258, .F. ) ;
#578 = ORIENTED_EDGE ( 'NONE', *, *, #1688, .F. ) ;
#579 = CARTESIAN_POINT ( 'NONE',  ( 44.69999999999999574, 11.00000000000000000, 0.000000000000000000 ) ) ;
#580 = DIRECTION ( 'NONE',  ( 1.000000000000000000, 0.000000000000000000, 0.000000000000000000 ) ) ;
#581 = ORIENTED_EDGE ( 'NONE', *, *, #237, .T. ) ;
#582 = PLANE ( 'NONE',  #2113 ) ;
#583 = ORIENTED_EDGE ( 'NONE', *, *, #887, .F. ) ;
#584 = ORIENTED_EDGE ( 'NONE', *, *, #1460, .F. ) ;
#585 = FACE_BOUND ( 'NONE', #883, .T. ) ;
#586 = ORIENTED_EDGE ( 'NONE', *, *, #634, .T. ) ;
#587 = APPLICATION_PROTOCOL_DEFINITION ( 'draft international standard', 'automotive_design', 1998, #1137 ) ;
#588 = DIRECTION ( 'NONE',  ( 0.000000000000000000, -1.000000000000000000, 0.000000000000000000 ) ) ;
#589 = CYLINDRICAL_SURFACE ( 'NONE', #1369, 0.7500000000000006661 ) ;
#590 = CARTESIAN_POINT ( 'NONE',  ( 40.49999999999999289, 0.000000000000000000, -24.50000000000000000 ) ) ;
#591 = ORIENTED_EDGE ( 'NONE', *, *, #690, .F. ) ;
#592 = CARTESIAN_POINT ( 'NONE',  ( -37.00000000000001421, 10.00000600000000084, -16.64999999999999858 ) ) ;
#593 = EDGE_CURVE ( 'NONE', #2239, #627, #81, .T. ) ;
#594 = ORIENTED_EDGE ( 'NONE', *, *, #222, .T. ) ;
#595 = ORIENTED_EDGE ( 'NONE', *, *, #1016, .F. ) ;
#596 = ORIENTED_EDGE ( 'NONE', *, *, #393, .T. ) ;
#597 = PLANE ( 'NONE',  #2189 ) ;
#598 = AXIS2_PLACEMENT_3D ( 'NONE', #325, #873, #146 ) ;
#599 = PRESENTATION_STYLE_ASSIGNMENT (( #377 ) ) ;
#600 = AXIS2_PLACEMENT_3D ( 'NONE', #1074, #133, #1600 ) ;
#601 = DIRECTION ( 'NONE',  ( 0.000000000000000000, 0.000000000000000000, -1.000000000000000000 ) ) ;
#602 = VECTOR ( 'NONE', #1613, 1000.000000000000000 ) ;
#603 = FACE_OUTER_BOUND ( 'NONE', #465, .T. ) ;
#604 = CIRCLE ( 'NONE', #2266, 1.350000000000000533 ) ;
#605 = ADVANCED_FACE ( 'NONE', ( #823, #1384, #1933, #1201, #293 ), #2123, .T. ) ;
#606 = CARTESIAN_POINT ( 'NONE',  ( 45.00000000000000000, 0.000000000000000000, 23.99999999999998934 ) ) ;
#607 = EDGE_CURVE ( 'NONE', #640, #1798, #251, .T. ) ;
#608 = STYLED_ITEM ( 'NONE', ( #1067 ), #1561 ) ;
#609 = ORIENTED_EDGE ( 'NONE', *, *, #856, .F. ) ;
#610 = FILL_AREA_STYLE_COLOUR ( '', #1599 ) ;
#611 = EDGE_LOOP ( 'NONE', ( #1368, #1379, #241, #1682 ) ) ;
#612 = VECTOR ( 'NONE', #119, 1000.000000000000000 ) ;
#613 = CARTESIAN_POINT ( 'NONE',  ( -37.82963807196615846, 10.00001200000000168, 17.57955023723754451 ) ) ;
#614 = LINE ( 'NONE', #1702, #2035 ) ;
#615 = CARTESIAN_POINT ( 'NONE',  ( 40.49999999999999289, -2.000000000000000000, -21.50000000000000000 ) ) ;
#616 = PLANE ( 'NONE',  #2115 ) ;
#617 = CARTESIAN_POINT ( 'NONE',  ( 40.49999999999999289, 0.000000000000000000, 21.50000000000000000 ) ) ;
#618 = DIRECTION ( 'NONE',  ( 0.000000000000000000, 1.000000000000000000, 0.000000000000000000 ) ) ;
#619 = ADVANCED_FACE ( 'NONE', ( #1755 ), #2091, .F. ) ;
#620 = ORIENTED_EDGE ( 'NONE', *, *, #607, .T. ) ;
#621 = EDGE_LOOP ( 'NONE', ( #1488, #944, #1275, #595 ) ) ;
#622 = CARTESIAN_POINT ( 'NONE',  ( 44.50000000000000000, 23.00000000000000355, -2.999999999999988898 ) ) ;
#623 = PRODUCT_DEFINITION ( 'UNKNOWN', '', #1101, #1884 ) ;
#624 = CARTESIAN_POINT ( 'NONE',  ( 28.99999999999999289, 22.50000000000000000, 18.75000000000000000 ) ) ;
#625 = CARTESIAN_POINT ( 'NONE',  ( -40.50000000000000000, -2.000000000000000000, 24.50000000000000000 ) ) ;
#626 = ORIENTED_EDGE ( 'NONE', *, *, #1882, .F. ) ;
#627 = VERTEX_POINT ( 'NONE', #463 ) ;
#628 = DIRECTION ( 'NONE',  ( 0.000000000000000000, 0.000000000000000000, 1.000000000000000000 ) ) ;
#629 = CARTESIAN_POINT ( 'NONE',  ( -37.17671458676444729, 10.00001200000000168, 17.84999999999999787 ) ) ;
#630 =( NAMED_UNIT ( * ) SI_UNIT ( $, .STERADIAN. ) SOLID_ANGLE_UNIT ( ) );
#631 = CLOSED_SHELL ( 'NONE', ( #2117, #651, #63, #737, #495, #1735, #1316, #1170, #2329, #1591, #202, #427, #1435, #605, #1407, #725, #140, #1342, #1121, #305, #1944, #619, #750, #906, #122, #1915, #1951, #1046, #820, #2242, #1213, #1535, #1496, #1930, #1754, #1903, #951, #184, #1595, #1561, #1545, #1354, #111, #577, #2171, #1586, #171, #542, #2254, #365, #1304, #1047, #1416, #1478, #1819, #97, #2008, #1668, #1747, #1069 ) ) ;
#632 = CARTESIAN_POINT ( 'NONE',  ( 42.49999999999999289, 3.000000000000000000, -25.50000000000000000 ) ) ;
#633 = MECHANICAL_DESIGN_GEOMETRIC_PRESENTATION_REPRESENTATION (  '', ( #1514 ), #1243 ) ;
#634 = EDGE_CURVE ( 'NONE', #681, #1257, #271, .T. ) ;
#635 = EDGE_CURVE ( 'NONE', #1463, #399, #834, .T. ) ;
#636 = CARTESIAN_POINT ( 'NONE',  ( -42.00000000000000000, 23.00000000000000000, 6.335511825306601778E-15 ) ) ;
#637 = VECTOR ( 'NONE', #1247, 1000.000000000000000 ) ;
#638 = DIRECTION ( 'NONE',  ( 0.000000000000000000, 1.000000000000000000, 0.000000000000000000 ) ) ;
#639 =( GEOMETRIC_REPRESENTATION_CONTEXT ( 3 ) GLOBAL_UNCERTAINTY_ASSIGNED_CONTEXT ( ( #299 ) ) GLOBAL_UNIT_ASSIGNED_CONTEXT ( ( #1063, #1433, #1265 ) ) REPRESENTATION_CONTEXT ( 'NONE', 'WORKASPACE' ) );
#640 = VERTEX_POINT ( 'NONE', #999 ) ;
#641 = VERTEX_POINT ( 'NONE', #2277 ) ;
#642 = CARTESIAN_POINT ( 'NONE',  ( 44.69999999999999574, 3.000000000000000000, -18.00000000000000355 ) ) ;
#643 = AXIS2_PLACEMENT_3D ( 'NONE', #803, #959, #1693 ) ;
#644 = ORIENTED_EDGE ( 'NONE', *, *, #2135, .F. ) ;
#645 = DIRECTION ( 'NONE',  ( 0.000000000000000000, 0.000000000000000000, 1.000000000000000000 ) ) ;
#646 = MECHANICAL_DESIGN_GEOMETRIC_PRESENTATION_REPRESENTATION (  '', ( #371 ), #1739 ) ;
#647 = SURFACE_STYLE_USAGE ( .BOTH. , #2299 ) ;
#648 = AXIS2_PLACEMENT_3D ( 'NONE', #190, #1251, #1231 ) ;
#649 = DIRECTION ( 'NONE',  ( -0.000000000000000000, 0.000000000000000000, -1.000000000000000000 ) ) ;
#650 = STYLED_ITEM ( 'NONE', ( #1375 ), #1951 ) ;
#651 = ADVANCED_FACE ( 'NONE', ( #1746 ), #1570, .F. ) ;
#652 = DIRECTION ( 'NONE',  ( 0.000000000000000000, -0.000000000000000000, 1.000000000000000000 ) ) ;
#653 = EDGE_CURVE ( 'NONE', #367, #2068, #2148, .T. ) ;
#654 = EDGE_CURVE ( 'NONE', #1321, #1799, #508, .T. ) ;
#655 = SURFACE_STYLE_USAGE ( .BOTH. , #1726 ) ;
#656 = VERTEX_POINT ( 'NONE', #523 ) ;
#657 = ORIENTED_EDGE ( 'NONE', *, *, #2288, .T. ) ;
#658 = FACE_OUTER_BOUND ( 'NONE', #1283, .T. ) ;
#659 = CARTESIAN_POINT ( 'NONE',  ( 41.99999999999999289, 23.00000000000000000, 0.000000000000000000 ) ) ;
#660 = DIRECTION ( 'NONE',  ( 1.508455196501571676E-16, 0.000000000000000000, 1.000000000000000000 ) ) ;
#661 = SURFACE_STYLE_FILL_AREA ( #674 ) ;
#662 = VERTEX_POINT ( 'NONE', #2320 ) ;
#663 = PRESENTATION_STYLE_ASSIGNMENT (( #1589 ) ) ;
#664 = EDGE_CURVE ( 'NONE', #1052, #155, #1241, .T. ) ;
#665 = ORIENTED_EDGE ( 'NONE', *, *, #1710, .T. ) ;
#666 = CARTESIAN_POINT ( 'NONE',  ( -40.50000000000000711, -2.000000000000000000, 21.50000000000000000 ) ) ;
#667 = ORIENTED_EDGE ( 'NONE', *, *, #593, .T. ) ;
#668 = UNCERTAINTY_MEASURE_WITH_UNIT (LENGTH_MEASURE( 1.000000000000000082E-05 ), #544, 'distance_accuracy_value', 'NONE');
#669 = ORIENTED_EDGE ( 'NONE', *, *, #991, .T. ) ;
#670 = FILL_AREA_STYLE ('',( #1745 ) ) ;
#671 = PRESENTATION_STYLE_ASSIGNMENT (( #1072 ) ) ;
#672 =( LENGTH_UNIT ( ) NAMED_UNIT ( * ) SI_UNIT ( .MILLI., .METRE. ) );
#673 = DIRECTION ( 'NONE',  ( -0.000000000000000000, 1.000000000000000000, -0.000000000000000000 ) ) ;
#674 = FILL_AREA_STYLE ('',( #2279 ) ) ;
#675 = VECTOR ( 'NONE', #1429, 1000.000000000000000 ) ;
#676 = ORIENTED_EDGE ( 'NONE', *, *, #1028, .T. ) ;
#677 =( GEOMETRIC_REPRESENTATION_CONTEXT ( 3 ) GLOBAL_UNCERTAINTY_ASSIGNED_CONTEXT ( ( #1210 ) ) GLOBAL_UNIT_ASSIGNED_CONTEXT ( ( #672, #1029, #303 ) ) REPRESENTATION_CONTEXT ( 'NONE', 'WORKASPACE' ) );
#678 = PLANE ( 'NONE',  #1762 ) ;
#679 = DIRECTION ( 'NONE',  ( -1.000000000000000000, -0.000000000000000000, -0.000000000000000000 ) ) ;
#680 = VECTOR ( 'NONE', #1736, 1000.000000000000000 ) ;
#681 = VERTEX_POINT ( 'NONE', #1058 ) ;
#682 = DIRECTION ( 'NONE',  ( 0.000000000000000000, 0.000000000000000000, -1.000000000000000000 ) ) ;
#683 = CIRCLE ( 'NONE', #33, 2.999999999999999112 ) ;
#684 = DIRECTION ( 'NONE',  ( 0.000000000000000000, 1.000000000000000000, 0.000000000000000000 ) ) ;
#685 = AXIS2_PLACEMENT_3D ( 'NONE', #977, #618, #2025 ) ;
#686 = CARTESIAN_POINT ( 'NONE',  ( -37.00000000000001421, 10.00000600000000084, -19.34999999999999787 ) ) ;
#687 = VECTOR ( 'NONE', #1451, 1000.000000000000000 ) ;
#688 = PLANE ( 'NONE',  #2352 ) ;
#689 = ORIENTED_EDGE ( 'NONE', *, *, #808, .F. ) ;
#690 = EDGE_CURVE ( 'NONE', #765, #213, #1666, .T. ) ;
#691 =( NAMED_UNIT ( * ) SI_UNIT ( $, .STERADIAN. ) SOLID_ANGLE_UNIT ( ) );
#692 = ORIENTED_EDGE ( 'NONE', *, *, #2012, .F. ) ;
#693 = DIRECTION ( 'NONE',  ( 0.000000000000000000, 1.000000000000000000, 0.000000000000000000 ) ) ;
#694 = EDGE_CURVE ( 'NONE', #956, #1105, #1623, .T. ) ;
#695 = CYLINDRICAL_SURFACE ( 'NONE', #522, 1.999999999999998224 ) ;
#696 = PRESENTATION_STYLE_ASSIGNMENT (( #729 ) ) ;
#697 = DIRECTION ( 'NONE',  ( -0.000000000000000000, 1.000000000000000000, -0.000000000000000000 ) ) ;
#698 = CARTESIAN_POINT ( 'NONE',  ( 40.49999999999999289, -2.000000000000000000, 21.50000000000000000 ) ) ;
#699 = DIRECTION ( 'NONE',  ( 1.000000000000000000, 0.000000000000000000, 0.000000000000000000 ) ) ;
#700 = CARTESIAN_POINT ( 'NONE',  ( 0.000000000000000000, 23.00000000000000000, -23.00000000000000000 ) ) ;
#701 = FACE_OUTER_BOUND ( 'NONE', #145, .T. ) ;
#702 = PLANE ( 'NONE',  #2006 ) ;
#703 = ORIENTED_EDGE ( 'NONE', *, *, #1913, .F. ) ;
#704 = EDGE_LOOP ( 'NONE', ( #993, #929, #785, #296 ) ) ;
#705 = CARTESIAN_POINT ( 'NONE',  ( -42.00000000000000000, 23.00000000000000000, 6.335511825306601778E-15 ) ) ;
#706 = UNCERTAINTY_MEASURE_WITH_UNIT (LENGTH_MEASURE( 1.000000000000000082E-05 ), #4, 'distance_accuracy_value', 'NONE');
#707 = EDGE_CURVE ( 'NONE', #11, #2046, #1357, .T. ) ;
#708 = DIRECTION ( 'NONE',  ( -1.000000000000000000, 0.000000000000000000, 0.000000000000000000 ) ) ;
#709 = CARTESIAN_POINT ( 'NONE',  ( -37.00000000000001421, 3.000000000000000000, 16.50000000000000000 ) ) ;
#710 = CYLINDRICAL_SURFACE ( 'NONE', #1323, 1.350000000000000533 ) ;
#711 = COLOUR_RGB ( '',1.000000000000000000, 1.000000000000000000, 1.000000000000000000 ) ;
#712 = SURFACE_STYLE_USAGE ( .BOTH. , #372 ) ;
#713 = DIRECTION ( 'NONE',  ( 1.000000000000000000, 0.000000000000000000, -0.000000000000000000 ) ) ;
#714 = VECTOR ( 'NONE', #330, 1000.000000000000000 ) ;
#715 = SURFACE_STYLE_USAGE ( .BOTH. , #1616 ) ;
#716 = ORIENTED_EDGE ( 'NONE', *, *, #290, .T. ) ;
#717 = ORIENTED_EDGE ( 'NONE', *, *, #350, .T. ) ;
#718 = VECTOR ( 'NONE', #509, 1000.000000000000000 ) ;
#719 = PLANE ( 'NONE',  #794 ) ;
#720 = COLOUR_RGB ( '',0.1019607843137254888, 0.1019607843137254888, 0.1019607843137254888 ) ;
#721 = SURFACE_STYLE_FILL_AREA ( #1946 ) ;
#722 = COLOUR_RGB ( '',1.000000000000000000, 1.000000000000000000, 1.000000000000000000 ) ;
#723 = DIRECTION ( 'NONE',  ( 0.000000000000000000, -1.000000000000000000, -6.505213034913026604E-16 ) ) ;
#724 = DIRECTION ( 'NONE',  ( -0.000000000000000000, -1.000000000000000000, -0.000000000000000000 ) ) ;
#725 = ADVANCED_FACE ( 'NONE', ( #864 ), #1792, .T. ) ;
#726 = FACE_OUTER_BOUND ( 'NONE', #492, .T. ) ;
#727 = CARTESIAN_POINT ( 'NONE',  ( 43.00000000000000000, 0.000000000000000000, -24.00000000000000000 ) ) ;
#728 = VERTEX_POINT ( 'NONE', #1430 ) ;
#729 = SURFACE_STYLE_USAGE ( .BOTH. , #2341 ) ;
#730 = CARTESIAN_POINT ( 'NONE',  ( 44.69999999999999574, 0.000000000000000000, 0.000000000000000000 ) ) ;
#731 = ORIENTED_EDGE ( 'NONE', *, *, #1832, .T. ) ;
#732 = FACE_OUTER_BOUND ( 'NONE', #2071, .T. ) ;
#733 = DIRECTION ( 'NONE',  ( 0.000000000000000000, -0.000000000000000000, 1.000000000000000000 ) ) ;
#734 = DIRECTION ( 'NONE',  ( 0.000000000000000000, 0.000000000000000000, 1.000000000000000000 ) ) ;
#735 = EDGE_LOOP ( 'NONE', ( #1333, #56, #2005, #1880 ) ) ;
#736 = ORIENTED_EDGE ( 'NONE', *, *, #1902, .T. ) ;
#737 = ADVANCED_FACE ( 'NONE', ( #1040 ), #1764, .T. ) ;
#738 = EDGE_CURVE ( 'NONE', #2070, #2338, #1294, .T. ) ;
#739 = SURFACE_STYLE_USAGE ( .BOTH. , #555 ) ;
#740 = DIRECTION ( 'NONE',  ( -1.508455196501571676E-16, 0.000000000000000000, -1.000000000000000000 ) ) ;
#741 = CARTESIAN_POINT ( 'NONE',  ( -36.64664035611497894, 10.00001200000000168, 15.18513688649777471 ) ) ;
#742 = CARTESIAN_POINT ( 'NONE',  ( 40.49999999999999289, -2.000000000000000000, -24.50000000000000000 ) ) ;
#743 = DIRECTION ( 'NONE',  ( -0.000000000000000000, 1.000000000000000000, 0.000000000000000000 ) ) ;
#744 = UNCERTAINTY_MEASURE_WITH_UNIT (LENGTH_MEASURE( 1.000000000000000082E-05 ), #768, 'distance_accuracy_value', 'NONE');
#745 = EDGE_CURVE ( 'NONE', #2141, #349, #188, .T. ) ;
#746 = LINE ( 'NONE', #1340, #414 ) ;
#747 = VERTEX_POINT ( 'NONE', #1806 ) ;
#748 = VERTEX_POINT ( 'NONE', #698 ) ;
#749 = CIRCLE ( 'NONE', #206, 2.999999999999999112 ) ;
#750 = ADVANCED_FACE ( 'NONE', ( #1783 ), #710, .F. ) ;
#751 = VERTEX_POINT ( 'NONE', #1421 ) ;
#752 = CARTESIAN_POINT ( 'NONE',  ( -42.50000000000000711, 23.00000000000000000, 23.50000000000000000 ) ) ;
#753 = EDGE_CURVE ( 'NONE', #349, #1105, #1452, .T. ) ;
#754 = VECTOR ( 'NONE', #100, 1000.000000000000000 ) ;
#755 = CARTESIAN_POINT ( 'NONE',  ( -38.07955023723756227, 10.00001200000000168, -17.17036192803386996 ) ) ;
#756 = VECTOR ( 'NONE', #1989, 1000.000000000000000 ) ;
#757 = PLANE ( 'NONE',  #1548 ) ;
#758 = COLOUR_RGB ( '',0.1019607843137254888, 0.1019607843137254888, 0.1019607843137254888 ) ;
#759 = DIRECTION ( 'NONE',  ( 0.000000000000000000, 1.000000000000000000, 0.000000000000000000 ) ) ;
#760 = LINE ( 'NONE', #228, #1931 ) ;
#761 =( GEOMETRIC_REPRESENTATION_CONTEXT ( 3 ) GLOBAL_UNCERTAINTY_ASSIGNED_CONTEXT ( ( #744 ) ) GLOBAL_UNIT_ASSIGNED_CONTEXT ( ( #768, #1287, #1855 ) ) REPRESENTATION_CONTEXT ( 'NONE', 'WORKASPACE' ) );
#762 = VERTEX_POINT ( 'NONE', #867 ) ;
#763 = FILL_AREA_STYLE_COLOUR ( '', #722 ) ;
#764 = ORIENTED_EDGE ( 'NONE', *, *, #635, .T. ) ;
#765 = VERTEX_POINT ( 'NONE', #1602 ) ;
#766 = VECTOR ( 'NONE', #1432, 1000.000000000000000 ) ;
#767 = ORIENTED_EDGE ( 'NONE', *, *, #1766, .T. ) ;
#768 =( LENGTH_UNIT ( ) NAMED_UNIT ( * ) SI_UNIT ( .MILLI., .METRE. ) );
#769 = FILL_AREA_STYLE_COLOUR ( '', #210 ) ;
#770 = DIRECTION ( 'NONE',  ( 0.000000000000000000, 0.000000000000000000, 1.000000000000000000 ) ) ;
#771 = SURFACE_STYLE_FILL_AREA ( #53 ) ;
#772 = CARTESIAN_POINT ( 'NONE',  ( 28.99999999999999289, 22.50000000000000000, 19.50000000000000000 ) ) ;
#773 = ORIENTED_EDGE ( 'NONE', *, *, #158, .F. ) ;
#774 = LINE ( 'NONE', #240, #2080 ) ;
#775 = VERTEX_POINT ( 'NONE', #2000 ) ;
#776 = PRESENTATION_STYLE_ASSIGNMENT (( #805 ) ) ;
#777 = ORIENTED_EDGE ( 'NONE', *, *, #842, .F. ) ;
#778 = CARTESIAN_POINT ( 'NONE',  ( -38.31486311350224128, 10.00001200000000168, -17.64664035611497184 ) ) ;
#779 = DIRECTION ( 'NONE',  ( -1.000000000000000000, 0.000000000000000000, 0.000000000000000000 ) ) ;
#780 = EDGE_CURVE ( 'NONE', #193, #1890, #2346, .T. ) ;
#781 = EDGE_CURVE ( 'NONE', #1095, #662, #1273, .T. ) ;
#782 = FILL_AREA_STYLE_COLOUR ( '', #520 ) ;
#783 = ORIENTED_EDGE ( 'NONE', *, *, #994, .T. ) ;
#784 = DIRECTION ( 'NONE',  ( 0.000000000000000000, -1.000000000000000000, 0.000000000000000000 ) ) ;
#785 = ORIENTED_EDGE ( 'NONE', *, *, #694, .F. ) ;
#786 = CARTESIAN_POINT ( 'NONE',  ( -37.17671458676444729, 10.00001200000000168, 15.15000000000000391 ) ) ;
#787 = CARTESIAN_POINT ( 'NONE',  ( -37.67988562350072357, 10.00001200000000168, -16.82038837572175183 ) ) ;
#788 = FACE_OUTER_BOUND ( 'NONE', #1982, .T. ) ;
#789 = AXIS2_PLACEMENT_3D ( 'NONE', #636, #2079, #660 ) ;
#790 = EDGE_CURVE ( 'NONE', #2099, #1052, #1966, .T. ) ;
#791 = LINE ( 'NONE', #1875, #2011 ) ;
#792 = MECHANICAL_DESIGN_GEOMETRIC_PRESENTATION_REPRESENTATION (  '', ( #1807 ), #2002 ) ;
#793 = SURFACE_SIDE_STYLE ('',( #60 ) ) ;
#794 = AXIS2_PLACEMENT_3D ( 'NONE', #1445, #129, #861 ) ;
#795 = LINE ( 'NONE', #1111, #1860 ) ;
#796 = EDGE_CURVE ( 'NONE', #1463, #1836, #938, .T. ) ;
#797 = VERTEX_POINT ( 'NONE', #1468 ) ;
#798 = AXIS2_PLACEMENT_3D ( 'NONE', #1410, #908, #1064 ) ;
#799 = ORIENTED_EDGE ( 'NONE', *, *, #2081, .F. ) ;
#800 = VECTOR ( 'NONE', #1988, 1000.000000000000000 ) ;
#801 = CARTESIAN_POINT ( 'NONE',  ( 41.99999999999999289, 23.00000000000000000, 23.00000000000000000 ) ) ;
#802 = CARTESIAN_POINT ( 'NONE',  ( -37.82963807196615136, 10.00001200000000168, -19.07955023723754451 ) ) ;
#803 = CARTESIAN_POINT ( 'NONE',  ( 42.49999999999999289, 2.999999999999999112, -23.50000000000000000 ) ) ;
#804 = ORIENTED_EDGE ( 'NONE', *, *, #817, .F. ) ;
#805 = SURFACE_STYLE_USAGE ( .BOTH. , #1868 ) ;
#806 = DIRECTION ( 'NONE',  ( 0.000000000000000000, 1.000000000000000000, 0.000000000000000000 ) ) ;
#807 = EDGE_CURVE ( 'NONE', #921, #1299, #511, .T. ) ;
#808 = EDGE_CURVE ( 'NONE', #115, #424, #1968, .T. ) ;
#809 = SURFACE_SIDE_STYLE ('',( #1917 ) ) ;
#810 = DIRECTION ( 'NONE',  ( 1.000000000000000000, -0.000000000000000000, 0.000000000000000000 ) ) ;
#811 = FACE_OUTER_BOUND ( 'NONE', #1760, .T. ) ;
#812 = ORIENTED_EDGE ( 'NONE', *, *, #466, .F. ) ;
#813 = EDGE_CURVE ( 'NONE', #751, #1104, #2152, .T. ) ;
#814 = ORIENTED_EDGE ( 'NONE', *, *, #835, .T. ) ;
#815 = LINE ( 'NONE', #434, #928 ) ;
#816 = LINE ( 'NONE', #622, #1590 ) ;
#817 = EDGE_CURVE ( 'NONE', #775, #367, #564, .T. ) ;
#818 = CARTESIAN_POINT ( 'NONE',  ( -37.00000000000001421, 0.000000000000000000, 15.15000000000000213 ) ) ;
#819 = AXIS2_PLACEMENT_3D ( 'NONE', #1810, #1035, #2336 ) ;
#820 = ADVANCED_FACE ( 'NONE', ( #2183 ), #1795, .T. ) ;
#821 = DIRECTION ( 'NONE',  ( 0.000000000000000000, -0.000000000000000000, 1.000000000000000000 ) ) ;
#822 = CIRCLE ( 'NONE', #2145, 2.500000000000002220 ) ;
#823 = FACE_BOUND ( 'NONE', #2191, .T. ) ;
#824 = STYLED_ITEM ( 'NONE', ( #599 ), #542 ) ;
#825 = AXIS2_PLACEMENT_3D ( 'NONE', #917, #2167, #355 ) ;
#826 = EDGE_LOOP ( 'NONE', ( #143, #2004, #1906, #1940 ) ) ;
#827 = EDGE_LOOP ( 'NONE', ( #2290, #1300 ) ) ;
#828 = LINE ( 'NONE', #1154, #829 ) ;
#829 = VECTOR ( 'NONE', #2216, 1000.000000000000000 ) ;
#830 = FILL_AREA_STYLE_COLOUR ( '', #711 ) ;
#831 = COLOUR_RGB ( '',0.1019607843137254888, 0.1019607843137254888, 0.1019607843137254888 ) ;
#832 = LINE ( 'NONE', #2090, #1738 ) ;
#833 = MECHANICAL_DESIGN_GEOMETRIC_PRESENTATION_REPRESENTATION (  '', ( #650 ), #335 ) ;
#834 = LINE ( 'NONE', #1560, #406 ) ;
#835 = EDGE_CURVE ( 'NONE', #57, #884, #2220, .T. ) ;
#836 = DIRECTION ( 'NONE',  ( 1.000000000000000000, -0.000000000000000000, 0.000000000000000000 ) ) ;
#837 = ORIENTED_EDGE ( 'NONE', *, *, #1694, .T. ) ;
#838 = ORIENTED_EDGE ( 'NONE', *, *, #35, .T. ) ;
#839 = DIRECTION ( 'NONE',  ( 1.000000000000000000, 0.000000000000000000, -0.000000000000000000 ) ) ;
#840 = CARTESIAN_POINT ( 'NONE',  ( 44.69999999999999574, 3.000000000000000000, -4.000000000000001776 ) ) ;
#841 = PLANE ( 'NONE',  #253 ) ;
#842 = EDGE_CURVE ( 'NONE', #1851, #1528, #250, .T. ) ;
#843 = LINE ( 'NONE', #1023, #1814 ) ;
#844 = VERTEX_POINT ( 'NONE', #2198 ) ;
#845 = VERTEX_POINT ( 'NONE', #1678 ) ;
#846 = CARTESIAN_POINT ( 'NONE',  ( 0.000000000000000000, 23.00000000000000000, 25.50000000000000000 ) ) ;
#847 = UNCERTAINTY_MEASURE_WITH_UNIT (LENGTH_MEASURE( 1.000000000000000082E-05 ), #1232, 'distance_accuracy_value', 'NONE');
#848 = ORIENTED_EDGE ( 'NONE', *, *, #1663, .F. ) ;
#849 = DIRECTION ( 'NONE',  ( -1.000000000000000000, 0.000000000000000000, 0.000000000000000000 ) ) ;
#850 = DIRECTION ( 'NONE',  ( 0.000000000000000000, 1.000000000000000000, 0.000000000000000000 ) ) ;
#851 = CIRCLE ( 'NONE', #2259, 2.000000000000001776 ) ;
#852 = EDGE_CURVE ( 'NONE', #1671, #946, #42, .T. ) ;
#853 = CARTESIAN_POINT ( 'NONE',  ( -37.00000000000001421, 10.00000000000000000, 19.00000000000000355 ) ) ;
#854 = AXIS2_PLACEMENT_3D ( 'NONE', #1608, #693, #1415 ) ;
#855 = EDGE_LOOP ( 'NONE', ( #341, #474, #1974, #311 ) ) ;
#856 = EDGE_CURVE ( 'NONE', #457, #2099, #2048, .T. ) ;
#857 = COLOUR_RGB ( '',1.000000000000000000, 1.000000000000000000, 1.000000000000000000 ) ;
#858 = ORIENTED_EDGE ( 'NONE', *, *, #1065, .T. ) ;
#859 = DIRECTION ( 'NONE',  ( 0.000000000000000000, 0.000000000000000000, 1.000000000000000000 ) ) ;
#860 = PRESENTATION_LAYER_ASSIGNMENT (  '', '', ( #2154 ) ) ;
#861 = DIRECTION ( 'NONE',  ( -0.000000000000000000, 0.000000000000000000, -1.000000000000000000 ) ) ;
#862 = CIRCLE ( 'NONE', #1015, 2.999999999999999112 ) ;
#863 =( NAMED_UNIT ( * ) PLANE_ANGLE_UNIT ( ) SI_UNIT ( $, .RADIAN. ) );
#864 = FACE_OUTER_BOUND ( 'NONE', #218, .T. ) ;
#865 = LINE ( 'NONE', #1242, #28 ) ;
#866 = DIRECTION ( 'NONE',  ( 0.000000000000000000, 0.000000000000000000, 1.000000000000000000 ) ) ;
#867 = CARTESIAN_POINT ( 'NONE',  ( -37.00000000000001421, 10.00000000000000000, 13.99999999999999822 ) ) ;
#868 = DIRECTION ( 'NONE',  ( 0.000000000000000000, 0.000000000000000000, 1.000000000000000000 ) ) ;
#869 = DIRECTION ( 'NONE',  ( 0.000000000000000000, -2.478176394252580648E-16, 1.000000000000000000 ) ) ;
#870 = DIRECTION ( 'NONE',  ( -1.000000000000000000, 0.000000000000000000, 0.000000000000000000 ) ) ;
#871 = ORIENTED_EDGE ( 'NONE', *, *, #1167, .F. ) ;
#872 = ORIENTED_EDGE ( 'NONE', *, *, #813, .F. ) ;
#873 = DIRECTION ( 'NONE',  ( 0.000000000000000000, 1.000000000000000000, 0.000000000000000000 ) ) ;
#874 = CARTESIAN_POINT ( 'NONE',  ( -43.00000000000000000, 3.000000000000000000, -24.00000000000000000 ) ) ;
#875 = PRESENTATION_STYLE_ASSIGNMENT (( #2164 ) ) ;
#876 = PRODUCT_DEFINITION_SHAPE ( 'NONE', 'NONE',  #623 ) ;
#877 = DIRECTION ( 'NONE',  ( 0.000000000000000000, 0.000000000000000000, -1.000000000000000000 ) ) ;
#878 = LINE ( 'NONE', #2111, #1670 ) ;
#879 = DIRECTION ( 'NONE',  ( 1.000000000000000000, 0.000000000000000000, -0.000000000000000000 ) ) ;
#880 = FILL_AREA_STYLE ('',( #151 ) ) ;
#881 = DIRECTION ( 'NONE',  ( 0.000000000000000000, -1.000000000000000000, -6.195440985631455317E-16 ) ) ;
#882 = SURFACE_STYLE_FILL_AREA ( #2337 ) ;
#883 = EDGE_LOOP ( 'NONE', ( #230, #2161 ) ) ;
#884 = VERTEX_POINT ( 'NONE', #2057 ) ;
#885 = SURFACE_STYLE_FILL_AREA ( #1569 ) ;
#886 = DIRECTION ( 'NONE',  ( 0.000000000000000000, -1.000000000000000000, 0.000000000000000000 ) ) ;
#887 = EDGE_CURVE ( 'NONE', #656, #797, #760, .T. ) ;
#888 = CARTESIAN_POINT ( 'NONE',  ( -37.00000000000001421, 10.00000000000000000, 16.50000000000000000 ) ) ;
#889 = CARTESIAN_POINT ( 'NONE',  ( -35.65000000000000568, 10.00001200000000168, -18.17671458676442597 ) ) ;
#890 = CARTESIAN_POINT ( 'NONE',  ( -44.50000000000001421, 23.00000000000000000, 0.000000000000000000 ) ) ;
#891 = DIRECTION ( 'NONE',  ( -0.000000000000000000, -1.000000000000000000, -0.000000000000000000 ) ) ;
#892 = AXIS2_PLACEMENT_3D ( 'NONE', #1179, #301, #682 ) ;
#893 = AXIS2_PLACEMENT_3D ( 'NONE', #289, #1382, #1017 ) ;
#894 = PLANE ( 'NONE',  #798 ) ;
#895 = VECTOR ( 'NONE', #16, 1000.000000000000000 ) ;
#896 = ORIENTED_EDGE ( 'NONE', *, *, #75, .T. ) ;
#897 = PRESENTATION_LAYER_ASSIGNMENT (  '', '', ( #2342 ) ) ;
#898 = SURFACE_STYLE_FILL_AREA ( #1475 ) ;
#899 = CARTESIAN_POINT ( 'NONE',  ( 44.50000000000000000, 11.00000000000000000, -2.999999999999996447 ) ) ;
#900 = VECTOR ( 'NONE', #679, 1000.000000000000000 ) ;
#901 = CARTESIAN_POINT ( 'NONE',  ( -35.92044976276246615, 10.00001200000000168, 17.32963807196614070 ) ) ;
#902 = ORIENTED_EDGE ( 'NONE', *, *, #2096, .T. ) ;
#903 = MECHANICAL_DESIGN_GEOMETRIC_PRESENTATION_REPRESENTATION (  '', ( #1403 ), #486 ) ;
#904 = DIRECTION ( 'NONE',  ( 0.000000000000000000, 0.000000000000000000, 1.000000000000000000 ) ) ;
#905 = VECTOR ( 'NONE', #537, 1000.000000000000000 ) ;
#906 = ADVANCED_FACE ( 'NONE', ( #603 ), #962, .T. ) ;
#907 = STYLED_ITEM ( 'NONE', ( #1332 ), #2254 ) ;
#908 = DIRECTION ( 'NONE',  ( -0.000000000000000000, 1.000000000000000000, 0.000000000000000000 ) ) ;
#909 = LINE ( 'NONE', #2324, #1315 ) ;
#910 = ORIENTED_EDGE ( 'NONE', *, *, #314, .F. ) ;
#911 = PRESENTATION_STYLE_ASSIGNMENT (( #573 ) ) ;
#912 = DIRECTION ( 'NONE',  ( 0.000000000000000000, 1.000000000000000000, 0.000000000000000000 ) ) ;
#913 = CARTESIAN_POINT ( 'NONE',  ( -35.65000000000000568, 10.00001200000000168, 16.32328541323557758 ) ) ;
#914 = ORIENTED_EDGE ( 'NONE', *, *, #1493, .T. ) ;
#915 = EDGE_CURVE ( 'NONE', #1671, #155, #239, .T. ) ;
#916 = DIRECTION ( 'NONE',  ( 0.000000000000000000, -0.000000000000000000, 1.000000000000000000 ) ) ;
#917 = CARTESIAN_POINT ( 'NONE',  ( 40.49999999999998579, -2.000000000000000000, 21.50000000000000000 ) ) ;
#918 = DIRECTION ( 'NONE',  ( 0.000000000000000000, 0.000000000000000000, -1.000000000000000000 ) ) ;
#919 = ORIENTED_EDGE ( 'NONE', *, *, #2153, .T. ) ;
#920 = EDGE_LOOP ( 'NONE', ( #254, #1607, #2031, #692 ) ) ;
#921 = VERTEX_POINT ( 'NONE', #198 ) ;
#922 = CARTESIAN_POINT ( 'NONE',  ( -37.00000000000001421, 10.00000600000000084, -19.34999999999999787 ) ) ;
#923 = CARTESIAN_POINT ( 'NONE',  ( 41.99999999999999289, 23.00000000000000000, -23.00000000000000000 ) ) ;
#924 =( NAMED_UNIT ( * ) PLANE_ANGLE_UNIT ( ) SI_UNIT ( $, .RADIAN. ) );
#925 = UNCERTAINTY_MEASURE_WITH_UNIT (LENGTH_MEASURE( 1.000000000000000082E-05 ), #2122, 'distance_accuracy_value', 'NONE');
#926 = ORIENTED_EDGE ( 'NONE', *, *, #1622, .F. ) ;
#927 = DIRECTION ( 'NONE',  ( 0.000000000000000000, 0.000000000000000000, -1.000000000000000000 ) ) ;
#928 = VECTOR ( 'NONE', #1176, 1000.000000000000000 ) ;
#929 = ORIENTED_EDGE ( 'NONE', *, *, #753, .T. ) ;
#930 = ORIENTED_EDGE ( 'NONE', *, *, #2190, .F. ) ;
#931 = AXIS2_PLACEMENT_3D ( 'NONE', #496, #1950, #859 ) ;
#932 = FACE_BOUND ( 'NONE', #31, .T. ) ;
#933 = MECHANICAL_DESIGN_GEOMETRIC_PRESENTATION_REPRESENTATION (  '', ( #824 ), #1166 ) ;
#934 = ORIENTED_EDGE ( 'NONE', *, *, #1493, .F. ) ;
#935 = PLANE ( 'NONE',  #1326 ) ;
#936 = AXIS2_PLACEMENT_3D ( 'NONE', #1302, #69, #2042 ) ;
#937 = DIRECTION ( 'NONE',  ( 0.000000000000000000, 0.000000000000000000, -1.000000000000000000 ) ) ;
#938 = CIRCLE ( 'NONE', #1396, 2.000000000000001776 ) ;
#939 = SURFACE_STYLE_USAGE ( .BOTH. , #1636 ) ;
#940 = MECHANICAL_DESIGN_GEOMETRIC_PRESENTATION_REPRESENTATION (  '', ( #1587 ), #2226 ) ;
#941 = LINE ( 'NONE', #579, #418 ) ;
#942 = CARTESIAN_POINT ( 'NONE',  ( -43.50000000000000711, 0.000000000000000000, 24.50000000000000000 ) ) ;
#943 = PRESENTATION_LAYER_ASSIGNMENT (  '', '', ( #608 ) ) ;
#944 = ORIENTED_EDGE ( 'NONE', *, *, #1248, .F. ) ;
#945 = DIRECTION ( 'NONE',  ( 0.000000000000000000, 1.000000000000000000, -0.000000000000000000 ) ) ;
#946 = VERTEX_POINT ( 'NONE', #2245 ) ;
#947 = FACE_OUTER_BOUND ( 'NONE', #1068, .T. ) ;
#948 =( GEOMETRIC_REPRESENTATION_CONTEXT ( 3 ) GLOBAL_UNCERTAINTY_ASSIGNED_CONTEXT ( ( #1164 ) ) GLOBAL_UNIT_ASSIGNED_CONTEXT ( ( #1769, #137, #1434 ) ) REPRESENTATION_CONTEXT ( 'NONE', 'WORKASPACE' ) );
#949 = ORIENTED_EDGE ( 'NONE', *, *, #835, .F. ) ;
#950 = DIRECTION ( 'NONE',  ( 0.000000000000000000, 0.000000000000000000, 1.000000000000000000 ) ) ;
#951 = ADVANCED_FACE ( 'NONE', ( #1696 ), #1534, .T. ) ;
#952 = FACE_OUTER_BOUND ( 'NONE', #445, .T. ) ;
#953 = FACE_OUTER_BOUND ( 'NONE', #1285, .T. ) ;
#954 = ORIENTED_EDGE ( 'NONE', *, *, #2241, .T. ) ;
#955 = ORIENTED_EDGE ( 'NONE', *, *, #1227, .T. ) ;
#956 = VERTEX_POINT ( 'NONE', #590 ) ;
#957 = CARTESIAN_POINT ( 'NONE',  ( 42.49999999999999289, 23.00000000000000000, 25.50000000000000000 ) ) ;
#958 = DIRECTION ( 'NONE',  ( 0.000000000000000000, 0.000000000000000000, -1.000000000000000000 ) ) ;
#959 = DIRECTION ( 'NONE',  ( -0.000000000000000000, -1.000000000000000000, -0.000000000000000000 ) ) ;
#960 = EDGE_CURVE ( 'NONE', #2099, #844, #441, .T. ) ;
#961 = DIRECTION ( 'NONE',  ( 0.000000000000000000, 0.000000000000000000, 1.000000000000000000 ) ) ;
#962 = CYLINDRICAL_SURFACE ( 'NONE', #477, 0.7500000000000006661 ) ;
#963 = DIRECTION ( 'NONE',  ( 0.000000000000000000, 0.000000000000000000, 1.000000000000000000 ) ) ;
#964 = ORIENTED_EDGE ( 'NONE', *, *, #1954, .T. ) ;
#965 = ORIENTED_EDGE ( 'NONE', *, *, #653, .T. ) ;
#966 = FILL_AREA_STYLE_COLOUR ( '', #1529 ) ;
#967 = ORIENTED_EDGE ( 'NONE', *, *, #1672, .F. ) ;
#968 = AXIS2_PLACEMENT_3D ( 'NONE', #1088, #540, #357 ) ;
#969 = DIRECTION ( 'NONE',  ( -1.000000000000000000, -0.000000000000000000, -0.000000000000000000 ) ) ;
#970 = VECTOR ( 'NONE', #740, 1000.000000000000000 ) ;
#971 = CARTESIAN_POINT ( 'NONE',  ( -37.00000000000001421, 10.00000000000000000, -18.00000000000000000 ) ) ;
#972 = DIRECTION ( 'NONE',  ( -0.000000000000000000, 1.000000000000000000, -0.000000000000000000 ) ) ;
#973 = CIRCLE ( 'NONE', #1284, 0.7500000000000006661 ) ;
#974 = DIRECTION ( 'NONE',  ( -0.000000000000000000, -1.000000000000000000, -0.000000000000000000 ) ) ;
#975 = CARTESIAN_POINT ( 'NONE',  ( 43.50000000000000000, -2.000000000000000000, 21.50000000000000000 ) ) ;
#976 = VECTOR ( 'NONE', #1180, 1000.000000000000000 ) ;
#977 = CARTESIAN_POINT ( 'NONE',  ( -37.00000000000001421, 3.000000000000000000, 16.50000000000000000 ) ) ;
#978 = EDGE_CURVE ( 'NONE', #231, #396, #1509, .T. ) ;
#979 = EDGE_CURVE ( 'NONE', #11, #1798, #1523, .T. ) ;
#980 = MECHANICAL_DESIGN_GEOMETRIC_PRESENTATION_REPRESENTATION (  '', ( #2154 ), #1400 ) ;
#981 = ORIENTED_EDGE ( 'NONE', *, *, #1163, .F. ) ;
#982 = PRESENTATION_LAYER_ASSIGNMENT (  '', '', ( #2043 ) ) ;
#983 = CARTESIAN_POINT ( 'NONE',  ( 44.50000000000000000, 23.00000000000000000, -19.00000000000000355 ) ) ;
#984 = ORIENTED_EDGE ( 'NONE', *, *, #707, .T. ) ;
#985 =( GEOMETRIC_REPRESENTATION_CONTEXT ( 3 ) GLOBAL_UNCERTAINTY_ASSIGNED_CONTEXT ( ( #189 ) ) GLOBAL_UNIT_ASSIGNED_CONTEXT ( ( #2247, #1218, #2260 ) ) REPRESENTATION_CONTEXT ( 'NONE', 'WORKASPACE' ) );
#986 =( NAMED_UNIT ( * ) PLANE_ANGLE_UNIT ( ) SI_UNIT ( $, .RADIAN. ) );
#987 = MECHANICAL_DESIGN_GEOMETRIC_PRESENTATION_REPRESENTATION (  '', ( #1062 ), #1 ) ;
#988 = FACE_OUTER_BOUND ( 'NONE', #2327, .T. ) ;
#989 = CARTESIAN_POINT ( 'NONE',  ( -37.00000000000001421, 3.000000000000000000, 19.00000000000000355 ) ) ;
#990 = CARTESIAN_POINT ( 'NONE',  ( 0.000000000000000000, 3.000000000000000000, 0.000000000000000000 ) ) ;
#991 = EDGE_CURVE ( 'NONE', #2046, #11, #1130, .T. ) ;
#992 = EDGE_CURVE ( 'NONE', #1161, #275, #92, .T. ) ;
#993 = ORIENTED_EDGE ( 'NONE', *, *, #745, .T. ) ;
#994 = EDGE_CURVE ( 'NONE', #1751, #641, #2343, .T. ) ;
#995 = DIRECTION ( 'NONE',  ( -1.334402673828313093E-16, 0.000000000000000000, -1.000000000000000000 ) ) ;
#996 = CARTESIAN_POINT ( 'NONE',  ( 40.49999999999999289, 0.000000000000000000, 21.50000000000000000 ) ) ;
#997 = CARTESIAN_POINT ( 'NONE',  ( -37.35335964388504237, 10.00001200000000168, 15.18513688649777826 ) ) ;
#998 = LINE ( 'NONE', #624, #480 ) ;
#999 = CARTESIAN_POINT ( 'NONE',  ( -37.00000000000001421, 3.000000000000000000, -15.49999999999999645 ) ) ;
#1000 = EDGE_LOOP ( 'NONE', ( #1376, #594, #1235, #1748, #2027, #896, #777, #2250 ) ) ;
#1001 = SURFACE_STYLE_FILL_AREA ( #1207 ) ;
#1002 = ORIENTED_EDGE ( 'NONE', *, *, #2288, .F. ) ;
#1003 = CARTESIAN_POINT ( 'NONE',  ( -38.17961162427826594, 10.00001200000000168, 15.82011437649928709 ) ) ;
#1004 = ORIENTED_EDGE ( 'NONE', *, *, #1820, .F. ) ;
#1005 = MECHANICAL_DESIGN_GEOMETRIC_PRESENTATION_REPRESENTATION (  '', ( #1041 ), #1620 ) ;
#1006 = LINE ( 'NONE', #2056, #976 ) ;
#1007 = EDGE_CURVE ( 'NONE', #1854, #797, #1056, .T. ) ;
#1008 = DIRECTION ( 'NONE',  ( -1.000000000000000000, 0.000000000000000000, 0.000000000000000000 ) ) ;
#1009 = VECTOR ( 'NONE', #708, 1000.000000000000000 ) ;
#1010 = VECTOR ( 'NONE', #175, 1000.000000000000000 ) ;
#1011 = ORIENTED_EDGE ( 'NONE', *, *, #1417, .T. ) ;
#1012 = MECHANICAL_DESIGN_GEOMETRIC_PRESENTATION_REPRESENTATION (  '', ( #2305 ), #1856 ) ;
#1013 = VERTEX_POINT ( 'NONE', #1624 ) ;
#1014 = PLANE ( 'NONE',  #176 ) ;
#1015 = AXIS2_PLACEMENT_3D ( 'NONE', #347, #1437, #1048 ) ;
#1016 = EDGE_CURVE ( 'NONE', #388, #1173, #865, .T. ) ;
#1017 = DIRECTION ( 'NONE',  ( 0.000000000000000000, 0.000000000000000000, 1.000000000000000000 ) ) ;
#1018 = STYLED_ITEM ( 'NONE', ( #1935 ), #1903 ) ;
#1019 = EDGE_CURVE ( 'NONE', #1160, #1851, #878, .T. ) ;
#1020 = SURFACE_STYLE_FILL_AREA ( #313 ) ;
#1021 = CIRCLE ( 'NONE', #531, 1.999999999999998224 ) ;
#1022 = DIRECTION ( 'NONE',  ( -0.000000000000000000, 1.000000000000000000, -0.000000000000000000 ) ) ;
#1023 = CARTESIAN_POINT ( 'NONE',  ( -43.50000000000001421, -2.000000000000000000, -21.50000000000000000 ) ) ;
#1024 = ORIENTED_EDGE ( 'NONE', *, *, #1228, .F. ) ;
#1025 = SURFACE_STYLE_FILL_AREA ( #2281 ) ;
#1026 = VERTEX_POINT ( 'NONE', #304 ) ;
#1027 = PLANE ( 'NONE',  #2221 ) ;
#1028 = EDGE_CURVE ( 'NONE', #1618, #2188, #1965, .T. ) ;
#1029 =( NAMED_UNIT ( * ) PLANE_ANGLE_UNIT ( ) SI_UNIT ( $, .RADIAN. ) );
#1030 = DIRECTION ( 'NONE',  ( -0.000000000000000000, 1.000000000000000000, -0.000000000000000000 ) ) ;
#1031 = EDGE_CURVE ( 'NONE', #845, #1050, #498, .T. ) ;
#1032 = DIRECTION ( 'NONE',  ( 0.000000000000000000, 1.000000000000000000, 0.000000000000000000 ) ) ;
#1033 = ORIENTED_EDGE ( 'NONE', *, *, #2177, .T. ) ;
#1034 =( LENGTH_UNIT ( ) NAMED_UNIT ( * ) SI_UNIT ( .MILLI., .METRE. ) );
#1035 = DIRECTION ( 'NONE',  ( -0.000000000000000000, -1.000000000000000000, -0.000000000000000000 ) ) ;
#1036 = LINE ( 'NONE', #1380, #1363 ) ;
#1037 = CARTESIAN_POINT ( 'NONE',  ( 28.99999999999999289, 10.00000000000000000, 19.50000000000000000 ) ) ;
#1038 = DIRECTION ( 'NONE',  ( 0.000000000000000000, 0.000000000000000000, -1.000000000000000000 ) ) ;
#1039 =( NAMED_UNIT ( * ) SI_UNIT ( $, .STERADIAN. ) SOLID_ANGLE_UNIT ( ) );
#1040 = FACE_OUTER_BOUND ( 'NONE', #2196, .T. ) ;
#1041 = STYLED_ITEM ( 'NONE', ( #1734 ), #184 ) ;
#1042 = DIRECTION ( 'NONE',  ( 1.000000000000000000, 0.000000000000000000, -0.000000000000000000 ) ) ;
#1043 = CIRCLE ( 'NONE', #2340, 2.999999999999999112 ) ;
#1044 = ORIENTED_EDGE ( 'NONE', *, *, #1157, .F. ) ;
#1045 = AXIS2_PLACEMENT_3D ( 'NONE', #888, #344, #877 ) ;
#1046 = ADVANCED_FACE ( 'NONE', ( #118 ), #841, .T. ) ;
#1047 = ADVANCED_FACE ( 'NONE', ( #25 ), #2173, .T. ) ;
#1048 = DIRECTION ( 'NONE',  ( 0.000000000000000000, 0.000000000000000000, 1.000000000000000000 ) ) ;
#1049 = AXIS2_PLACEMENT_3D ( 'NONE', #488, #850, #345 ) ;
#1050 = VERTEX_POINT ( 'NONE', #2181 ) ;
#1051 = PRESENTATION_LAYER_ASSIGNMENT (  '', '', ( #2076 ) ) ;
#1052 = VERTEX_POINT ( 'NONE', #1311 ) ;
#1053 = DIRECTION ( 'NONE',  ( 0.000000000000000000, 1.000000000000000000, 0.000000000000000000 ) ) ;
#1054 = CIRCLE ( 'NONE', #2112, 2.499999999999998668 ) ;
#1055 = FACE_OUTER_BOUND ( 'NONE', #1474, .T. ) ;
#1056 = B_SPLINE_CURVE_WITH_KNOTS ( 'NONE', 3,
 ( #2287, #354, #316, #1987, #1262, #160, #1084, #134, #1571, #889, #536, #1075, #1395, #1803, #1448, #2134, #524, #686 ),
 .UNSPECIFIED., .F., .F.,
 ( 4, 2, 2, 2, 2, 2, 2, 2, 4 ),
 ( 0.000000000000000000, 0.06250000000000000000, 0.1250000000000000000, 0.1875000000000000000, 0.2500000000000000000, 0.3125000000000000000, 0.3750000000000000000, 0.4375000000000000000, 0.5000000000000000000 ),
 .UNSPECIFIED. ) ;
#1057 = FILL_AREA_STYLE_COLOUR ( '', #1281 ) ;
#1058 = CARTESIAN_POINT ( 'NONE',  ( 42.49999999999999289, 23.00000000000000000, -25.50000000000000000 ) ) ;
#1059 = SURFACE_STYLE_USAGE ( .BOTH. , #149 ) ;
#1060 = VECTOR ( 'NONE', #1955, 1000.000000000000000 ) ;
#1061 = CARTESIAN_POINT ( 'NONE',  ( 43.50000000000000000, -2.000000000000000000, 21.50000000000000000 ) ) ;
#1062 = STYLED_ITEM ( 'NONE', ( #776 ), #2284 ) ;
#1063 =( LENGTH_UNIT ( ) NAMED_UNIT ( * ) SI_UNIT ( .MILLI., .METRE. ) );
#1064 = DIRECTION ( 'NONE',  ( 0.000000000000000000, -0.000000000000000000, 1.000000000000000000 ) ) ;
#1065 = EDGE_CURVE ( 'NONE', #425, #385, #1325, .T. ) ;
#1066 = CARTESIAN_POINT ( 'NONE',  ( -42.00000000000000711, 23.00000000000000000, -23.00000000000000000 ) ) ;
#1067 = PRESENTATION_STYLE_ASSIGNMENT (( #2283 ) ) ;
#1068 = EDGE_LOOP ( 'NONE', ( #949, #1301, #1443, #1255 ) ) ;
#1069 = ADVANCED_FACE ( 'NONE', ( #1467 ), #1815, .F. ) ;
#1070 = ORIENTED_EDGE ( 'NONE', *, *, #1031, .F. ) ;
#1071 = LINE ( 'NONE', #2144, #514 ) ;
#1072 = SURFACE_STYLE_USAGE ( .BOTH. , #1609 ) ;
#1073 =( NAMED_UNIT ( * ) SI_UNIT ( $, .STERADIAN. ) SOLID_ANGLE_UNIT ( ) );
#1074 = CARTESIAN_POINT ( 'NONE',  ( 28.99999999999999289, 10.00000000000000000, 19.50000000000000000 ) ) ;
#1075 = CARTESIAN_POINT ( 'NONE',  ( -35.82038837572177670, 10.00001200000000168, -18.67988562350070580 ) ) ;
#1076 = CARTESIAN_POINT ( 'NONE',  ( -43.50000000000000711, 0.000000000000000000, 21.50000000000000000 ) ) ;
#1077 = CARTESIAN_POINT ( 'NONE',  ( -37.00000000000001421, 0.000000000000000000, -18.00000000000000000 ) ) ;
#1078 = CARTESIAN_POINT ( 'NONE',  ( 44.69999999999999574, 23.00000000000000000, -19.00000000000000355 ) ) ;
#1079 = DIRECTION ( 'NONE',  ( 0.000000000000000000, 0.000000000000000000, 1.000000000000000000 ) ) ;
#1080 = VERTEX_POINT ( 'NONE', #421 ) ;
#1081 = EDGE_LOOP ( 'NONE', ( #981, #1822, #2093, #1341 ) ) ;
#1082 = CARTESIAN_POINT ( 'NONE',  ( 44.50000000000000000, 3.000000000000000000, 23.50000000000000000 ) ) ;
#1083 = EDGE_CURVE ( 'NONE', #1026, #728, #561, .T. ) ;
#1084 = CARTESIAN_POINT ( 'NONE',  ( -35.82038837572176959, 10.00001200000000168, -17.32011437649928709 ) ) ;
#1085 = CARTESIAN_POINT ( 'NONE',  ( 56.99999999999999289, 2.999999999999999112, -4.000000000000001776 ) ) ;
#1086 = CARTESIAN_POINT ( 'NONE',  ( -42.00000000000000000, 23.00000000000000000, 23.00000000000000000 ) ) ;
#1087 = LINE ( 'NONE', #320, #292 ) ;
#1088 = CARTESIAN_POINT ( 'NONE',  ( -37.00000000000001421, 10.00000000000000000, 16.50000000000000000 ) ) ;
#1089 = CIRCLE ( 'NONE', #936, 2.499999999999998668 ) ;
#1090 = ORIENTED_EDGE ( 'NONE', *, *, #1721, .T. ) ;
#1091 = CARTESIAN_POINT ( 'NONE',  ( 0.000000000000000000, 0.000000000000000000, 0.000000000000000000 ) ) ;
#1092 = AXIS2_PLACEMENT_3D ( 'NONE', #1945, #147, #1580 ) ;
#1093 = SURFACE_STYLE_FILL_AREA ( #1466 ) ;
#1094 = AXIS2_PLACEMENT_3D ( 'NONE', #23, #401, #38 ) ;
#1095 = VERTEX_POINT ( 'NONE', #576 ) ;
#1096 =( GEOMETRIC_REPRESENTATION_CONTEXT ( 3 ) GLOBAL_UNCERTAINTY_ASSIGNED_CONTEXT ( ( #27 ) ) GLOBAL_UNIT_ASSIGNED_CONTEXT ( ( #1750, #1195, #123 ) ) REPRESENTATION_CONTEXT ( 'NONE', 'WORKASPACE' ) );
#1097 = FACE_OUTER_BOUND ( 'NONE', #735, .T. ) ;
#1098 = SURFACE_STYLE_FILL_AREA ( #548 ) ;
#1099 = AXIS2_PLACEMENT_3D ( 'NONE', #1522, #1134, #2014 ) ;
#1100 = UNCERTAINTY_MEASURE_WITH_UNIT (LENGTH_MEASURE( 1.000000000000000082E-05 ), #539, 'distance_accuracy_value', 'NONE');
#1101 = PRODUCT_DEFINITION_FORMATION_WITH_SPECIFIED_SOURCE ( 'ANY', '', #1249, .NOT_KNOWN. ) ;
#1102 = PRESENTATION_STYLE_ASSIGNMENT (( #712 ) ) ;
#1103 = ORIENTED_EDGE ( 'NONE', *, *, #558, .T. ) ;
#1104 = VERTEX_POINT ( 'NONE', #378 ) ;
#1105 = VERTEX_POINT ( 'NONE', #390 ) ;
#1106 =( LENGTH_UNIT ( ) NAMED_UNIT ( * ) SI_UNIT ( .MILLI., .METRE. ) );
#1107 = EDGE_CURVE ( 'NONE', #2285, #36, #1279, .T. ) ;
#1108 = FACE_BOUND ( 'NONE', #112, .T. ) ;
#1109 = CARTESIAN_POINT ( 'NONE',  ( 44.69999999999999574, 2.999999999999999112, 0.000000000000000000 ) ) ;
#1110 = DIRECTION ( 'NONE',  ( 0.000000000000000000, 0.000000000000000000, -1.000000000000000000 ) ) ;
#1111 = CARTESIAN_POINT ( 'NONE',  ( 40.49999999999999289, -2.000000000000000000, 21.50000000000000000 ) ) ;
#1112 = ORIENTED_EDGE ( 'NONE', *, *, #1802, .F. ) ;
#1113 = EDGE_LOOP ( 'NONE', ( #717, #1924, #1513, #838 ) ) ;
#1114 = LINE ( 'NONE', #1126, #1712 ) ;
#1115 = ORIENTED_EDGE ( 'NONE', *, *, #796, .F. ) ;
#1116 = CARTESIAN_POINT ( 'NONE',  ( -42.99999999999999289, 3.000000000000000000, 26.00000000000000000 ) ) ;
#1117 = SURFACE_STYLE_FILL_AREA ( #2230 ) ;
#1118 = CARTESIAN_POINT ( 'NONE',  ( 0.000000000000000000, 0.000000000000000000, 0.000000000000000000 ) ) ;
#1119 = DIRECTION ( 'NONE',  ( 1.000000000000000000, 0.000000000000000000, -0.000000000000000000 ) ) ;
#1120 = DIRECTION ( 'NONE',  ( 0.000000000000000000, 0.000000000000000000, 1.000000000000000000 ) ) ;
#1121 = ADVANCED_FACE ( 'NONE', ( #1108, #196 ), #757, .T. ) ;
#1122 = ORIENTED_EDGE ( 'NONE', *, *, #572, .F. ) ;
#1123 = CARTESIAN_POINT ( 'NONE',  ( 41.99999999999999289, 23.00000000000000355, -3.999999999999989786 ) ) ;
#1124 = VERTEX_POINT ( 'NONE', #615 ) ;
#1125 = VECTOR ( 'NONE', #1778, 1000.000000000000000 ) ;
#1126 = CARTESIAN_POINT ( 'NONE',  ( 56.99999999999999289, 10.00000000000000000, -3.999999999999997335 ) ) ;
#1127 = STYLED_ITEM ( 'NONE', ( #1216 ), #605 ) ;
#1128 = VERTEX_POINT ( 'NONE', #1723 ) ;
#1129 = FACE_BOUND ( 'NONE', #1998, .T. ) ;
#1130 = CIRCLE ( 'NONE', #1049, 2.500000000000002220 ) ;
#1131 = CARTESIAN_POINT ( 'NONE',  ( -37.00000000000001421, 10.00000600000000084, -16.64999999999999858 ) ) ;
#1132 = CARTESIAN_POINT ( 'NONE',  ( -35.65000000000001279, 10.00001200000000168, 16.67671458676442597 ) ) ;
#1133 = AXIS2_PLACEMENT_3D ( 'NONE', #666, #339, #839 ) ;
#1134 = DIRECTION ( 'NONE',  ( -0.000000000000000000, -1.000000000000000000, -0.000000000000000000 ) ) ;
#1135 = PRESENTATION_STYLE_ASSIGNMENT (( #1347 ) ) ;
#1136 = CIRCLE ( 'NONE', #685, 2.500000000000002220 ) ;
#1137 = APPLICATION_CONTEXT ( 'automotive_design' ) ;
#1138 = DIRECTION ( 'NONE',  ( 0.000000000000000000, 1.000000000000000000, 0.000000000000000000 ) ) ;
#1139 = AXIS2_PLACEMENT_3D ( 'NONE', #2168, #1957, #9 ) ;
#1140 = EDGE_LOOP ( 'NONE', ( #1992, #1788, #103, #449 ) ) ;
#1141 = CIRCLE ( 'NONE', #489, 2.999999999999999112 ) ;
#1142 = DIRECTION ( 'NONE',  ( -0.000000000000000000, -1.000000000000000000, -0.000000000000000000 ) ) ;
#1143 = ORIENTED_EDGE ( 'NONE', *, *, #1872, .T. ) ;
#1144 = CARTESIAN_POINT ( 'NONE',  ( -45.00000000000000000, 3.000000000000000000, -26.00000000000000000 ) ) ;
#1145 = EDGE_CURVE ( 'NONE', #385, #641, #2267, .T. ) ;
#1146 = CARTESIAN_POINT ( 'NONE',  ( -37.00000000000001421, 10.00000600000000084, 17.84999999999999787 ) ) ;
#1147 = DIRECTION ( 'NONE',  ( -0.000000000000000000, 1.000000000000000000, -0.000000000000000000 ) ) ;
#1148 = CARTESIAN_POINT ( 'NONE',  ( 44.69999999999999574, 2.999999999999999112, 0.000000000000000000 ) ) ;
#1149 = DIRECTION ( 'NONE',  ( 0.000000000000000000, 1.000000000000000000, 6.195440985631454331E-16 ) ) ;
#1150 = ORIENTED_EDGE ( 'NONE', *, *, #635, .F. ) ;
#1151 = ORIENTED_EDGE ( 'NONE', *, *, #360, .F. ) ;
#1152 = CYLINDRICAL_SURFACE ( 'NONE', #1941, 2.000000000000001776 ) ;
#1153 = ORIENTED_EDGE ( 'NONE', *, *, #856, .T. ) ;
#1154 = CARTESIAN_POINT ( 'NONE',  ( 44.69999999999999574, 11.00000000000000000, -19.00000000000000355 ) ) ;
#1155 = CARTESIAN_POINT ( 'NONE',  ( -37.67988562350072357, 10.00001199999999990, -19.17961162427824462 ) ) ;
#1156 = CARTESIAN_POINT ( 'NONE',  ( 41.99999999999999289, 3.000000000000000000, 0.000000000000000000 ) ) ;
#1157 = EDGE_CURVE ( 'NONE', #2129, #656, #2302, .T. ) ;
#1158 = LINE ( 'NONE', #1887, #265 ) ;
#1159 = DIRECTION ( 'NONE',  ( -0.000000000000000000, -1.000000000000000000, 0.000000000000000000 ) ) ;
#1160 = VERTEX_POINT ( 'NONE', #2101 ) ;
#1161 = VERTEX_POINT ( 'NONE', #989 ) ;
#1162 = DIRECTION ( 'NONE',  ( -1.000000000000000000, 0.000000000000000000, 0.000000000000000000 ) ) ;
#1163 = EDGE_CURVE ( 'NONE', #1799, #1160, #2344, .T. ) ;
#1164 = UNCERTAINTY_MEASURE_WITH_UNIT (LENGTH_MEASURE( 1.000000000000000082E-05 ), #1769, 'distance_accuracy_value', 'NONE');
#1165 = PLANE ( 'NONE',  #1628 ) ;
#1166 =( GEOMETRIC_REPRESENTATION_CONTEXT ( 3 ) GLOBAL_UNCERTAINTY_ASSIGNED_CONTEXT ( ( #1567 ) ) GLOBAL_UNIT_ASSIGNED_CONTEXT ( ( #1106, #235, #1857 ) ) REPRESENTATION_CONTEXT ( 'NONE', 'WORKASPACE' ) );
#1167 = EDGE_CURVE ( 'NONE', #1257, #751, #1809, .T. ) ;
#1168 = VECTOR ( 'NONE', #1845, 1000.000000000000000 ) ;
#1169 = DIRECTION ( 'NONE',  ( -0.000000000000000000, -1.000000000000000000, -0.000000000000000000 ) ) ;
#1170 = ADVANCED_FACE ( 'NONE', ( #788 ), #1165, .F. ) ;
#1171 = COLOUR_RGB ( '',1.000000000000000000, 1.000000000000000000, 1.000000000000000000 ) ;
#1172 = FACE_OUTER_BOUND ( 'NONE', #826, .T. ) ;
#1173 = VERTEX_POINT ( 'NONE', #1918 ) ;
#1174 = PRESENTATION_LAYER_ASSIGNMENT (  '', '', ( #2160 ) ) ;
#1175 = PLANE ( 'NONE',  #1444 ) ;
#1176 = DIRECTION ( 'NONE',  ( 1.334402673828313339E-16, 0.000000000000000000, 1.000000000000000000 ) ) ;
#1177 = DIRECTION ( 'NONE',  ( -0.000000000000000000, -1.000000000000000000, -0.000000000000000000 ) ) ;
#1178 = EDGE_LOOP ( 'NONE', ( #1662, #1234, #665, #2308 ) ) ;
#1179 = CARTESIAN_POINT ( 'NONE',  ( -42.50000000000000711, 23.00000000000000000, 23.50000000000000000 ) ) ;
#1180 = DIRECTION ( 'NONE',  ( 0.000000000000000000, -1.000000000000000000, 0.000000000000000000 ) ) ;
#1181 = CARTESIAN_POINT ( 'NONE',  ( -37.00000000000001421, 0.000000000000000000, 16.50000000000000000 ) ) ;
#1182 = SURFACE_STYLE_FILL_AREA ( #456 ) ;
#1183 = VERTEX_POINT ( 'NONE', #1715 ) ;
#1184 = CARTESIAN_POINT ( 'NONE',  ( 0.000000000000000000, 23.00000000000000000, -25.50000000000000000 ) ) ;
#1185 = ORIENTED_EDGE ( 'NONE', *, *, #158, .T. ) ;
#1186 = CARTESIAN_POINT ( 'NONE',  ( -37.67988562350072357, 10.00001200000000168, 17.67961162427824817 ) ) ;
#1187 = EDGE_LOOP ( 'NONE', ( #1270, #1593, #1554, #186 ) ) ;
#1188 = CARTESIAN_POINT ( 'NONE',  ( -44.99999999999999289, 3.000000000000000000, 26.00000000000000000 ) ) ;
#1189 = DIRECTION ( 'NONE',  ( 1.000000000000000000, 0.000000000000000000, 0.000000000000000000 ) ) ;
#1190 = CARTESIAN_POINT ( 'NONE',  ( 28.99999999999999289, 10.00000000000000000, 22.00000000000000000 ) ) ;
#1191 = PRESENTATION_STYLE_ASSIGNMENT (( #1549 ) ) ;
#1192 = EDGE_LOOP ( 'NONE', ( #324, #1399, #1150, #1727, #351, #2263, #1878, #1386 ) ) ;
#1193 = EDGE_CURVE ( 'NONE', #1836, #424, #1006, .T. ) ;
#1194 = EDGE_CURVE ( 'NONE', #2179, #1751, #1373, .T. ) ;
#1195 =( NAMED_UNIT ( * ) PLANE_ANGLE_UNIT ( ) SI_UNIT ( $, .RADIAN. ) );
#1196 = ORIENTED_EDGE ( 'NONE', *, *, #75, .F. ) ;
#1197 = FILL_AREA_STYLE ('',( #1592 ) ) ;
#1198 =( NAMED_UNIT ( * ) PLANE_ANGLE_UNIT ( ) SI_UNIT ( $, .RADIAN. ) );
#1199 = COLOUR_RGB ( '',0.1019607843137254888, 0.1019607843137254888, 0.1019607843137254888 ) ;
#1200 = AXIS2_PLACEMENT_3D ( 'NONE', #1037, #2121, #1596 ) ;
#1201 = FACE_BOUND ( 'NONE', #10, .T. ) ;
#1202 = VECTOR ( 'NONE', #673, 1000.000000000000000 ) ;
#1203 = DIRECTION ( 'NONE',  ( 0.000000000000000000, 0.000000000000000000, -1.000000000000000000 ) ) ;
#1204 = PRESENTATION_LAYER_ASSIGNMENT (  '', '', ( #1853 ) ) ;
#1205 = EDGE_LOOP ( 'NONE', ( #1024, #1536, #281, #1112 ) ) ;
#1206 = VERTEX_POINT ( 'NONE', #1559 ) ;
#1207 = FILL_AREA_STYLE ('',( #2310 ) ) ;
#1208 = ORIENTED_EDGE ( 'NONE', *, *, #2278, .F. ) ;
#1209 =( NAMED_UNIT ( * ) PLANE_ANGLE_UNIT ( ) SI_UNIT ( $, .RADIAN. ) );
#1210 = UNCERTAINTY_MEASURE_WITH_UNIT (LENGTH_MEASURE( 1.000000000000000082E-05 ), #672, 'distance_accuracy_value', 'NONE');
#1211 = VECTOR ( 'NONE', #1808, 1000.000000000000000 ) ;
#1212 = PRESENTATION_LAYER_ASSIGNMENT (  '', '', ( #1018 ) ) ;
#1213 = ADVANCED_FACE ( 'NONE', ( #58 ), #2077, .F. ) ;
#1214 = PRESENTATION_STYLE_ASSIGNMENT (( #1224 ) ) ;
#1215 = AXIS2_PLACEMENT_3D ( 'NONE', #1677, #1706, #249 ) ;
#1216 = PRESENTATION_STYLE_ASSIGNMENT (( #264 ) ) ;
#1217 = FILL_AREA_STYLE_COLOUR ( '', #1896 ) ;
#1218 =( NAMED_UNIT ( * ) PLANE_ANGLE_UNIT ( ) SI_UNIT ( $, .RADIAN. ) );
#1219 = ORIENTED_EDGE ( 'NONE', *, *, #2012, .T. ) ;
#1220 = SURFACE_STYLE_USAGE ( .BOTH. , #274 ) ;
#1221 = FILL_AREA_STYLE ('',( #1991 ) ) ;
#1222 = SURFACE_SIDE_STYLE ('',( #1412 ) ) ;
#1223 = CARTESIAN_POINT ( 'NONE',  ( -42.50000000000000711, 23.00000000000000000, -25.50000000000000000 ) ) ;
#1224 = SURFACE_STYLE_USAGE ( .BOTH. , #1790 ) ;
#1225 = CARTESIAN_POINT ( 'NONE',  ( 40.49999999999998579, -2.000000000000000000, 24.50000000000000000 ) ) ;
#1226 =( NAMED_UNIT ( * ) PLANE_ANGLE_UNIT ( ) SI_UNIT ( $, .RADIAN. ) );
#1227 = EDGE_CURVE ( 'NONE', #2202, #52, #1538, .T. ) ;
#1228 = EDGE_CURVE ( 'NONE', #656, #2129, #604, .T. ) ;
#1229 = DIRECTION ( 'NONE',  ( 0.000000000000000000, -6.505213034913026604E-16, 1.000000000000000000 ) ) ;
#1230 = VERTEX_POINT ( 'NONE', #88 ) ;
#1231 = DIRECTION ( 'NONE',  ( 0.000000000000000000, 0.000000000000000000, 1.000000000000000000 ) ) ;
#1232 =( LENGTH_UNIT ( ) NAMED_UNIT ( * ) SI_UNIT ( .MILLI., .METRE. ) );
#1233 = DIRECTION ( 'NONE',  ( 0.000000000000000000, -0.000000000000000000, 1.000000000000000000 ) ) ;
#1234 = ORIENTED_EDGE ( 'NONE', *, *, #1869, .T. ) ;
#1235 = ORIENTED_EDGE ( 'NONE', *, *, #1886, .F. ) ;
#1236 = DIRECTION ( 'NONE',  ( -1.000000000000000000, -0.000000000000000000, -0.000000000000000000 ) ) ;
#1237 =( NAMED_UNIT ( * ) SI_UNIT ( $, .STERADIAN. ) SOLID_ANGLE_UNIT ( ) );
#1238 = EDGE_CURVE ( 'NONE', #1458, #762, #256, .T. ) ;
#1239 = VECTOR ( 'NONE', #268, 1000.000000000000000 ) ;
#1240 = DIRECTION ( 'NONE',  ( 0.000000000000000000, 0.000000000000000000, 1.000000000000000000 ) ) ;
#1241 = LINE ( 'NONE', #1225, #714 ) ;
#1242 = CARTESIAN_POINT ( 'NONE',  ( -45.00000000000000000, 3.000000000000000000, -24.00000000000000000 ) ) ;
#1243 =( GEOMETRIC_REPRESENTATION_CONTEXT ( 3 ) GLOBAL_UNCERTAINTY_ASSIGNED_CONTEXT ( ( #468 ) ) GLOBAL_UNIT_ASSIGNED_CONTEXT ( ( #1457, #1763, #1073 ) ) REPRESENTATION_CONTEXT ( 'NONE', 'WORKASPACE' ) );
#1244 = EDGE_CURVE ( 'NONE', #2114, #1463, #832, .T. ) ;
#1245 = CARTESIAN_POINT ( 'NONE',  ( 41.99999999999999289, 23.00000000000000000, 0.000000000000000000 ) ) ;
#1246 = AXIS2_PLACEMENT_3D ( 'NONE', #2286, #697, #1964 ) ;
#1247 = DIRECTION ( 'NONE',  ( 0.000000000000000000, 1.000000000000000000, 0.000000000000000000 ) ) ;
#1248 = EDGE_CURVE ( 'NONE', #2248, #308, #2257, .T. ) ;
#1249 = PRODUCT ( 'CADpad - Bottom of case [step-file]', 'CADpad - Bottom of case [step-file]', '', ( #1422 ) ) ;
#1250 = VECTOR ( 'NONE', #1159, 1000.000000000000000 ) ;
#1251 = DIRECTION ( 'NONE',  ( 0.000000000000000000, 1.000000000000000000, 0.000000000000000000 ) ) ;
#1252 = COLOUR_RGB ( '',1.000000000000000000, 1.000000000000000000, 1.000000000000000000 ) ;
#1253 = DIRECTION ( 'NONE',  ( 1.000000000000000000, 0.000000000000000000, 0.000000000000000000 ) ) ;
#1254 = PRESENTATION_STYLE_ASSIGNMENT (( #1958 ) ) ;
#1255 = ORIENTED_EDGE ( 'NONE', *, *, #1497, .F. ) ;
#1256 = AXIS2_PLACEMENT_3D ( 'NONE', #2131, #116, #2163 ) ;
#1257 = VERTEX_POINT ( 'NONE', #632 ) ;
#1258 = DIRECTION ( 'NONE',  ( 0.000000000000000000, 1.000000000000000000, 0.000000000000000000 ) ) ;
#1259 = DIRECTION ( 'NONE',  ( 0.000000000000000000, -1.000000000000000000, 0.000000000000000000 ) ) ;
#1260 = VECTOR ( 'NONE', #1990, 1000.000000000000000 ) ;
#1261 = CARTESIAN_POINT ( 'NONE',  ( 44.50000000000000000, 11.00000000000000000, 0.000000000000000000 ) ) ;
#1262 = CARTESIAN_POINT ( 'NONE',  ( -36.17036192803386996, 10.00001200000000168, -16.92044976276245549 ) ) ;
#1263 = MECHANICAL_DESIGN_GEOMETRIC_PRESENTATION_REPRESENTATION (  '', ( #1742 ), #985 ) ;
#1264 = DIRECTION ( 'NONE',  ( 0.000000000000000000, 0.000000000000000000, 1.000000000000000000 ) ) ;
#1265 =( NAMED_UNIT ( * ) SI_UNIT ( $, .STERADIAN. ) SOLID_ANGLE_UNIT ( ) );
#1266 = PLANE ( 'NONE',  #2231 ) ;
#1267 = DIRECTION ( 'NONE',  ( 0.000000000000000000, -0.000000000000000000, 1.000000000000000000 ) ) ;
#1268 = ORIENTED_EDGE ( 'NONE', *, *, #1869, .F. ) ;
#1269 = EDGE_CURVE ( 'NONE', #728, #57, #438, .T. ) ;
#1270 = ORIENTED_EDGE ( 'NONE', *, *, #306, .F. ) ;
#1271 = DIRECTION ( 'NONE',  ( 0.000000000000000000, 0.000000000000000000, 1.000000000000000000 ) ) ;
#1272 = DIRECTION ( 'NONE',  ( 0.000000000000000000, 0.000000000000000000, 1.000000000000000000 ) ) ;
#1273 = LINE ( 'NONE', #1280, #756 ) ;
#1274 = FACE_OUTER_BOUND ( 'NONE', #1775, .T. ) ;
#1275 = ORIENTED_EDGE ( 'NONE', *, *, #17, .F. ) ;
#1276 = FILL_AREA_STYLE ('',( #543 ) ) ;
#1277 = ORIENTED_EDGE ( 'NONE', *, *, #2054, .T. ) ;
#1278 = CARTESIAN_POINT ( 'NONE',  ( 42.49999999999999289, 23.00000000000000000, -23.50000000000000000 ) ) ;
#1279 = B_SPLINE_CURVE_WITH_KNOTS ( 'NONE', 3,
 ( #1146, #366, #1495, #2208, #185, #901, #225, #173, #1132, #913, #1646, #1687, #1658, #50, #14, #741, #1507, #1291 ),
 .UNSPECIFIED., .F., .F.,
 ( 4, 2, 2, 2, 2, 2, 2, 2, 4 ),
 ( 0.000000000000000000, 0.06250000000000000000, 0.1250000000000000000, 0.1875000000000000000, 0.2500000000000000000, 0.3125000000000000000, 0.3750000000000000000, 0.4375000000000000000, 0.5000000000000000000 ),
 .UNSPECIFIED. ) ;
#1280 = CARTESIAN_POINT ( 'NONE',  ( 28.99999999999999289, 10.00000000000000000, 17.00000000000000000 ) ) ;
#1281 = COLOUR_RGB ( '',0.1019607843137254888, 0.1019607843137254888, 0.1019607843137254888 ) ;
#1282 = DIRECTION ( 'NONE',  ( -0.000000000000000000, -1.000000000000000000, -0.000000000000000000 ) ) ;
#1283 = EDGE_LOOP ( 'NONE', ( #1563, #417, #1787, #2143 ) ) ;
#1284 = AXIS2_PLACEMENT_3D ( 'NONE', #2102, #1901, #278 ) ;
#1285 = EDGE_LOOP ( 'NONE', ( #2201, #1839, #1441, #1656 ) ) ;
#1286 = EDGE_CURVE ( 'NONE', #1206, #191, #998, .T. ) ;
#1287 =( NAMED_UNIT ( * ) PLANE_ANGLE_UNIT ( ) SI_UNIT ( $, .RADIAN. ) );
#1288 = AXIS2_PLACEMENT_3D ( 'NONE', #1704, #1885, #248 ) ;
#1289 = PRESENTATION_LAYER_ASSIGNMENT (  '', '', ( #2305 ) ) ;
#1290 = EDGE_CURVE ( 'NONE', #1890, #748, #2063, .T. ) ;
#1291 = CARTESIAN_POINT ( 'NONE',  ( -37.00000000000001421, 10.00000600000000084, 15.15000000000000213 ) ) ;
#1292 = PRESENTATION_LAYER_ASSIGNMENT (  '', '', ( #1403 ) ) ;
#1293 = CARTESIAN_POINT ( 'NONE',  ( 28.99999999999999289, 22.50000000000000000, 19.50000000000000000 ) ) ;
#1294 = LINE ( 'NONE', #2137, #1927 ) ;
#1295 = STYLED_ITEM ( 'NONE', ( #41 ), #2242 ) ;
#1296 = UNCERTAINTY_MEASURE_WITH_UNIT (LENGTH_MEASURE( 1.000000000000000082E-05 ), #1914, 'distance_accuracy_value', 'NONE');
#1297 = VECTOR ( 'NONE', #387, 1000.000000000000000 ) ;
#1298 = CARTESIAN_POINT ( 'NONE',  ( 42.99999999999997868, 3.000000000000000000, 26.00000000000000000 ) ) ;
#1299 = VERTEX_POINT ( 'NONE', #453 ) ;
#1300 = ORIENTED_EDGE ( 'NONE', *, *, #992, .F. ) ;
#1301 = ORIENTED_EDGE ( 'NONE', *, *, #1269, .F. ) ;
#1302 = CARTESIAN_POINT ( 'NONE',  ( 28.99999999999999289, 10.00000000000000000, 19.50000000000000000 ) ) ;
#1303 = CARTESIAN_POINT ( 'NONE',  ( 0.000000000000000000, 23.00000000000000000, 23.00000000000000000 ) ) ;
#1304 = ADVANCED_FACE ( 'NONE', ( #1899 ), #695, .T. ) ;
#1305 = ORIENTED_EDGE ( 'NONE', *, *, #247, .T. ) ;
#1306 = ORIENTED_EDGE ( 'NONE', *, *, #2075, .T. ) ;
#1307 = VERTEX_POINT ( 'NONE', #326 ) ;
#1308 = PLANE ( 'NONE',  #2119 ) ;
#1309 = ORIENTED_EDGE ( 'NONE', *, *, #1512, .F. ) ;
#1310 = DIRECTION ( 'NONE',  ( 0.000000000000000000, 1.000000000000000000, 0.000000000000000000 ) ) ;
#1311 = CARTESIAN_POINT ( 'NONE',  ( 40.49999999999998579, -2.000000000000000000, 24.50000000000000000 ) ) ;
#1312 = CARTESIAN_POINT ( 'NONE',  ( 42.49999999999999289, 3.000000000000000000, 25.50000000000000000 ) ) ;
#1313 = CARTESIAN_POINT ( 'NONE',  ( 43.50000000000000000, -2.000000000000000000, 24.50000000000000000 ) ) ;
#1314 = DIRECTION ( 'NONE',  ( 1.334402673828313339E-16, 0.000000000000000000, 1.000000000000000000 ) ) ;
#1315 = VECTOR ( 'NONE', #1253, 1000.000000000000000 ) ;
#1316 = ADVANCED_FACE ( 'NONE', ( #343 ), #719, .T. ) ;
#1317 = ORIENTED_EDGE ( 'NONE', *, *, #485, .F. ) ;
#1318 = CIRCLE ( 'NONE', #931, 2.000000000000001776 ) ;
#1319 = DIRECTION ( 'NONE',  ( 0.000000000000000000, 0.000000000000000000, -1.000000000000000000 ) ) ;
#1320 = VECTOR ( 'NONE', #1374, 1000.000000000000000 ) ;
#1321 = VERTEX_POINT ( 'NONE', #1598 ) ;
#1322 = DIRECTION ( 'NONE',  ( 0.000000000000000000, 0.000000000000000000, 1.000000000000000000 ) ) ;
#1323 = AXIS2_PLACEMENT_3D ( 'NONE', #1077, #1649, #904 ) ;
#1324 = CARTESIAN_POINT ( 'NONE',  ( -37.17671458676444729, 10.00001200000000168, -19.34999999999999787 ) ) ;
#1325 = LINE ( 'NONE', #923, #368 ) ;
#1326 = AXIS2_PLACEMENT_3D ( 'NONE', #1091, #1310, #168 ) ;
#1327 = DIRECTION ( 'NONE',  ( 0.000000000000000000, 0.000000000000000000, -1.000000000000000000 ) ) ;
#1328 =( GEOMETRIC_REPRESENTATION_CONTEXT ( 3 ) GLOBAL_UNCERTAINTY_ASSIGNED_CONTEXT ( ( #1296 ) ) GLOBAL_UNIT_ASSIGNED_CONTEXT ( ( #1914, #1575, #1553 ) ) REPRESENTATION_CONTEXT ( 'NONE', 'WORKASPACE' ) );
#1329 = DIRECTION ( 'NONE',  ( 0.000000000000000000, 1.000000000000000000, 0.000000000000000000 ) ) ;
#1330 = COLOUR_RGB ( '',1.000000000000000000, 1.000000000000000000, 1.000000000000000000 ) ;
#1331 = EDGE_LOOP ( 'NONE', ( #2213, #1503 ) ) ;
#1332 = PRESENTATION_STYLE_ASSIGNMENT (( #1515 ) ) ;
#1333 = ORIENTED_EDGE ( 'NONE', *, *, #526, .T. ) ;
#1334 = CARTESIAN_POINT ( 'NONE',  ( -37.00000000000001421, 10.00000600000000084, 17.84999999999999787 ) ) ;
#1335 = EDGE_CURVE ( 'NONE', #399, #2170, #2110, .T. ) ;
#1336 = CARTESIAN_POINT ( 'NONE',  ( 40.49999999999999289, 0.000000000000000000, -21.50000000000000000 ) ) ;
#1337 = CARTESIAN_POINT ( 'NONE',  ( 41.99999999999999289, 10.00000000000000000, 0.000000000000000000 ) ) ;
#1338 = SURFACE_SIDE_STYLE ('',( #771 ) ) ;
#1339 =( NAMED_UNIT ( * ) PLANE_ANGLE_UNIT ( ) SI_UNIT ( $, .RADIAN. ) );
#1340 = CARTESIAN_POINT ( 'NONE',  ( -45.00000000000000000, 0.000000000000000000, -26.00000000000000000 ) ) ;
#1341 = ORIENTED_EDGE ( 'NONE', *, *, #1019, .F. ) ;
#1342 = ADVANCED_FACE ( 'NONE', ( #1055 ), #1780, .T. ) ;
#1343 = CARTESIAN_POINT ( 'NONE',  ( 43.00000000000000000, 3.000000000000000000, -26.00000000000000000 ) ) ;
#1344 = CARTESIAN_POINT ( 'NONE',  ( -37.67988562350072357, 10.00001199999999990, 15.32038837572175183 ) ) ;
#1345 = DIRECTION ( 'NONE',  ( 0.000000000000000000, 0.000000000000000000, 1.000000000000000000 ) ) ;
#1346 = DIRECTION ( 'NONE',  ( -0.000000000000000000, -1.000000000000000000, -0.000000000000000000 ) ) ;
#1347 = SURFACE_STYLE_USAGE ( .BOTH. , #793 ) ;
#1348 = DIRECTION ( 'NONE',  ( -0.000000000000000000, -1.000000000000000000, -0.000000000000000000 ) ) ;
#1349 = ORIENTED_EDGE ( 'NONE', *, *, #2135, .T. ) ;
#1350 = LINE ( 'NONE', #204, #1297 ) ;
#1351 = LINE ( 'NONE', #1343, #1239 ) ;
#1352 = COLOUR_RGB ( '',1.000000000000000000, 1.000000000000000000, 1.000000000000000000 ) ;
#1353 = VERTEX_POINT ( 'NONE', #507 ) ;
#1354 = ADVANCED_FACE ( 'NONE', ( #1929, #2330 ), #484, .F. ) ;
#1355 = CARTESIAN_POINT ( 'NONE',  ( 40.49999999999999289, -2.000000000000000000, -21.50000000000000000 ) ) ;
#1356 = CARTESIAN_POINT ( 'NONE',  ( -40.50000000000000711, -2.000000000000000000, 21.50000000000000000 ) ) ;
#1357 = CIRCLE ( 'NONE', #127, 2.500000000000002220 ) ;
#1358 = STYLED_ITEM ( 'NONE', ( #2044 ), #1047 ) ;
#1359 = DIRECTION ( 'NONE',  ( 0.000000000000000000, 1.000000000000000000, 0.000000000000000000 ) ) ;
#1360 = MECHANICAL_DESIGN_GEOMETRIC_PRESENTATION_REPRESENTATION (  '', ( #2076 ), #761 ) ;
#1361 = B_SPLINE_CURVE_WITH_KNOTS ( 'NONE', 3,
 ( #1692, #786, #997, #1344, #1907, #2053, #1003, #2253, #1881, #1518, #460, #258, #2228, #613, #1186, #1700, #629, #1334 ),
 .UNSPECIFIED., .F., .F.,
 ( 4, 2, 2, 2, 2, 2, 2, 2, 4 ),
 ( 0.5000000000000000000, 0.5625000000000000000, 0.6250000000000000000, 0.6875000000000000000, 0.7500000000000000000, 0.8125000000000000000, 0.8750000000000000000, 0.9375000000000000000, 1.000000000000000000 ),
 .UNSPECIFIED. ) ;
#1362 = PLANE ( 'NONE',  #1634 ) ;
#1363 = VECTOR ( 'NONE', #286, 1000.000000000000000 ) ;
#1364 = ORIENTED_EDGE ( 'NONE', *, *, #1902, .F. ) ;
#1365 = AXIS2_PLACEMENT_3D ( 'NONE', #1664, #1138, #963 ) ;
#1366 = EDGE_LOOP ( 'NONE', ( #1947, #1938 ) ) ;
#1367 = SURFACE_SIDE_STYLE ('',( #1025 ) ) ;
#1368 = ORIENTED_EDGE ( 'NONE', *, *, #1238, .F. ) ;
#1369 = AXIS2_PLACEMENT_3D ( 'NONE', #1293, #1498, #601 ) ;
#1370 = DIRECTION ( 'NONE',  ( -0.000000000000000000, 0.000000000000000000, -1.000000000000000000 ) ) ;
#1371 = ORIENTED_EDGE ( 'NONE', *, *, #1016, .T. ) ;
#1372 = DIRECTION ( 'NONE',  ( -0.000000000000000000, -1.000000000000000000, -0.000000000000000000 ) ) ;
#1373 = LINE ( 'NONE', #1337, #1398 ) ;
#1374 = DIRECTION ( 'NONE',  ( -0.000000000000000000, -1.000000000000000000, -0.000000000000000000 ) ) ;
#1375 = PRESENTATION_STYLE_ASSIGNMENT (( #655 ) ) ;
#1376 = ORIENTED_EDGE ( 'NONE', *, *, #2348, .F. ) ;
#1377 = ORIENTED_EDGE ( 'NONE', *, *, #2078, .F. ) ;
#1378 = FACE_OUTER_BOUND ( 'NONE', #2017, .T. ) ;
#1379 = ORIENTED_EDGE ( 'NONE', *, *, #2064, .T. ) ;
#1380 = CARTESIAN_POINT ( 'NONE',  ( 44.69999999999999574, 23.00000000000000000, -19.00000000000000355 ) ) ;
#1381 = EDGE_LOOP ( 'NONE', ( #1752, #233, #902, #1690 ) ) ;
#1382 = DIRECTION ( 'NONE',  ( -0.000000000000000000, -1.000000000000000000, -0.000000000000000000 ) ) ;
#1383 = DIRECTION ( 'NONE',  ( 0.000000000000000000, 0.000000000000000000, 1.000000000000000000 ) ) ;
#1384 = FACE_OUTER_BOUND ( 'NONE', #2225, .T. ) ;
#1385 = CARTESIAN_POINT ( 'NONE',  ( -37.00000000000001421, 10.00000000000000000, 16.50000000000000000 ) ) ;
#1386 = ORIENTED_EDGE ( 'NONE', *, *, #1820, .T. ) ;
#1387 = ORIENTED_EDGE ( 'NONE', *, *, #1835, .T. ) ;
#1388 = EDGE_CURVE ( 'NONE', #308, #388, #66, .T. ) ;
#1389 = ORIENTED_EDGE ( 'NONE', *, *, #1286, .T. ) ;
#1390 = FACE_OUTER_BOUND ( 'NONE', #1665, .T. ) ;
#1391 = ORIENTED_EDGE ( 'NONE', *, *, #1835, .F. ) ;
#1392 =( NAMED_UNIT ( * ) PLANE_ANGLE_UNIT ( ) SI_UNIT ( $, .RADIAN. ) );
#1393 = LINE ( 'NONE', #1539, #2262 ) ;
#1394 = AXIS2_PLACEMENT_3D ( 'NONE', #1827, #1686, #958 ) ;
#1395 = CARTESIAN_POINT ( 'NONE',  ( -35.92044976276247326, 10.00001200000000168, -18.82963807196613004 ) ) ;
#1396 = AXIS2_PLACEMENT_3D ( 'NONE', #370, #743, #1110 ) ;
#1397 =( NAMED_UNIT ( * ) SI_UNIT ( $, .STERADIAN. ) SOLID_ANGLE_UNIT ( ) );
#1398 = VECTOR ( 'NONE', #1547, 1000.000000000000000 ) ;
#1399 = ORIENTED_EDGE ( 'NONE', *, *, #1406, .T. ) ;
#1400 =( GEOMETRIC_REPRESENTATION_CONTEXT ( 3 ) GLOBAL_UNCERTAINTY_ASSIGNED_CONTEXT ( ( #2184 ) ) GLOBAL_UNIT_ASSIGNED_CONTEXT ( ( #245, #986, #2040 ) ) REPRESENTATION_CONTEXT ( 'NONE', 'WORKASPACE' ) );
#1401 = FACE_BOUND ( 'NONE', #394, .T. ) ;
#1402 = CARTESIAN_POINT ( 'NONE',  ( 43.50000000000000000, 0.000000000000000000, 24.50000000000000000 ) ) ;
#1403 = STYLED_ITEM ( 'NONE', ( #1102 ), #1754 ) ;
#1404 = CARTESIAN_POINT ( 'NONE',  ( -37.00000000000001421, 3.000000000000000000, 13.99999999999999822 ) ) ;
#1405 = VECTOR ( 'NONE', #961, 1000.000000000000000 ) ;
#1406 = EDGE_CURVE ( 'NONE', #2188, #399, #447, .T. ) ;
#1407 = ADVANCED_FACE ( 'NONE', ( #1129, #1800 ), #935, .F. ) ;
#1408 = CARTESIAN_POINT ( 'NONE',  ( -44.50000000000001421, 23.00000000000000000, 23.50000000000000000 ) ) ;
#1409 = ORIENTED_EDGE ( 'NONE', *, *, #790, .F. ) ;
#1410 = CARTESIAN_POINT ( 'NONE',  ( 44.69999999999999574, 11.00000000000000000, 0.000000000000000000 ) ) ;
#1411 = DIRECTION ( 'NONE',  ( -1.000000000000000000, 0.000000000000000000, 0.000000000000000000 ) ) ;
#1412 = SURFACE_STYLE_FILL_AREA ( #1197 ) ;
#1413 = ORIENTED_EDGE ( 'NONE', *, *, #2065, .F. ) ;
#1414 = EDGE_CURVE ( 'NONE', #2199, #1732, #2205, .T. ) ;
#1415 = DIRECTION ( 'NONE',  ( 0.000000000000000000, 0.000000000000000000, 1.000000000000000000 ) ) ;
#1416 = ADVANCED_FACE ( 'NONE', ( #1633 ), #207, .T. ) ;
#1417 = EDGE_CURVE ( 'NONE', #627, #662, #1054, .T. ) ;
#1418 = DIRECTION ( 'NONE',  ( 0.000000000000000000, 0.000000000000000000, -1.000000000000000000 ) ) ;
#1419 = DIRECTION ( 'NONE',  ( -1.000000000000000000, 0.000000000000000000, 1.416100796715760863E-16 ) ) ;
#1420 = CARTESIAN_POINT ( 'NONE',  ( 44.69999999999999574, 23.00000000000000355, -2.999999999999988898 ) ) ;
#1421 = CARTESIAN_POINT ( 'NONE',  ( 44.50000000000000000, 3.000000000000000000, -23.50000000000000000 ) ) ;
#1422 = PRODUCT_CONTEXT ( 'NONE', #107, 'mechanical' ) ;
#1423 = CYLINDRICAL_SURFACE ( 'NONE', #2269, 2.500000000000002220 ) ;
#1424 = CARTESIAN_POINT ( 'NONE',  ( 56.99999999999999289, 23.00000000000000355, -3.999999999999989786 ) ) ;
#1425 = FACE_OUTER_BOUND ( 'NONE', #1637, .T. ) ;
#1426 = EDGE_LOOP ( 'NONE', ( #1409, #609, #373, #2339 ) ) ;
#1427 = ORIENTED_EDGE ( 'NONE', *, *, #1527, .T. ) ;
#1428 = CYLINDRICAL_SURFACE ( 'NONE', #1200, 2.499999999999998668 ) ;
#1429 = DIRECTION ( 'NONE',  ( 0.000000000000000000, 0.000000000000000000, -1.000000000000000000 ) ) ;
#1430 = CARTESIAN_POINT ( 'NONE',  ( -40.50000000000000711, 0.000000000000000000, 21.50000000000000000 ) ) ;
#1431 = DIRECTION ( 'NONE',  ( -0.000000000000000000, -1.000000000000000000, -0.000000000000000000 ) ) ;
#1432 = DIRECTION ( 'NONE',  ( -0.000000000000000000, 1.000000000000000000, -0.000000000000000000 ) ) ;
#1433 =( NAMED_UNIT ( * ) PLANE_ANGLE_UNIT ( ) SI_UNIT ( $, .RADIAN. ) );
#1434 =( NAMED_UNIT ( * ) SI_UNIT ( $, .STERADIAN. ) SOLID_ANGLE_UNIT ( ) );
#1435 = ADVANCED_FACE ( 'NONE', ( #48 ), #182, .F. ) ;
#1436 = VECTOR ( 'NONE', #1484, 1000.000000000000000 ) ;
#1437 = DIRECTION ( 'NONE',  ( 0.000000000000000000, 1.000000000000000000, 0.000000000000000000 ) ) ;
#1438 = AXIS2_PLACEMENT_3D ( 'NONE', #2232, #810, #1533 ) ;
#1439 = CARTESIAN_POINT ( 'NONE',  ( 43.50000000000000000, 0.000000000000000000, -21.50000000000000000 ) ) ;
#1440 = PRESENTATION_STYLE_ASSIGNMENT (( #715 ) ) ;
#1441 = ORIENTED_EDGE ( 'NONE', *, *, #2317, .T. ) ;
#1442 = VECTOR ( 'NONE', #517, 1000.000000000000000 ) ;
#1443 = ORIENTED_EDGE ( 'NONE', *, *, #1083, .F. ) ;
#1444 = AXIS2_PLACEMENT_3D ( 'NONE', #1184, #1542, #2264 ) ;
#1445 = CARTESIAN_POINT ( 'NONE',  ( 44.50000000000000000, 23.00000000000000000, 0.000000000000000000 ) ) ;
#1446 = CIRCLE ( 'NONE', #1099, 2.000000000000001776 ) ;
#1447 = CARTESIAN_POINT ( 'NONE',  ( 43.00000000000000000, 3.000000000000000000, -24.00000000000000000 ) ) ;
#1448 = CARTESIAN_POINT ( 'NONE',  ( -36.32011437649929775, 10.00001200000000168, -19.17961162427824462 ) ) ;
#1449 = VECTOR ( 'NONE', #1689, 1000.000000000000000 ) ;
#1450 = EDGE_CURVE ( 'NONE', #747, #1104, #78, .T. ) ;
#1451 = DIRECTION ( 'NONE',  ( -1.508455196501571676E-16, 0.000000000000000000, -1.000000000000000000 ) ) ;
#1452 = LINE ( 'NONE', #538, #637 ) ;
#1453 = EDGE_CURVE ( 'NONE', #192, #349, #683, .T. ) ;
#1454 = LINE ( 'NONE', #1772, #1260 ) ;
#1455 = DIRECTION ( 'NONE',  ( -0.000000000000000000, -1.000000000000000000, -0.000000000000000000 ) ) ;
#1456 = ORIENTED_EDGE ( 'NONE', *, *, #979, .T. ) ;
#1457 =( LENGTH_UNIT ( ) NAMED_UNIT ( * ) SI_UNIT ( .MILLI., .METRE. ) );
#1458 = VERTEX_POINT ( 'NONE', #276 ) ;
#1459 = CARTESIAN_POINT ( 'NONE',  ( 44.69999999999999574, 11.00000000000000000, -2.999999999999996447 ) ) ;
#1460 = EDGE_CURVE ( 'NONE', #115, #367, #816, .T. ) ;
#1461 = LINE ( 'NONE', #700, #1973 ) ;
#1462 = ORIENTED_EDGE ( 'NONE', *, *, #1406, .F. ) ;
#1463 = VERTEX_POINT ( 'NONE', #957 ) ;
#1464 = EDGE_CURVE ( 'NONE', #36, #2285, #1361, .T. ) ;
#1465 = SURFACE_STYLE_USAGE ( .BOTH. , #12 ) ;
#1466 = FILL_AREA_STYLE ('',( #1801 ) ) ;
#1467 = FACE_OUTER_BOUND ( 'NONE', #91, .T. ) ;
#1468 = CARTESIAN_POINT ( 'NONE',  ( -37.00000000000001421, 10.00000600000000084, -19.34999999999999787 ) ) ;
#1469 =( NAMED_UNIT ( * ) PLANE_ANGLE_UNIT ( ) SI_UNIT ( $, .RADIAN. ) );
#1470 = ORIENTED_EDGE ( 'NONE', *, *, #1766, .F. ) ;
#1471 = AXIS2_PLACEMENT_3D ( 'NONE', #1621, #2193, #195 ) ;
#1472 = ORIENTED_EDGE ( 'NONE', *, *, #1107, .T. ) ;
#1473 = VECTOR ( 'NONE', #580, 1000.000000000000000 ) ;
#1474 = EDGE_LOOP ( 'NONE', ( #551, #1943, #1456, #1956 ) ) ;
#1475 = FILL_AREA_STYLE ('',( #534 ) ) ;
#1476 = AXIS2_PLACEMENT_3D ( 'NONE', #874, #684, #950 ) ;
#1477 = CARTESIAN_POINT ( 'NONE',  ( -37.82963807196615846, 10.00001200000000168, -16.92044976276245905 ) ) ;
#1478 = ADVANCED_FACE ( 'NONE', ( #1731 ), #1532, .F. ) ;
#1479 = EDGE_CURVE ( 'NONE', #1128, #52, #68, .T. ) ;
#1480 = VECTOR ( 'NONE', #1162, 1000.000000000000000 ) ;
#1481 = LINE ( 'NONE', #2207, #338 ) ;
#1482 = CARTESIAN_POINT ( 'NONE',  ( -37.00000000000001421, 10.00000000000000000, -18.00000000000000000 ) ) ;
#1483 = ORIENTED_EDGE ( 'NONE', *, *, #144, .T. ) ;
#1484 = DIRECTION ( 'NONE',  ( -0.000000000000000000, -0.000000000000000000, -1.000000000000000000 ) ) ;
#1485 = UNCERTAINTY_MEASURE_WITH_UNIT (LENGTH_MEASURE( 1.000000000000000082E-05 ), #494, 'distance_accuracy_value', 'NONE');
#1486 = ORIENTED_EDGE ( 'NONE', *, *, #1107, .F. ) ;
#1487 = FILL_AREA_STYLE ('',( #763 ) ) ;
#1488 = ORIENTED_EDGE ( 'NONE', *, *, #1388, .F. ) ;
#1489 = ORIENTED_EDGE ( 'NONE', *, *, #852, .T. ) ;
#1490 = CARTESIAN_POINT ( 'NONE',  ( 43.00000000000000000, 0.000000000000000000, 24.00000000000000355 ) ) ;
#1491 = ORIENTED_EDGE ( 'NONE', *, *, #8, .F. ) ;
#1492 = SURFACE_SIDE_STYLE ('',( #1117 ) ) ;
#1493 = EDGE_CURVE ( 'NONE', #1013, #2068, #828, .T. ) ;
#1494 = APPLICATION_PROTOCOL_DEFINITION ( 'draft international standard', 'automotive_design', 1998, #107 ) ;
#1495 = CARTESIAN_POINT ( 'NONE',  ( -36.64664035611500026, 10.00001200000000168, 17.81486311350223062 ) ) ;
#1496 = ADVANCED_FACE ( 'NONE', ( #2072 ), #597, .F. ) ;
#1497 = EDGE_CURVE ( 'NONE', #884, #1026, #2062, .T. ) ;
#1498 = DIRECTION ( 'NONE',  ( -0.000000000000000000, -1.000000000000000000, -0.000000000000000000 ) ) ;
#1499 =( NAMED_UNIT ( * ) SI_UNIT ( $, .STERADIAN. ) SOLID_ANGLE_UNIT ( ) );
#1500 = EDGE_LOOP ( 'NONE', ( #376, #644, #1151, #2050 ) ) ;
#1501 = CYLINDRICAL_SURFACE ( 'NONE', #1555, 2.999999999999999112 ) ;
#1502 = EDGE_LOOP ( 'NONE', ( #1004, #374, #500, #2088 ) ) ;
#1503 = ORIENTED_EDGE ( 'NONE', *, *, #1238, .T. ) ;
#1504 = SURFACE_SIDE_STYLE ('',( #1879 ) ) ;
#1505 = ORIENTED_EDGE ( 'NONE', *, *, #1028, .F. ) ;
#1506 = FACE_OUTER_BOUND ( 'NONE', #19, .T. ) ;
#1507 = CARTESIAN_POINT ( 'NONE',  ( -36.82328541323558824, 10.00001200000000168, 15.15000000000000568 ) ) ;
#1508 =( LENGTH_UNIT ( ) NAMED_UNIT ( * ) SI_UNIT ( .MILLI., .METRE. ) );
#1509 = LINE ( 'NONE', #1148, #1584 ) ;
#1510 = DIRECTION ( 'NONE',  ( 0.000000000000000000, -0.000000000000000000, 1.000000000000000000 ) ) ;
#1511 = AXIS2_PLACEMENT_3D ( 'NONE', #1355, #2100, #1897 ) ;
#1512 = EDGE_CURVE ( 'NONE', #1013, #747, #1036, .T. ) ;
#1513 = ORIENTED_EDGE ( 'NONE', *, *, #1574, .F. ) ;
#1514 = STYLED_ITEM ( 'NONE', ( #875 ), #365 ) ;
#1515 = SURFACE_STYLE_USAGE ( .BOTH. , #1504 ) ;
#1516 = VECTOR ( 'NONE', #1008, 1000.000000000000000 ) ;
#1517 = ORIENTED_EDGE ( 'NONE', *, *, #559, .T. ) ;
#1518 = CARTESIAN_POINT ( 'NONE',  ( -38.35000000000000853, 10.00001200000000168, 16.67671458676442597 ) ) ;
#1519 = DIRECTION ( 'NONE',  ( -0.000000000000000000, -1.000000000000000000, -0.000000000000000000 ) ) ;
#1520 = AXIS2_PLACEMENT_3D ( 'NONE', #80, #1909, #2276 ) ;
#1521 = DIRECTION ( 'NONE',  ( 0.000000000000000000, 0.000000000000000000, 1.000000000000000000 ) ) ;
#1522 = CARTESIAN_POINT ( 'NONE',  ( -42.50000000000000711, 2.999999999999999112, 23.50000000000000000 ) ) ;
#1523 = LINE ( 'NONE', #2235, #2224 ) ;
#1524 = AXIS2_PLACEMENT_3D ( 'NONE', #1877, #945, #1681 ) ;
#1525 = CARTESIAN_POINT ( 'NONE',  ( -42.00000000000000711, 3.000000000000000000, -23.00000000000000000 ) ) ;
#1526 = VECTOR ( 'NONE', #2306, 1000.000000000000000 ) ;
#1527 = EDGE_CURVE ( 'NONE', #457, #120, #1949, .T. ) ;
#1528 = VERTEX_POINT ( 'NONE', #1605 ) ;
#1529 = COLOUR_RGB ( '',0.8941176470588234615, 0.8941176470588234615, 0.8941176470588234615 ) ;
#1530 = CARTESIAN_POINT ( 'NONE',  ( -37.00000000000001421, 10.00000600000000084, 17.84999999999999787 ) ) ;
#1531 = ORIENTED_EDGE ( 'NONE', *, *, #1886, .T. ) ;
#1532 = PLANE ( 'NONE',  #2347 ) ;
#1533 = DIRECTION ( 'NONE',  ( 0.000000000000000000, 0.000000000000000000, -1.000000000000000000 ) ) ;
#1534 = CYLINDRICAL_SURFACE ( 'NONE', #408, 2.999999999999999112 ) ;
#1535 = ADVANCED_FACE ( 'NONE', ( #658 ), #114, .F. ) ;
#1536 = ORIENTED_EDGE ( 'NONE', *, *, #887, .T. ) ;
#1537 = ORIENTED_EDGE ( 'NONE', *, *, #1983, .F. ) ;
#1538 = LINE ( 'NONE', #430, #410 ) ;
#1539 = CARTESIAN_POINT ( 'NONE',  ( -44.50000000000001421, 23.00000000000000000, -23.50000000000000000 ) ) ;
#1540 = ORIENTED_EDGE ( 'NONE', *, *, #2223, .T. ) ;
#1541 = CIRCLE ( 'NONE', #1579, 2.000000000000001776 ) ;
#1542 = DIRECTION ( 'NONE',  ( 0.000000000000000000, 0.000000000000000000, -1.000000000000000000 ) ) ;
#1543 = CYLINDRICAL_SURFACE ( 'NONE', #359, 1.349999999999996980 ) ;
#1544 = PRESENTATION_STYLE_ASSIGNMENT (( #1465 ) ) ;
#1545 = ADVANCED_FACE ( 'NONE', ( #1390 ), #1014, .T. ) ;
#1546 = CARTESIAN_POINT ( 'NONE',  ( -42.50000000000000711, 2.999999999999999112, -23.50000000000000000 ) ) ;
#1547 = DIRECTION ( 'NONE',  ( 0.000000000000000000, 0.000000000000000000, -1.000000000000000000 ) ) ;
#1548 = AXIS2_PLACEMENT_3D ( 'NONE', #1482, #2194, #821 ) ;
#1549 = SURFACE_STYLE_USAGE ( .BOTH. , #464 ) ;
#1550 = COLOUR_RGB ( '',0.1019607843137254888, 0.1019607843137254888, 0.1019607843137254888 ) ;
#1551 = ORIENTED_EDGE ( 'NONE', *, *, #526, .F. ) ;
#1552 = AXIS2_PLACEMENT_3D ( 'NONE', #493, #1923, #995 ) ;
#1553 =( NAMED_UNIT ( * ) SI_UNIT ( $, .STERADIAN. ) SOLID_ANGLE_UNIT ( ) );
#1554 = ORIENTED_EDGE ( 'NONE', *, *, #1663, .T. ) ;
#1555 = AXIS2_PLACEMENT_3D ( 'NONE', #279, #638, #1740 ) ;
#1556 = FILL_AREA_STYLE_COLOUR ( '', #1550 ) ;
#1557 = VECTOR ( 'NONE', #416, 1000.000000000000000 ) ;
#1558 = CARTESIAN_POINT ( 'NONE',  ( -40.50000000000000711, -2.000000000000000000, -21.50000000000000000 ) ) ;
#1559 = CARTESIAN_POINT ( 'NONE',  ( 28.99999999999999289, 22.50000000000000000, 18.75000000000000000 ) ) ;
#1560 = CARTESIAN_POINT ( 'NONE',  ( 0.000000000000000000, 23.00000000000000000, 25.50000000000000000 ) ) ;
#1561 = ADVANCED_FACE ( 'NONE', ( #2313 ), #702, .T. ) ;
#1562 =( NAMED_UNIT ( * ) PLANE_ANGLE_UNIT ( ) SI_UNIT ( $, .RADIAN. ) );
#1563 = ORIENTED_EDGE ( 'NONE', *, *, #1269, .T. ) ;
#1564 = CARTESIAN_POINT ( 'NONE',  ( -42.99999999999999289, 3.000000000000000000, 24.00000000000000000 ) ) ;
#1565 = ORIENTED_EDGE ( 'NONE', *, *, #1882, .T. ) ;
#1566 = FILL_AREA_STYLE_COLOUR ( '', #1674 ) ;
#1567 = UNCERTAINTY_MEASURE_WITH_UNIT (LENGTH_MEASURE( 1.000000000000000082E-05 ), #1106, 'distance_accuracy_value', 'NONE');
#1568 = LINE ( 'NONE', #1789, #125 ) ;
#1569 = FILL_AREA_STYLE ('',( #156 ) ) ;
#1570 = CYLINDRICAL_SURFACE ( 'NONE', #1246, 1.350000000000000533 ) ;
#1571 = CARTESIAN_POINT ( 'NONE',  ( -35.65000000000001279, 10.00001200000000168, -17.82328541323557047 ) ) ;
#1572 = DIRECTION ( 'NONE',  ( 0.000000000000000000, 0.000000000000000000, -1.000000000000000000 ) ) ;
#1573 = ORIENTED_EDGE ( 'NONE', *, *, #440, .F. ) ;
#1574 = EDGE_CURVE ( 'NONE', #1353, #308, #105, .T. ) ;
#1575 =( NAMED_UNIT ( * ) PLANE_ANGLE_UNIT ( ) SI_UNIT ( $, .RADIAN. ) );
#1576 = DIRECTION ( 'NONE',  ( 0.000000000000000000, 0.000000000000000000, 1.000000000000000000 ) ) ;
#1577 = ORIENTED_EDGE ( 'NONE', *, *, #2065, .T. ) ;
#1578 = DIRECTION ( 'NONE',  ( -1.000000000000000000, 0.000000000000000000, -0.000000000000000000 ) ) ;
#1579 = AXIS2_PLACEMENT_3D ( 'NONE', #1629, #141, #1642 ) ;
#1580 = DIRECTION ( 'NONE',  ( 0.000000000000000000, 0.000000000000000000, -1.000000000000000000 ) ) ;
#1581 = STYLED_ITEM ( 'NONE', ( #696 ), #427 ) ;
#1582 = AXIS2_PLACEMENT_3D ( 'NONE', #1181, #1022, #1910 ) ;
#1583 = CARTESIAN_POINT ( 'NONE',  ( -44.99999999999999289, 3.000000000000000000, 24.00000000000000355 ) ) ;
#1584 = VECTOR ( 'NONE', #1876, 1000.000000000000000 ) ;
#1585 = LINE ( 'NONE', #2345, #766 ) ;
#1586 = ADVANCED_FACE ( 'NONE', ( #1425 ), #1758, .T. ) ;
#1587 = STYLED_ITEM ( 'NONE', ( #1214 ), #1304 ) ;
#1588 = EDGE_LOOP ( 'NONE', ( #2237, #581, #1090, #783 ) ) ;
#1589 = SURFACE_STYLE_USAGE ( .BOTH. , #1367 ) ;
#1590 = VECTOR ( 'NONE', #234, 1000.000000000000000 ) ;
#1591 = ADVANCED_FACE ( 'NONE', ( #1378 ), #476, .F. ) ;
#1592 = FILL_AREA_STYLE_COLOUR ( '', #1971 ) ;
#1593 = ORIENTED_EDGE ( 'NONE', *, *, #738, .T. ) ;
#1594 = CIRCLE ( 'NONE', #1676, 2.000000000000001776 ) ;
#1595 = ADVANCED_FACE ( 'NONE', ( #283 ), #1175, .T. ) ;
#1596 = DIRECTION ( 'NONE',  ( 0.000000000000000000, 0.000000000000000000, -1.000000000000000000 ) ) ;
#1597 = VECTOR ( 'NONE', #1612, 1000.000000000000000 ) ;
#1598 = CARTESIAN_POINT ( 'NONE',  ( 42.99999999999997868, 0.000000000000000000, 26.00000000000000000 ) ) ;
#1599 = COLOUR_RGB ( '',1.000000000000000000, 1.000000000000000000, 1.000000000000000000 ) ;
#1600 = DIRECTION ( 'NONE',  ( 0.000000000000000000, 0.000000000000000000, -1.000000000000000000 ) ) ;
#1601 = LINE ( 'NONE', #6, #1597 ) ;
#1602 = CARTESIAN_POINT ( 'NONE',  ( -37.00000000000001421, 0.000000000000000000, 17.84999999999999787 ) ) ;
#1603 = LINE ( 'NONE', #1784, #1211 ) ;
#1604 = DIRECTION ( 'NONE',  ( 0.000000000000000000, 0.000000000000000000, 1.000000000000000000 ) ) ;
#1605 = CARTESIAN_POINT ( 'NONE',  ( 45.00000000000000000, 0.000000000000000000, -24.00000000000000000 ) ) ;
#1606 = VERTEX_POINT ( 'NONE', #642 ) ;
#1607 = ORIENTED_EDGE ( 'NONE', *, *, #852, .F. ) ;
#1608 = CARTESIAN_POINT ( 'NONE',  ( 28.99999999999999289, 10.00000000000000000, 19.50000000000000000 ) ) ;
#1609 = SURFACE_SIDE_STYLE ('',( #885 ) ) ;
#1610 = UNCERTAINTY_MEASURE_WITH_UNIT (LENGTH_MEASURE( 1.000000000000000082E-05 ), #2304, 'distance_accuracy_value', 'NONE');
#1611 = DIRECTION ( 'NONE',  ( 0.000000000000000000, 1.000000000000000000, 0.000000000000000000 ) ) ;
#1612 = DIRECTION ( 'NONE',  ( -0.000000000000000000, 1.000000000000000000, -0.000000000000000000 ) ) ;
#1613 = DIRECTION ( 'NONE',  ( -1.000000000000000000, -0.000000000000000000, -0.000000000000000000 ) ) ;
#1614 = CARTESIAN_POINT ( 'NONE',  ( -40.50000000000000000, 0.000000000000000000, 24.50000000000000000 ) ) ;
#1615 = LINE ( 'NONE', #124, #2142 ) ;
#1616 = SURFACE_SIDE_STYLE ('',( #882 ) ) ;
#1617 = ORIENTED_EDGE ( 'NONE', *, *, #817, .T. ) ;
#1618 = VERTEX_POINT ( 'NONE', #2085 ) ;
#1619 = CARTESIAN_POINT ( 'NONE',  ( 43.00000000000000000, 3.000000000000000000, 24.00000000000000355 ) ) ;
#1620 =( GEOMETRIC_REPRESENTATION_CONTEXT ( 3 ) GLOBAL_UNCERTAINTY_ASSIGNED_CONTEXT ( ( #2107 ) ) GLOBAL_UNIT_ASSIGNED_CONTEXT ( ( #437, #96, #630 ) ) REPRESENTATION_CONTEXT ( 'NONE', 'WORKASPACE' ) );
#1621 = CARTESIAN_POINT ( 'NONE',  ( 45.00000000000000000, 3.000000000000000000, -26.00000000000000000 ) ) ;
#1622 = EDGE_CURVE ( 'NONE', #1050, #2199, #1594, .T. ) ;
#1623 = LINE ( 'NONE', #1781, #1009 ) ;
#1624 = CARTESIAN_POINT ( 'NONE',  ( 44.69999999999999574, 11.00000000000000000, -19.00000000000000355 ) ) ;
#1625 = LINE ( 'NONE', #2175, #2309 ) ;
#1626 = PRESENTATION_LAYER_ASSIGNMENT (  '', '', ( #1127 ) ) ;
#1627 = STYLED_ITEM ( 'NONE', ( #2334 ), #820 ) ;
#1628 = AXIS2_PLACEMENT_3D ( 'NONE', #659, #236, #649 ) ;
#1629 = CARTESIAN_POINT ( 'NONE',  ( 43.00000000000000000, 3.000000000000000000, -24.00000000000000000 ) ) ;
#1630 = ORIENTED_EDGE ( 'NONE', *, *, #1995, .T. ) ;
#1631 = COLOUR_RGB ( '',0.1019607843137254888, 0.1019607843137254888, 0.1019607843137254888 ) ;
#1632 = COLOUR_RGB ( '',1.000000000000000000, 1.000000000000000000, 1.000000000000000000 ) ;
#1633 = FACE_OUTER_BOUND ( 'NONE', #106, .T. ) ;
#1634 = AXIS2_PLACEMENT_3D ( 'NONE', #161, #1264, #1042 ) ;
#1635 = FILL_AREA_STYLE ('',( #1057 ) ) ;
#1636 = SURFACE_SIDE_STYLE ('',( #1859 ) ) ;
#1637 = EDGE_LOOP ( 'NONE', ( #926, #1070, #83, #2104 ) ) ;
#1638 = LINE ( 'NONE', #1782, #687 ) ;
#1639 = DIRECTION ( 'NONE',  ( 0.000000000000000000, -0.000000000000000000, 1.000000000000000000 ) ) ;
#1640 = EDGE_CURVE ( 'NONE', #1771, #1080, #1087, .T. ) ;
#1641 = DIRECTION ( 'NONE',  ( 0.000000000000000000, 1.000000000000000000, 0.000000000000000000 ) ) ;
#1642 = DIRECTION ( 'NONE',  ( 0.000000000000000000, 0.000000000000000000, 1.000000000000000000 ) ) ;
#1643 = ORIENTED_EDGE ( 'NONE', *, *, #121, .T. ) ;
#1644 = SURFACE_STYLE_FILL_AREA ( #1276 ) ;
#1645 = LINE ( 'NONE', #2147, #2295 ) ;
#1646 = CARTESIAN_POINT ( 'NONE',  ( -35.68513688649778715, 10.00001200000000168, 16.14664035611497539 ) ) ;
#1647 = EDGE_LOOP ( 'NONE', ( #546, #2018, #1680, #47 ) ) ;
#1648 = CARTESIAN_POINT ( 'NONE',  ( 28.99999999999999289, 10.00000000000000000, 22.00000000000000000 ) ) ;
#1649 = DIRECTION ( 'NONE',  ( -0.000000000000000000, 1.000000000000000000, -0.000000000000000000 ) ) ;
#1650 = UNCERTAINTY_MEASURE_WITH_UNIT (LENGTH_MEASURE( 1.000000000000000082E-05 ), #1768, 'distance_accuracy_value', 'NONE');
#1651 = LINE ( 'NONE', #336, #260 ) ;
#1652 = ORIENTED_EDGE ( 'NONE', *, *, #2064, .F. ) ;
#1653 = ORIENTED_EDGE ( 'NONE', *, *, #136, .T. ) ;
#1654 = EDGE_CURVE ( 'NONE', #662, #627, #1936, .T. ) ;
#1655 = EDGE_CURVE ( 'NONE', #1124, #884, #1651, .T. ) ;
#1656 = ORIENTED_EDGE ( 'NONE', *, *, #1194, .T. ) ;
#1657 = CARTESIAN_POINT ( 'NONE',  ( -38.31486311350224838, 10.00001200000000168, -18.35335964388502461 ) ) ;
#1658 = CARTESIAN_POINT ( 'NONE',  ( -35.92044976276247326, 10.00001200000000168, 15.67036192803386641 ) ) ;
#1659 = CARTESIAN_POINT ( 'NONE',  ( -42.50000000000000711, 3.000000000000000000, 25.50000000000000000 ) ) ;
#1660 =( LENGTH_UNIT ( ) NAMED_UNIT ( * ) SI_UNIT ( .MILLI., .METRE. ) );
#1661 = VECTOR ( 'NONE', #1236, 1000.000000000000000 ) ;
#1662 = ORIENTED_EDGE ( 'NONE', *, *, #1290, .T. ) ;
#1663 = EDGE_CURVE ( 'NONE', #2338, #191, #567, .T. ) ;
#1664 = CARTESIAN_POINT ( 'NONE',  ( 28.99999999999999289, 10.00000000000000000, 19.50000000000000000 ) ) ;
#1665 = EDGE_LOOP ( 'NONE', ( #764, #113, #1122, #1926 ) ) ;
#1666 = CIRCLE ( 'NONE', #1893, 1.349999999999996980 ) ;
#1667 = EDGE_LOOP ( 'NONE', ( #1033, #2126, #967, #1349 ) ) ;
#1668 = ADVANCED_FACE ( 'NONE', ( #726 ), #1266, .T. ) ;
#1669 = DIRECTION ( 'NONE',  ( 0.000000000000000000, 1.000000000000000000, 0.000000000000000000 ) ) ;
#1670 = VECTOR ( 'NONE', #2149, 1000.000000000000000 ) ;
#1671 = VERTEX_POINT ( 'NONE', #1614 ) ;
#1672 = EDGE_CURVE ( 'NONE', #102, #425, #1461, .T. ) ;
#1673 = CARTESIAN_POINT ( 'NONE',  ( -37.17671458676444729, 10.00001200000000168, -16.64999999999999858 ) ) ;
#1674 = COLOUR_RGB ( '',1.000000000000000000, 1.000000000000000000, 1.000000000000000000 ) ;
#1675 =( NAMED_UNIT ( * ) SI_UNIT ( $, .STERADIAN. ) SOLID_ANGLE_UNIT ( ) );
#1676 = AXIS2_PLACEMENT_3D ( 'NONE', #458, #1641, #734 ) ;
#1677 = CARTESIAN_POINT ( 'NONE',  ( 0.000000000000000000, -2.000000000000000000, 0.000000000000000000 ) ) ;
#1678 = CARTESIAN_POINT ( 'NONE',  ( -44.99999999999999289, 0.000000000000000000, 23.99999999999998934 ) ) ;
#1679 = AXIS2_PLACEMENT_3D ( 'NONE', #1385, #2092, #490 ) ;
#1680 = ORIENTED_EDGE ( 'NONE', *, *, #2316, .F. ) ;
#1681 = DIRECTION ( 'NONE',  ( 0.000000000000000000, 0.000000000000000000, 1.000000000000000000 ) ) ;
#1682 = ORIENTED_EDGE ( 'NONE', *, *, #2249, .F. ) ;
#1683 = DIRECTION ( 'NONE',  ( -1.000000000000000000, 0.000000000000000000, 0.000000000000000000 ) ) ;
#1684 = ORIENTED_EDGE ( 'NONE', *, *, #1829, .F. ) ;
#1685 = FILL_AREA_STYLE_COLOUR ( '', #1900 ) ;
#1686 = DIRECTION ( 'NONE',  ( 0.000000000000000000, -1.000000000000000000, 0.000000000000000000 ) ) ;
#1687 = CARTESIAN_POINT ( 'NONE',  ( -35.82038837572177670, 10.00001200000000168, 15.82011437649928354 ) ) ;
#1688 = EDGE_CURVE ( 'NONE', #1105, #1753, #862, .T. ) ;
#1689 = DIRECTION ( 'NONE',  ( 1.000000000000000000, 0.000000000000000000, -0.000000000000000000 ) ) ;
#1690 = ORIENTED_EDGE ( 'NONE', *, *, #419, .T. ) ;
#1691 = EDGE_LOOP ( 'NONE', ( #2282, #1317, #1196, #481 ) ) ;
#1692 = CARTESIAN_POINT ( 'NONE',  ( -37.00000000000001421, 10.00000600000000084, 15.15000000000000213 ) ) ;
#1693 = DIRECTION ( 'NONE',  ( 0.000000000000000000, 0.000000000000000000, 1.000000000000000000 ) ) ;
#1694 = EDGE_CURVE ( 'NONE', #193, #1026, #2156, .T. ) ;
#1695 = CARTESIAN_POINT ( 'NONE',  ( -44.50000000000001421, 23.00000000000000000, 23.50000000000000000 ) ) ;
#1696 = FACE_OUTER_BOUND ( 'NONE', #1426, .T. ) ;
#1697 = CIRCLE ( 'NONE', #819, 2.999999999999999112 ) ;
#1698 = ORIENTED_EDGE ( 'NONE', *, *, #1145, .F. ) ;
#1699 = ORIENTED_EDGE ( 'NONE', *, *, #558, .F. ) ;
#1700 = CARTESIAN_POINT ( 'NONE',  ( -37.35335964388503527, 10.00001200000000168, 17.81486311350222351 ) ) ;
#1701 = MECHANICAL_DESIGN_GEOMETRIC_PRESENTATION_REPRESENTATION (  '', ( #1627 ), #639 ) ;
#1702 = CARTESIAN_POINT ( 'NONE',  ( -37.00000000000001421, 0.000000000000000000, 15.15000000000000213 ) ) ;
#1703 = VECTOR ( 'NONE', #770, 1000.000000000000000 ) ;
#1704 = CARTESIAN_POINT ( 'NONE',  ( -37.00000000000001421, 10.00000000000000000, 16.50000000000000000 ) ) ;
#1705 = EDGE_CURVE ( 'NONE', #1307, #1836, #356, .T. ) ;
#1706 = DIRECTION ( 'NONE',  ( 0.000000000000000000, 1.000000000000000000, 0.000000000000000000 ) ) ;
#1707 = VECTOR ( 'NONE', #55, 1000.000000000000000 ) ;
#1708 = CARTESIAN_POINT ( 'NONE',  ( 44.69999999999999574, 23.00000000000000355, -2.999999999999988898 ) ) ;
#1709 = VECTOR ( 'NONE', #333, 1000.000000000000000 ) ;
#1710 = EDGE_CURVE ( 'NONE', #1124, #193, #1603, .T. ) ;
#1711 = EDGE_LOOP ( 'NONE', ( #1757, #848 ) ) ;
#1712 = VECTOR ( 'NONE', #1683, 1000.000000000000000 ) ;
#1713 = DIRECTION ( 'NONE',  ( 3.122502256758255294E-14, 0.000000000000000000, 1.000000000000000000 ) ) ;
#1714 = CARTESIAN_POINT ( 'NONE',  ( -37.00000000000001421, 10.00000600000000084, 15.15000000000000213 ) ) ;
#1715 = CARTESIAN_POINT ( 'NONE',  ( -44.50000000000001421, 3.000000000000000000, -23.50000000000000000 ) ) ;
#1716 = DIRECTION ( 'NONE',  ( 0.000000000000000000, 1.000000000000000000, 0.000000000000000000 ) ) ;
#1717 = CARTESIAN_POINT ( 'NONE',  ( 40.49999999999999289, -2.000000000000000000, -21.50000000000000000 ) ) ;
#1718 = ORIENTED_EDGE ( 'NONE', *, *, #1450, .F. ) ;
#1719 = FACE_OUTER_BOUND ( 'NONE', #2215, .T. ) ;
#1720 = DIRECTION ( 'NONE',  ( -1.000000000000000000, 0.000000000000000000, 0.000000000000000000 ) ) ;
#1721 = EDGE_CURVE ( 'NONE', #1771, #1751, #1454, .T. ) ;
#1722 = DIRECTION ( 'NONE',  ( 0.000000000000000000, 0.000000000000000000, -1.000000000000000000 ) ) ;
#1723 = CARTESIAN_POINT ( 'NONE',  ( 41.99999999999999289, 23.00000000000000000, 23.00000000000000000 ) ) ;
#1724 = B_SPLINE_CURVE_WITH_KNOTS ( 'NONE', 3,
 ( #922, #1324, #2243, #1155, #802, #428, #1841, #1657, #24, #403, #778, #224, #755, #1477, #787, #574, #1673, #1131 ),
 .UNSPECIFIED., .F., .F.,
 ( 4, 2, 2, 2, 2, 2, 2, 2, 4 ),
 ( 0.5000000000000000000, 0.5625000000000000000, 0.6250000000000000000, 0.6875000000000000000, 0.7500000000000000000, 0.8125000000000000000, 0.8750000000000000000, 0.9375000000000000000, 1.000000000000000000 ),
 .UNSPECIFIED. ) ;
#1725 = FILL_AREA_STYLE ('',( #1919 ) ) ;
#1726 = SURFACE_SIDE_STYLE ('',( #1182 ) ) ;
#1727 = ORIENTED_EDGE ( 'NONE', *, *, #796, .T. ) ;
#1728 =( NAMED_UNIT ( * ) PLANE_ANGLE_UNIT ( ) SI_UNIT ( $, .RADIAN. ) );
#1729 = CARTESIAN_POINT ( 'NONE',  ( -43.00000000000000000, 0.000000000000000000, -24.00000000000000000 ) ) ;
#1730 = CIRCLE ( 'NONE', #598, 0.7500000000000006661 ) ;
#1731 = FACE_OUTER_BOUND ( 'NONE', #1588, .T. ) ;
#1732 = VERTEX_POINT ( 'NONE', #2323 ) ;
#1733 = VECTOR ( 'NONE', #1418, 1000.000000000000000 ) ;
#1734 = PRESENTATION_STYLE_ASSIGNMENT (( #2275 ) ) ;
#1735 = ADVANCED_FACE ( 'NONE', ( #1980 ), #1423, .T. ) ;
#1736 = DIRECTION ( 'NONE',  ( 1.000000000000000000, 0.000000000000000000, 0.000000000000000000 ) ) ;
#1737 = AXIS2_PLACEMENT_3D ( 'NONE', #709, #331, #1272 ) ;
#1738 = VECTOR ( 'NONE', #972, 1000.000000000000000 ) ;
#1739 =( GEOMETRIC_REPRESENTATION_CONTEXT ( 3 ) GLOBAL_UNCERTAINTY_ASSIGNED_CONTEXT ( ( #1485 ) ) GLOBAL_UNIT_ASSIGNED_CONTEXT ( ( #494, #2140, #310 ) ) REPRESENTATION_CONTEXT ( 'NONE', 'WORKASPACE' ) );
#1740 = DIRECTION ( 'NONE',  ( 0.000000000000000000, 0.000000000000000000, 1.000000000000000000 ) ) ;
#1741 = ORIENTED_EDGE ( 'NONE', *, *, #1007, .F. ) ;
#1742 = STYLED_ITEM ( 'NONE', ( #1191 ), #1915 ) ;
#1743 = ORIENTED_EDGE ( 'NONE', *, *, #1163, .T. ) ;
#1744 = DIRECTION ( 'NONE',  ( 1.000000000000000000, 0.000000000000000000, -0.000000000000000000 ) ) ;
#1745 = FILL_AREA_STYLE_COLOUR ( '', #1199 ) ;
#1746 = FACE_OUTER_BOUND ( 'NONE', #1205, .T. ) ;
#1747 = ADVANCED_FACE ( 'NONE', ( #2138 ), #894, .T. ) ;
#1748 = ORIENTED_EDGE ( 'NONE', *, *, #17, .T. ) ;
#1749 = VERTEX_POINT ( 'NONE', #2003 ) ;
#1750 =( LENGTH_UNIT ( ) NAMED_UNIT ( * ) SI_UNIT ( .MILLI., .METRE. ) );
#1751 = VERTEX_POINT ( 'NONE', #1796 ) ;
#1752 = ORIENTED_EDGE ( 'NONE', *, *, #360, .T. ) ;
#1753 = VERTEX_POINT ( 'NONE', #177 ) ;
#1754 = ADVANCED_FACE ( 'NONE', ( #515 ), #2127, .T. ) ;
#1755 = FACE_OUTER_BOUND ( 'NONE', #1984, .T. ) ;
#1756 = CARTESIAN_POINT ( 'NONE',  ( -43.50000000000000711, -2.000000000000000000, 21.50000000000000000 ) ) ;
#1757 = ORIENTED_EDGE ( 'NONE', *, *, #1832, .F. ) ;
#1758 = CYLINDRICAL_SURFACE ( 'NONE', #2157, 2.000000000000001776 ) ;
#1759 = DIRECTION ( 'NONE',  ( 0.000000000000000000, 1.000000000000000000, 0.000000000000000000 ) ) ;
#1760 = EDGE_LOOP ( 'NONE', ( #1916, #1489, #2007, #2261 ) ) ;
#1761 = FACE_OUTER_BOUND ( 'NONE', #855, .T. ) ;
#1762 = AXIS2_PLACEMENT_3D ( 'NONE', #2158, #1981, #1411 ) ;
#1763 =( NAMED_UNIT ( * ) PLANE_ANGLE_UNIT ( ) SI_UNIT ( $, .RADIAN. ) );
#1764 = CYLINDRICAL_SURFACE ( 'NONE', #600, 2.499999999999998668 ) ;
#1765 = AXIS2_PLACEMENT_3D ( 'NONE', #990, #1716, #652 ) ;
#1766 = EDGE_CURVE ( 'NONE', #396, #115, #1889, .T. ) ;
#1767 = VECTOR ( 'NONE', #409, 1000.000000000000000 ) ;
#1768 =( LENGTH_UNIT ( ) NAMED_UNIT ( * ) SI_UNIT ( .MILLI., .METRE. ) );
#1769 =( LENGTH_UNIT ( ) NAMED_UNIT ( * ) SI_UNIT ( .MILLI., .METRE. ) );
#1770 = AXIS2_PLACEMENT_3D ( 'NONE', #752, #1993, #352 ) ;
#1771 = VERTEX_POINT ( 'NONE', #566 ) ;
#1772 = CARTESIAN_POINT ( 'NONE',  ( 56.99999999999999289, 10.00000000000000000, -18.00000000000000355 ) ) ;
#1773 = MECHANICAL_DESIGN_GEOMETRIC_PRESENTATION_REPRESENTATION (  '', ( #608 ), #1934 ) ;
#1774 = CARTESIAN_POINT ( 'NONE',  ( -44.50000000000001421, 23.00000000000000000, 0.000000000000000000 ) ) ;
#1775 = EDGE_LOOP ( 'NONE', ( #1462, #1505, #930, #1777 ) ) ;
#1776 = AXIS2_PLACEMENT_3D ( 'NONE', #2222, #229, #927 ) ;
#1777 = ORIENTED_EDGE ( 'NONE', *, *, #1335, .F. ) ;
#1778 = DIRECTION ( 'NONE',  ( -0.000000000000000000, -1.000000000000000000, -0.000000000000000000 ) ) ;
#1779 =( GEOMETRIC_REPRESENTATION_CONTEXT ( 3 ) GLOBAL_UNCERTAINTY_ASSIGNED_CONTEXT ( ( #383 ) ) GLOBAL_UNIT_ASSIGNED_CONTEXT ( ( #1920, #1562, #1397 ) ) REPRESENTATION_CONTEXT ( 'NONE', 'WORKASPACE' ) );
#1780 = CYLINDRICAL_SURFACE ( 'NONE', #1256, 2.500000000000002220 ) ;
#1781 = CARTESIAN_POINT ( 'NONE',  ( 43.50000000000000000, 0.000000000000000000, -24.50000000000000000 ) ) ;
#1782 = CARTESIAN_POINT ( 'NONE',  ( -42.00000000000000000, 3.000000000000000000, 6.335511825306601778E-15 ) ) ;
#1783 = FACE_OUTER_BOUND ( 'NONE', #104, .T. ) ;
#1784 = CARTESIAN_POINT ( 'NONE',  ( 40.49999999999999289, -2.000000000000000000, -21.50000000000000000 ) ) ;
#1785 = FACE_OUTER_BOUND ( 'NONE', #1861, .T. ) ;
#1786 =( NAMED_UNIT ( * ) SI_UNIT ( $, .STERADIAN. ) SOLID_ANGLE_UNIT ( ) );
#1787 = ORIENTED_EDGE ( 'NONE', *, *, #1290, .F. ) ;
#1788 = ORIENTED_EDGE ( 'NONE', *, *, #1414, .T. ) ;
#1789 = CARTESIAN_POINT ( 'NONE',  ( 44.69999999999999574, 23.00000000000000000, -18.00000000000000355 ) ) ;
#1790 = SURFACE_SIDE_STYLE ('',( #1020 ) ) ;
#1791 = CYLINDRICAL_SURFACE ( 'NONE', #280, 2.000000000000001776 ) ;
#1792 = CYLINDRICAL_SURFACE ( 'NONE', #1045, 2.500000000000002220 ) ;
#1793 = DIRECTION ( 'NONE',  ( 0.000000000000000000, -1.000000000000000000, 0.000000000000000000 ) ) ;
#1794 =( NAMED_UNIT ( * ) SI_UNIT ( $, .STERADIAN. ) SOLID_ANGLE_UNIT ( ) );
#1795 = PLANE ( 'NONE',  #284 ) ;
#1796 = CARTESIAN_POINT ( 'NONE',  ( 41.99999999999999289, 10.00000000000000000, -18.00000000000000355 ) ) ;
#1797 = PLANE ( 'NONE',  #1843 ) ;
#1798 = VERTEX_POINT ( 'NONE', #30 ) ;
#1799 = VERTEX_POINT ( 'NONE', #1298 ) ;
#1800 = FACE_OUTER_BOUND ( 'NONE', #1000, .T. ) ;
#1801 = FILL_AREA_STYLE_COLOUR ( '', #442 ) ;
#1802 = EDGE_CURVE ( 'NONE', #2129, #1854, #1849, .T. ) ;
#1803 = CARTESIAN_POINT ( 'NONE',  ( -36.17036192803386996, 10.00001200000000168, -19.07955023723754095 ) ) ;
#1804 = CARTESIAN_POINT ( 'NONE',  ( 0.000000000000000000, 3.000000000000000000, -25.50000000000000000 ) ) ;
#1805 =( GEOMETRIC_REPRESENTATION_CONTEXT ( 3 ) GLOBAL_UNCERTAINTY_ASSIGNED_CONTEXT ( ( #668 ) ) GLOBAL_UNIT_ASSIGNED_CONTEXT ( ( #544, #863, #1039 ) ) REPRESENTATION_CONTEXT ( 'NONE', 'WORKASPACE' ) );
#1806 = CARTESIAN_POINT ( 'NONE',  ( 44.69999999999999574, 3.000000000000000000, -19.00000000000000355 ) ) ;
#1807 = STYLED_ITEM ( 'NONE', ( #2124 ), #1046 ) ;
#1808 = DIRECTION ( 'NONE',  ( -1.000000000000000000, 0.000000000000000000, 0.000000000000000000 ) ) ;
#1809 = CIRCLE ( 'NONE', #643, 2.000000000000001776 ) ;
#1810 = CARTESIAN_POINT ( 'NONE',  ( -40.50000000000000000, -2.000000000000000000, 21.50000000000000000 ) ) ;
#1811 = ORIENTED_EDGE ( 'NONE', *, *, #1388, .T. ) ;
#1812 = VECTOR ( 'NONE', #2049, 1000.000000000000000 ) ;
#1813 = DIRECTION ( 'NONE',  ( 0.000000000000000000, 0.000000000000000000, 1.000000000000000000 ) ) ;
#1814 = VECTOR ( 'NONE', #1348, 1000.000000000000000 ) ;
#1815 = PLANE ( 'NONE',  #174 ) ;
#1816 = VERTEX_POINT ( 'NONE', #1525 ) ;
#1817 = SURFACE_STYLE_USAGE ( .BOTH. , #1338 ) ;
#1818 = CARTESIAN_POINT ( 'NONE',  ( -40.50000000000000711, -2.000000000000000000, -21.50000000000000000 ) ) ;
#1819 = ADVANCED_FACE ( 'NONE', ( #953 ), #582, .F. ) ;
#1820 = EDGE_CURVE ( 'NONE', #257, #1749, #452, .T. ) ;
#1821 = DIRECTION ( 'NONE',  ( -1.000000000000000000, 0.000000000000000000, -0.000000000000000000 ) ) ;
#1822 = ORIENTED_EDGE ( 'NONE', *, *, #654, .F. ) ;
#1823 = UNCERTAINTY_MEASURE_WITH_UNIT (LENGTH_MEASURE( 1.000000000000000082E-05 ), #1660, 'distance_accuracy_value', 'NONE');
#1824 = ORIENTED_EDGE ( 'NONE', *, *, #979, .F. ) ;
#1825 = EDGE_LOOP ( 'NONE', ( #984, #669 ) ) ;
#1826 =( NAMED_UNIT ( * ) PLANE_ANGLE_UNIT ( ) SI_UNIT ( $, .RADIAN. ) );
#1827 = CARTESIAN_POINT ( 'NONE',  ( -43.00000000000000000, 3.000000000000000000, -24.00000000000000000 ) ) ;
#1828 = FILL_AREA_STYLE_COLOUR ( '', #857 ) ;
#1829 = EDGE_CURVE ( 'NONE', #1890, #728, #774, .T. ) ;
#1830 = ORIENTED_EDGE ( 'NONE', *, *, #1622, .T. ) ;
#1831 = FACE_BOUND ( 'NONE', #1178, .T. ) ;
#1832 = EDGE_CURVE ( 'NONE', #191, #2338, #37, .T. ) ;
#1833 = UNCERTAINTY_MEASURE_WITH_UNIT (LENGTH_MEASURE( 1.000000000000000082E-05 ), #1034, 'distance_accuracy_value', 'NONE');
#1834 = CARTESIAN_POINT ( 'NONE',  ( 44.50000000000000000, 23.00000000000000000, 23.50000000000000000 ) ) ;
#1835 = EDGE_CURVE ( 'NONE', #1753, #2105, #62, .T. ) ;
#1836 = VERTEX_POINT ( 'NONE', #1834 ) ;
#1837 = ORIENTED_EDGE ( 'NONE', *, *, #314, .T. ) ;
#1838 =( NAMED_UNIT ( * ) PLANE_ANGLE_UNIT ( ) SI_UNIT ( $, .RADIAN. ) );
#1839 = ORIENTED_EDGE ( 'NONE', *, *, #1640, .T. ) ;
#1840 =( NAMED_UNIT ( * ) SI_UNIT ( $, .STERADIAN. ) SOLID_ANGLE_UNIT ( ) );
#1841 = CARTESIAN_POINT ( 'NONE',  ( -38.17961162427826594, 10.00001200000000168, -18.67988562350071291 ) ) ;
#1842 = CARTESIAN_POINT ( 'NONE',  ( -40.50000000000000711, 0.000000000000000000, -21.50000000000000000 ) ) ;
#1843 = AXIS2_PLACEMENT_3D ( 'NONE', #2311, #1759, #1267 ) ;
#1844 = CARTESIAN_POINT ( 'NONE',  ( -42.00000000000000711, 23.00000000000000000, -23.00000000000000000 ) ) ;
#1845 = DIRECTION ( 'NONE',  ( -0.000000000000000000, -1.000000000000000000, -0.000000000000000000 ) ) ;
#1846 = AXIS2_PLACEMENT_3D ( 'NONE', #535, #912, #1240 ) ;
#1847 = CIRCLE ( 'NONE', #2182, 2.999999999999999112 ) ;
#1848 = ORIENTED_EDGE ( 'NONE', *, *, #2153, .F. ) ;
#1849 = LINE ( 'NONE', #1866, #1812 ) ;
#1850 =( GEOMETRIC_REPRESENTATION_CONTEXT ( 3 ) GLOBAL_UNCERTAINTY_ASSIGNED_CONTEXT ( ( #1823 ) ) GLOBAL_UNIT_ASSIGNED_CONTEXT ( ( #1660, #1339, #1499 ) ) REPRESENTATION_CONTEXT ( 'NONE', 'WORKASPACE' ) );
#1851 = VERTEX_POINT ( 'NONE', #606 ) ;
#1852 = CARTESIAN_POINT ( 'NONE',  ( -42.50000000000000711, 23.00000000000000000, -23.50000000000000000 ) ) ;
#1853 = STYLED_ITEM ( 'NONE', ( #671 ), #1316 ) ;
#1854 = VERTEX_POINT ( 'NONE', #592 ) ;
#1855 =( NAMED_UNIT ( * ) SI_UNIT ( $, .STERADIAN. ) SOLID_ANGLE_UNIT ( ) );
#1856 =( GEOMETRIC_REPRESENTATION_CONTEXT ( 3 ) GLOBAL_UNCERTAINTY_ASSIGNED_CONTEXT ( ( #2001 ) ) GLOBAL_UNIT_ASSIGNED_CONTEXT ( ( #2010, #1826, #1840 ) ) REPRESENTATION_CONTEXT ( 'NONE', 'WORKASPACE' ) );
#1857 =( NAMED_UNIT ( * ) SI_UNIT ( $, .STERADIAN. ) SOLID_ANGLE_UNIT ( ) );
#1858 = PRESENTATION_LAYER_ASSIGNMENT (  '', '', ( #525 ) ) ;
#1859 = SURFACE_STYLE_FILL_AREA ( #2218 ) ;
#1860 = VECTOR ( 'NONE', #395, 1000.000000000000000 ) ;
#1861 = EDGE_LOOP ( 'NONE', ( #242, #2297, #1577, #1565 ) ) ;
#1862 = CARTESIAN_POINT ( 'NONE',  ( -43.50000000000000711, -2.000000000000000000, 21.50000000000000000 ) ) ;
#1863 = DIRECTION ( 'NONE',  ( 0.000000000000000000, 0.000000000000000000, -1.000000000000000000 ) ) ;
#1864 = AXIS2_PLACEMENT_3D ( 'NONE', #1717, #1203, #472 ) ;
#1865 =( GEOMETRIC_REPRESENTATION_CONTEXT ( 3 ) GLOBAL_UNCERTAINTY_ASSIGNED_CONTEXT ( ( #261 ) ) GLOBAL_UNIT_ASSIGNED_CONTEXT ( ( #2251, #1838, #2051 ) ) REPRESENTATION_CONTEXT ( 'NONE', 'WORKASPACE' ) );
#1866 = CARTESIAN_POINT ( 'NONE',  ( -37.00000000000001421, 0.000000000000000000, -16.64999999999999858 ) ) ;
#1867 = ORIENTED_EDGE ( 'NONE', *, *, #2034, .F. ) ;
#1868 = SURFACE_SIDE_STYLE ('',( #1892 ) ) ;
#1869 = EDGE_CURVE ( 'NONE', #748, #1124, #795, .T. ) ;
#1870 = ORIENTED_EDGE ( 'NONE', *, *, #653, .F. ) ;
#1871 = DIRECTION ( 'NONE',  ( 0.000000000000000000, 0.000000000000000000, 1.000000000000000000 ) ) ;
#1872 = EDGE_CURVE ( 'NONE', #275, #1161, #1136, .T. ) ;
#1873 = DIRECTION ( 'NONE',  ( -1.000000000000000000, 0.000000000000000000, 0.000000000000000000 ) ) ;
#1874 = CARTESIAN_POINT ( 'NONE',  ( -37.00000000000001421, 0.000000000000000000, -18.00000000000000000 ) ) ;
#1875 = CARTESIAN_POINT ( 'NONE',  ( 43.50000000000000000, -2.000000000000000000, -21.50000000000000000 ) ) ;
#1876 = DIRECTION ( 'NONE',  ( 0.000000000000000000, 0.000000000000000000, 1.000000000000000000 ) ) ;
#1877 = CARTESIAN_POINT ( 'NONE',  ( -40.50000000000000000, -2.000000000000000000, 21.50000000000000000 ) ) ;
#1878 = ORIENTED_EDGE ( 'NONE', *, *, #144, .F. ) ;
#1879 = SURFACE_STYLE_FILL_AREA ( #243 ) ;
#1880 = ORIENTED_EDGE ( 'NONE', *, *, #1479, .T. ) ;
#1881 = CARTESIAN_POINT ( 'NONE',  ( -38.35000000000000853, 10.00001200000000168, 16.32328541323557758 ) ) ;
#1882 = EDGE_CURVE ( 'NONE', #2202, #2179, #423, .T. ) ;
#1883 = DIRECTION ( 'NONE',  ( -0.000000000000000000, 1.000000000000000000, -0.000000000000000000 ) ) ;
#1884 = PRODUCT_DEFINITION_CONTEXT ( 'detailed design', #1137, 'design' ) ;
#1885 = DIRECTION ( 'NONE',  ( 0.000000000000000000, 1.000000000000000000, 0.000000000000000000 ) ) ;
#1886 = EDGE_CURVE ( 'NONE', #1173, #845, #746, .T. ) ;
#1887 = CARTESIAN_POINT ( 'NONE',  ( -37.00000000000001421, 10.00000000000000000, 13.99999999999999822 ) ) ;
#1888 = DIRECTION ( 'NONE',  ( 0.000000000000000000, 0.000000000000000000, -1.000000000000000000 ) ) ;
#1889 = LINE ( 'NONE', #252, #219 ) ;
#1890 = VERTEX_POINT ( 'NONE', #2058 ) ;
#1891 = CIRCLE ( 'NONE', #2069, 2.000000000000001776 ) ;
#1892 = SURFACE_STYLE_FILL_AREA ( #34 ) ;
#1893 = AXIS2_PLACEMENT_3D ( 'NONE', #2133, #315, #159 ) ;
#1894 = CARTESIAN_POINT ( 'NONE',  ( -37.00000000000001421, 10.00000000000000000, -20.50000000000000000 ) ) ;
#1895 = CARTESIAN_POINT ( 'NONE',  ( -40.50000000000000711, -2.000000000000000000, -21.50000000000000000 ) ) ;
#1896 = COLOUR_RGB ( '',1.000000000000000000, 1.000000000000000000, 1.000000000000000000 ) ;
#1897 = DIRECTION ( 'NONE',  ( 0.000000000000000000, 0.000000000000000000, 1.000000000000000000 ) ) ;
#1898 = VECTOR ( 'NONE', #1189, 1000.000000000000000 ) ;
#1899 = FACE_OUTER_BOUND ( 'NONE', #1081, .T. ) ;
#1900 = COLOUR_RGB ( '',1.000000000000000000, 1.000000000000000000, 1.000000000000000000 ) ;
#1901 = DIRECTION ( 'NONE',  ( 0.000000000000000000, 1.000000000000000000, 0.000000000000000000 ) ) ;
#1902 = EDGE_CURVE ( 'NONE', #396, #775, #432, .T. ) ;
#1903 = ADVANCED_FACE ( 'NONE', ( #199 ), #1501, .T. ) ;
#1904 = ORIENTED_EDGE ( 'NONE', *, *, #960, .T. ) ;
#1905 = VECTOR ( 'NONE', #784, 1000.000000000000000 ) ;
#1906 = ORIENTED_EDGE ( 'NONE', *, *, #1710, .F. ) ;
#1907 = CARTESIAN_POINT ( 'NONE',  ( -37.82963807196615136, 10.00001200000000168, 15.42044976276246437 ) ) ;
#1908 = PRESENTATION_STYLE_ASSIGNMENT (( #647 ) ) ;
#1909 = DIRECTION ( 'NONE',  ( 0.000000000000000000, 1.000000000000000000, 0.000000000000000000 ) ) ;
#1910 = DIRECTION ( 'NONE',  ( 0.000000000000000000, 0.000000000000000000, 1.000000000000000000 ) ) ;
#1911 = EDGE_CURVE ( 'NONE', #1753, #192, #843, .T. ) ;
#1912 = ORIENTED_EDGE ( 'NONE', *, *, #781, .F. ) ;
#1913 = EDGE_CURVE ( 'NONE', #762, #1458, #294, .T. ) ;
#1914 =( LENGTH_UNIT ( ) NAMED_UNIT ( * ) SI_UNIT ( .MILLI., .METRE. ) );
#1915 = ADVANCED_FACE ( 'NONE', ( #272 ), #101, .T. ) ;
#1916 = ORIENTED_EDGE ( 'NONE', *, *, #915, .F. ) ;
#1917 = SURFACE_STYLE_FILL_AREA ( #79 ) ;
#1918 = CARTESIAN_POINT ( 'NONE',  ( -45.00000000000000000, 0.000000000000000000, -24.00000000000000000 ) ) ;
#1919 = FILL_AREA_STYLE_COLOUR ( '', #61 ) ;
#1920 =( LENGTH_UNIT ( ) NAMED_UNIT ( * ) SI_UNIT ( .MILLI., .METRE. ) );
#1921 = ORIENTED_EDGE ( 'NONE', *, *, #2316, .T. ) ;
#1922 = AXIS2_PLACEMENT_3D ( 'NONE', #1424, #1948, #881 ) ;
#1923 = DIRECTION ( 'NONE',  ( 1.000000000000000000, 0.000000000000000000, -1.334402673828313093E-16 ) ) ;
#1924 = ORIENTED_EDGE ( 'NONE', *, *, #1248, .T. ) ;
#1925 = CIRCLE ( 'NONE', #1846, 1.349999999999996980 ) ;
#1926 = ORIENTED_EDGE ( 'NONE', *, *, #1244, .T. ) ;
#1927 = VECTOR ( 'NONE', #724, 1000.000000000000000 ) ;
#1928 = DIRECTION ( 'NONE',  ( -0.000000000000000000, -1.000000000000000000, -0.000000000000000000 ) ) ;
#1929 = FACE_BOUND ( 'NONE', #1381, .T. ) ;
#1930 = ADVANCED_FACE ( 'NONE', ( #1172 ), #2103, .F. ) ;
#1931 = VECTOR ( 'NONE', #2033, 1000.000000000000000 ) ;
#1932 = VECTOR ( 'NONE', #71, 1000.000000000000000 ) ;
#1933 = FACE_BOUND ( 'NONE', #827, .T. ) ;
#1934 =( GEOMETRIC_REPRESENTATION_CONTEXT ( 3 ) GLOBAL_UNCERTAINTY_ASSIGNED_CONTEXT ( ( #549 ) ) GLOBAL_UNIT_ASSIGNED_CONTEXT ( ( #479, #1209, #1786 ) ) REPRESENTATION_CONTEXT ( 'NONE', 'WORKASPACE' ) );
#1935 = PRESENTATION_STYLE_ASSIGNMENT (( #2212 ) ) ;
#1936 = CIRCLE ( 'NONE', #648, 2.499999999999998668 ) ;
#1937 = ORIENTED_EDGE ( 'NONE', *, *, #790, .T. ) ;
#1938 = ORIENTED_EDGE ( 'NONE', *, *, #1417, .F. ) ;
#1939 = PRESENTATION_STYLE_ASSIGNMENT (( #1220 ) ) ;
#1940 = ORIENTED_EDGE ( 'NONE', *, *, #1655, .T. ) ;
#1941 = AXIS2_PLACEMENT_3D ( 'NONE', #1852, #398, #1319 ) ;
#1942 = ORIENTED_EDGE ( 'NONE', *, *, #393, .F. ) ;
#1943 = ORIENTED_EDGE ( 'NONE', *, *, #707, .F. ) ;
#1944 = ADVANCED_FACE ( 'NONE', ( #2289, #444 ), #307, .T. ) ;
#1945 = CARTESIAN_POINT ( 'NONE',  ( 0.000000000000000000, 23.00000000000000000, 0.000000000000000000 ) ) ;
#1946 = FILL_AREA_STYLE ('',( #1217 ) ) ;
#1947 = ORIENTED_EDGE ( 'NONE', *, *, #1654, .F. ) ;
#1948 = DIRECTION ( 'NONE',  ( 0.000000000000000000, -6.195440985631455317E-16, 1.000000000000000000 ) ) ;
#1949 = LINE ( 'NONE', #1402, #1442 ) ;
#1950 = DIRECTION ( 'NONE',  ( -0.000000000000000000, -1.000000000000000000, -0.000000000000000000 ) ) ;
#1951 = ADVANCED_FACE ( 'NONE', ( #811 ), #1362, .T. ) ;
#1952 = CARTESIAN_POINT ( 'NONE',  ( 43.00000000000000000, 3.000000000000000000, 26.00000000000000000 ) ) ;
#1953 = CARTESIAN_POINT ( 'NONE',  ( 41.99999999999999289, 23.00000000000000000, -18.00000000000000355 ) ) ;
#1954 = EDGE_CURVE ( 'NONE', #2188, #1749, #2125, .T. ) ;
#1955 = DIRECTION ( 'NONE',  ( 0.000000000000000000, 1.000000000000000000, -0.000000000000000000 ) ) ;
#1956 = ORIENTED_EDGE ( 'NONE', *, *, #382, .T. ) ;
#1957 = DIRECTION ( 'NONE',  ( 0.000000000000000000, 1.000000000000000000, 0.000000000000000000 ) ) ;
#1958 = SURFACE_STYLE_USAGE ( .BOTH. , #2098 ) ;
#1959 = ORIENTED_EDGE ( 'NONE', *, *, #1802, .T. ) ;
#1960 = LINE ( 'NONE', #705, #970 ) ;
#1961 = VECTOR ( 'NONE', #1928, 1000.000000000000000 ) ;
#1962 = CARTESIAN_POINT ( 'NONE',  ( -42.50000000000000711, 23.00000000000000000, 25.50000000000000000 ) ) ;
#1963 = CARTESIAN_POINT ( 'NONE',  ( -37.00000000000001421, 3.000000000000000000, -18.00000000000000000 ) ) ;
#1964 = DIRECTION ( 'NONE',  ( 0.000000000000000000, 0.000000000000000000, 1.000000000000000000 ) ) ;
#1965 = LINE ( 'NONE', #1408, #1202 ) ;
#1966 = CIRCLE ( 'NONE', #825, 2.999999999999999112 ) ;
#1967 = LINE ( 'NONE', #1804, #223 ) ;
#1968 = LINE ( 'NONE', #2176, #560 ) ;
#1969 = AXIS2_PLACEMENT_3D ( 'NONE', #545, #588, #1997 ) ;
#1970 = DIRECTION ( 'NONE',  ( 0.000000000000000000, 1.000000000000000000, 0.000000000000000000 ) ) ;
#1971 = COLOUR_RGB ( '',1.000000000000000000, 1.000000000000000000, 1.000000000000000000 ) ;
#1972 = EDGE_LOOP ( 'NONE', ( #76, #1153, #1904, #919 ) ) ;
#1973 = VECTOR ( 'NONE', #501, 1000.000000000000000 ) ;
#1974 = ORIENTED_EDGE ( 'NONE', *, *, #781, .T. ) ;
#1975 = CARTESIAN_POINT ( 'NONE',  ( -37.00000000000001421, 10.00000000000000000, -15.49999999999999645 ) ) ;
#1976 = COLOUR_RGB ( '',1.000000000000000000, 1.000000000000000000, 1.000000000000000000 ) ;
#1977 = PLANE ( 'NONE',  #1471 ) ;
#1978 = DIRECTION ( 'NONE',  ( -0.000000000000000000, 1.000000000000000000, -0.000000000000000000 ) ) ;
#1979 = LINE ( 'NONE', #853, #905 ) ;
#1980 = FACE_OUTER_BOUND ( 'NONE', #611, .T. ) ;
#1981 = DIRECTION ( 'NONE',  ( 0.000000000000000000, 0.000000000000000000, -1.000000000000000000 ) ) ;
#1982 = EDGE_LOOP ( 'NONE', ( #626, #955, #2084, #2159, #858, #2028, #2187, #43 ) ) ;
#1983 = EDGE_CURVE ( 'NONE', #1299, #1816, #1638, .T. ) ;
#1984 = EDGE_LOOP ( 'NONE', ( #1699, #591, #2120, #1472 ) ) ;
#1985 = DIRECTION ( 'NONE',  ( 0.000000000000000000, 1.000000000000000000, 0.000000000000000000 ) ) ;
#1986 = DIRECTION ( 'NONE',  ( -1.000000000000000000, 0.000000000000000000, 0.000000000000000000 ) ) ;
#1987 = CARTESIAN_POINT ( 'NONE',  ( -36.32011437649928354, 10.00001199999999990, -16.82038837572175183 ) ) ;
#1988 = DIRECTION ( 'NONE',  ( 0.000000000000000000, 0.000000000000000000, -1.000000000000000000 ) ) ;
#1989 = DIRECTION ( 'NONE',  ( -0.000000000000000000, -1.000000000000000000, -0.000000000000000000 ) ) ;
#1990 = DIRECTION ( 'NONE',  ( -1.000000000000000000, 0.000000000000000000, 0.000000000000000000 ) ) ;
#1991 = FILL_AREA_STYLE_COLOUR ( '', #1352 ) ;
#1992 = ORIENTED_EDGE ( 'NONE', *, *, #121, .F. ) ;
#1993 = DIRECTION ( 'NONE',  ( -0.000000000000000000, 1.000000000000000000, 0.000000000000000000 ) ) ;
#1994 = STYLED_ITEM ( 'NONE', ( #321 ), #171 ) ;
#1995 = EDGE_CURVE ( 'NONE', #1606, #641, #1625, .T. ) ;
#1996 = EDGE_CURVE ( 'NONE', #765, #2285, #1585, .T. ) ;
#1997 = DIRECTION ( 'NONE',  ( 0.000000000000000000, 0.000000000000000000, -1.000000000000000000 ) ) ;
#1998 = EDGE_LOOP ( 'NONE', ( #1387, #295, #22, #1305, #1427, #300, #216, #533 ) ) ;
#1999 = LINE ( 'NONE', #2166, #612 ) ;
#2000 = CARTESIAN_POINT ( 'NONE',  ( 44.69999999999999574, 11.00000000000000000, -2.999999999999996447 ) ) ;
#2001 = UNCERTAINTY_MEASURE_WITH_UNIT (LENGTH_MEASURE( 1.000000000000000082E-05 ), #2010, 'distance_accuracy_value', 'NONE');
#2002 =( GEOMETRIC_REPRESENTATION_CONTEXT ( 3 ) GLOBAL_UNCERTAINTY_ASSIGNED_CONTEXT ( ( #1610 ) ) GLOBAL_UNIT_ASSIGNED_CONTEXT ( ( #2304, #1226, #2333 ) ) REPRESENTATION_CONTEXT ( 'NONE', 'WORKASPACE' ) );
#2003 = CARTESIAN_POINT ( 'NONE',  ( -44.50000000000001421, 23.00000000000000000, -23.50000000000000000 ) ) ;
#2004 = ORIENTED_EDGE ( 'NONE', *, *, #1694, .F. ) ;
#2005 = ORIENTED_EDGE ( 'NONE', *, *, #419, .F. ) ;
#2006 = AXIS2_PLACEMENT_3D ( 'NONE', #1774, #870, #142 ) ;
#2007 = ORIENTED_EDGE ( 'NONE', *, *, #263, .T. ) ;
#2008 = ADVANCED_FACE ( 'NONE', ( #732 ), #688, .T. ) ;
#2009 = VECTOR ( 'NONE', #384, 1000.000000000000000 ) ;
#2010 =( LENGTH_UNIT ( ) NAMED_UNIT ( * ) SI_UNIT ( .MILLI., .METRE. ) );
#2011 = VECTOR ( 'NONE', #759, 1000.000000000000000 ) ;
#2012 = EDGE_CURVE ( 'NONE', #2227, #2105, #547, .T. ) ;
#2013 = DIRECTION ( 'NONE',  ( 0.000000000000000000, 0.000000000000000000, 1.000000000000000000 ) ) ;
#2014 = DIRECTION ( 'NONE',  ( 0.000000000000000000, 0.000000000000000000, 1.000000000000000000 ) ) ;
#2015 = FILL_AREA_STYLE_COLOUR ( '', #1252 ) ;
#2016 = CARTESIAN_POINT ( 'NONE',  ( -43.50000000000001421, 0.000000000000000000, -24.50000000000000000 ) ) ;
#2017 = EDGE_LOOP ( 'NONE', ( #1531, #340, #1491, #1371 ) ) ;
#2018 = ORIENTED_EDGE ( 'NONE', *, *, #485, .T. ) ;
#2019 = ORIENTED_EDGE ( 'NONE', *, *, #1460, .T. ) ;
#2020 = SURFACE_SIDE_STYLE ('',( #2 ) ) ;
#2021 = CARTESIAN_POINT ( 'NONE',  ( 45.00000000000000000, 3.000000000000000000, -24.00000000000000000 ) ) ;
#2022 = CARTESIAN_POINT ( 'NONE',  ( 42.99999999999997158, 0.000000000000000000, -26.00000000000000000 ) ) ;
#2023 = CARTESIAN_POINT ( 'NONE',  ( 45.00000000000000000, 0.000000000000000000, -26.00000000000000000 ) ) ;
#2024 = EDGE_LOOP ( 'NONE', ( #1870, #804, #1540, #914 ) ) ;
#2025 = DIRECTION ( 'NONE',  ( 0.000000000000000000, 0.000000000000000000, 1.000000000000000000 ) ) ;
#2026 = ORIENTED_EDGE ( 'NONE', *, *, #1996, .F. ) ;
#2027 = ORIENTED_EDGE ( 'NONE', *, *, #350, .F. ) ;
#2028 = ORIENTED_EDGE ( 'NONE', *, *, #1145, .T. ) ;
#2029 = DIRECTION ( 'NONE',  ( -0.000000000000000000, -1.000000000000000000, -0.000000000000000000 ) ) ;
#2030 = PRESENTATION_LAYER_ASSIGNMENT (  '', '', ( #1041 ) ) ;
#2031 = ORIENTED_EDGE ( 'NONE', *, *, #51, .F. ) ;
#2032 = LINE ( 'NONE', #1844, #2045 ) ;
#2033 = DIRECTION ( 'NONE',  ( -0.000000000000000000, 1.000000000000000000, -0.000000000000000000 ) ) ;
#2034 = EDGE_CURVE ( 'NONE', #1307, #681, #180, .T. ) ;
#2035 = VECTOR ( 'NONE', #297, 1000.000000000000000 ) ;
#2036 = PRESENTATION_LAYER_ASSIGNMENT (  '', '', ( #1807 ) ) ;
#2037 = ORIENTED_EDGE ( 'NONE', *, *, #1450, .T. ) ;
#2038 = LINE ( 'NONE', #2060, #1557 ) ;
#2039 = ORIENTED_EDGE ( 'NONE', *, *, #1655, .F. ) ;
#2040 =( NAMED_UNIT ( * ) SI_UNIT ( $, .STERADIAN. ) SOLID_ANGLE_UNIT ( ) );
#2041 = AXIS2_PLACEMENT_3D ( 'NONE', #1144, #1871, #2240 ) ;
#2042 = DIRECTION ( 'NONE',  ( 0.000000000000000000, 0.000000000000000000, 1.000000000000000000 ) ) ;
#2043 = STYLED_ITEM ( 'NONE', ( #1939 ), #1595 ) ;
#2044 = PRESENTATION_STYLE_ASSIGNMENT (( #939 ) ) ;
#2045 = VECTOR ( 'NONE', #563, 1000.000000000000000 ) ;
#2046 = VERTEX_POINT ( 'NONE', #510 ) ;
#2047 =( NAMED_UNIT ( * ) SI_UNIT ( $, .STERADIAN. ) SOLID_ANGLE_UNIT ( ) );
#2048 = LINE ( 'NONE', #975, #1168 ) ;
#2049 = DIRECTION ( 'NONE',  ( -0.000000000000000000, 1.000000000000000000, -0.000000000000000000 ) ) ;
#2050 = ORIENTED_EDGE ( 'NONE', *, *, #807, .T. ) ;
#2051 =( NAMED_UNIT ( * ) SI_UNIT ( $, .STERADIAN. ) SOLID_ANGLE_UNIT ( ) );
#2052 = EDGE_LOOP ( 'NONE', ( #1185, #1219, #1391, #518 ) ) ;
#2053 = CARTESIAN_POINT ( 'NONE',  ( -38.07955023723756227, 10.00001200000000168, 15.67036192803386641 ) ) ;
#2054 = EDGE_CURVE ( 'NONE', #748, #57, #1999, .T. ) ;
#2055 = CYLINDRICAL_SURFACE ( 'NONE', #1394, 2.000000000000001776 ) ;
#2056 = CARTESIAN_POINT ( 'NONE',  ( 44.50000000000000000, 23.00000000000000000, 23.50000000000000000 ) ) ;
#2057 = CARTESIAN_POINT ( 'NONE',  ( 40.49999999999999289, 0.000000000000000000, -21.50000000000000000 ) ) ;
#2058 = CARTESIAN_POINT ( 'NONE',  ( -40.50000000000000711, -2.000000000000000000, 21.50000000000000000 ) ) ;
#2059 = ORIENTED_EDGE ( 'NONE', *, *, #2223, .F. ) ;
#2060 = CARTESIAN_POINT ( 'NONE',  ( 44.69999999999999574, 23.00000000000000355, -3.999999999999987121 ) ) ;
#2061 = EDGE_LOOP ( 'NONE', ( #20, #1684, #358, #837 ) ) ;
#2062 = LINE ( 'NONE', #435, #1480 ) ;
#2063 = LINE ( 'NONE', #1356, #1898 ) ;
#2064 = EDGE_CURVE ( 'NONE', #1458, #1161, #1979, .T. ) ;
#2065 = EDGE_CURVE ( 'NONE', #231, #2202, #2136, .T. ) ;
#2066 = CARTESIAN_POINT ( 'NONE',  ( 43.50000000000000000, -2.000000000000000000, -24.50000000000000000 ) ) ;
#2067 =( GEOMETRIC_REPRESENTATION_CONTEXT ( 3 ) GLOBAL_UNCERTAINTY_ASSIGNED_CONTEXT ( ( #847 ) ) GLOBAL_UNIT_ASSIGNED_CONTEXT ( ( #1232, #178, #691 ) ) REPRESENTATION_CONTEXT ( 'NONE', 'WORKASPACE' ) );
#2068 = VERTEX_POINT ( 'NONE', #499 ) ;
#2069 = AXIS2_PLACEMENT_3D ( 'NONE', #1546, #1372, #2089 ) ;
#2070 = VERTEX_POINT ( 'NONE', #2151 ) ;
#2071 = EDGE_LOOP ( 'NONE', ( #584, #1470, #736, #1617 ) ) ;
#2072 = FACE_OUTER_BOUND ( 'NONE', #2061, .T. ) ;
#2073 = VECTOR ( 'NONE', #1327, 1000.000000000000000 ) ;
#2074 = LINE ( 'NONE', #87, #1961 ) ;
#2075 = EDGE_CURVE ( 'NONE', #1230, #1257, #1967, .T. ) ;
#2076 = STYLED_ITEM ( 'NONE', ( #362 ), #1407 ) ;
#2077 = PLANE ( 'NONE',  #1438 ) ;
#2078 = EDGE_CURVE ( 'NONE', #2141, #844, #1141, .T. ) ;
#2079 = DIRECTION ( 'NONE',  ( -1.000000000000000000, 0.000000000000000000, 1.508455196501571676E-16 ) ) ;
#2080 = VECTOR ( 'NONE', #1329, 1000.000000000000000 ) ;
#2081 = EDGE_CURVE ( 'NONE', #751, #1307, #1601, .T. ) ;
#2082 = FILL_AREA_STYLE_COLOUR ( '', #1330 ) ;
#2083 = PRESENTATION_LAYER_ASSIGNMENT (  '', '', ( #650 ) ) ;
#2084 = ORIENTED_EDGE ( 'NONE', *, *, #1479, .F. ) ;
#2085 = CARTESIAN_POINT ( 'NONE',  ( -44.50000000000001421, 3.000000000000000000, 23.50000000000000000 ) ) ;
#2086 = DIRECTION ( 'NONE',  ( -0.000000000000000000, 1.000000000000000000, -0.000000000000000000 ) ) ;
#2087 = DIRECTION ( 'NONE',  ( -1.000000000000000000, 0.000000000000000000, 0.000000000000000000 ) ) ;
#2088 = ORIENTED_EDGE ( 'NONE', *, *, #575, .F. ) ;
#2089 = DIRECTION ( 'NONE',  ( 0.000000000000000000, 0.000000000000000000, 1.000000000000000000 ) ) ;
#2090 = CARTESIAN_POINT ( 'NONE',  ( 42.49999999999999289, 23.00000000000000000, 25.50000000000000000 ) ) ;
#2091 = CYLINDRICAL_SURFACE ( 'NONE', #1582, 1.349999999999996980 ) ;
#2092 = DIRECTION ( 'NONE',  ( 0.000000000000000000, 1.000000000000000000, 0.000000000000000000 ) ) ;
#2093 = ORIENTED_EDGE ( 'NONE', *, *, #2293, .F. ) ;
#2094 = ORIENTED_EDGE ( 'NONE', *, *, #2075, .F. ) ;
#2095 =( NAMED_UNIT ( * ) SI_UNIT ( $, .STERADIAN. ) SOLID_ANGLE_UNIT ( ) );
#2096 = EDGE_CURVE ( 'NONE', #425, #1128, #2321, .T. ) ;
#2097 = EDGE_LOOP ( 'NONE', ( #689, #2019, #965, #657, #872, #179, #45, #448 ) ) ;
#2098 = SURFACE_SIDE_STYLE ('',( #2325 ) ) ;
#2099 = VERTEX_POINT ( 'NONE', #1061 ) ;
#2100 = DIRECTION ( 'NONE',  ( 0.000000000000000000, 1.000000000000000000, 0.000000000000000000 ) ) ;
#2101 = CARTESIAN_POINT ( 'NONE',  ( 45.00000000000000000, 3.000000000000000000, 23.99999999999998934 ) ) ;
#2102 = CARTESIAN_POINT ( 'NONE',  ( 28.99999999999999289, 22.50000000000000000, 19.50000000000000000 ) ) ;
#2103 = PLANE ( 'NONE',  #1864 ) ;
#2104 = ORIENTED_EDGE ( 'NONE', *, *, #1414, .F. ) ;
#2105 = VERTEX_POINT ( 'NONE', #1076 ) ;
#2106 = EDGE_LOOP ( 'NONE', ( #2211, #459 ) ) ;
#2107 = UNCERTAINTY_MEASURE_WITH_UNIT (LENGTH_MEASURE( 1.000000000000000082E-05 ), #437, 'distance_accuracy_value', 'NONE');
#2108 = ORIENTED_EDGE ( 'NONE', *, *, #1244, .F. ) ;
#2109 = CYLINDRICAL_SURFACE ( 'NONE', #1511, 2.999999999999999112 ) ;
#2110 = LINE ( 'NONE', #1962, #329 ) ;
#2111 = CARTESIAN_POINT ( 'NONE',  ( 45.00000000000000000, 3.000000000000000000, 24.00000000000000355 ) ) ;
#2112 = AXIS2_PLACEMENT_3D ( 'NONE', #2172, #1985, #1813 ) ;
#2113 = AXIS2_PLACEMENT_3D ( 'NONE', #44, #2236, #1510 ) ;
#2114 = VERTEX_POINT ( 'NONE', #1312 ) ;
#2115 = AXIS2_PLACEMENT_3D ( 'NONE', #1303, #916, #1119 ) ;
#2116 = DIRECTION ( 'NONE',  ( 0.000000000000000000, -1.000000000000000000, 0.000000000000000000 ) ) ;
#2117 = ADVANCED_FACE ( 'NONE', ( #407 ), #589, .T. ) ;
#2118 = SURFACE_STYLE_USAGE ( .BOTH. , #502 ) ;
#2119 = AXIS2_PLACEMENT_3D ( 'NONE', #217, #1669, #46 ) ;
#2120 = ORIENTED_EDGE ( 'NONE', *, *, #1996, .T. ) ;
#2121 = DIRECTION ( 'NONE',  ( -0.000000000000000000, -1.000000000000000000, -0.000000000000000000 ) ) ;
#2122 =( LENGTH_UNIT ( ) NAMED_UNIT ( * ) SI_UNIT ( .MILLI., .METRE. ) );
#2123 = PLANE ( 'NONE',  #1765 ) ;
#2124 = PRESENTATION_STYLE_ASSIGNMENT (( #1059 ) ) ;
#2125 = LINE ( 'NONE', #890, #800 ) ;
#2126 = ORIENTED_EDGE ( 'NONE', *, *, #1065, .F. ) ;
#2127 = CYLINDRICAL_SURFACE ( 'NONE', #1524, 2.999999999999999112 ) ;
#2128 = SURFACE_STYLE_FILL_AREA ( #1221 ) ;
#2129 = VERTEX_POINT ( 'NONE', #2209 ) ;
#2130 = LINE ( 'NONE', #2328, #1661 ) ;
#2131 = CARTESIAN_POINT ( 'NONE',  ( -37.00000000000001421, 10.00000000000000000, -18.00000000000000000 ) ) ;
#2132 = LINE ( 'NONE', #183, #675 ) ;
#2133 = CARTESIAN_POINT ( 'NONE',  ( -37.00000000000001421, 0.000000000000000000, 16.50000000000000000 ) ) ;
#2134 = CARTESIAN_POINT ( 'NONE',  ( -36.64664035611497894, 10.00001200000000168, -19.31486311350222351 ) ) ;
#2135 = EDGE_CURVE ( 'NONE', #102, #1816, #2032, .T. ) ;
#2136 = LINE ( 'NONE', #1085, #1526 ) ;
#2137 = CARTESIAN_POINT ( 'NONE',  ( 28.99999999999999289, 22.50000000000000000, 20.25000000000000000 ) ) ;
#2138 = FACE_OUTER_BOUND ( 'NONE', #2024, .T. ) ;
#2139 = CARTESIAN_POINT ( 'NONE',  ( 40.49999999999998579, 0.000000000000000000, 24.50000000000000000 ) ) ;
#2140 =( NAMED_UNIT ( * ) PLANE_ANGLE_UNIT ( ) SI_UNIT ( $, .RADIAN. ) );
#2141 = VERTEX_POINT ( 'NONE', #742 ) ;
#2142 = VECTOR ( 'NONE', #713, 1000.000000000000000 ) ;
#2143 = ORIENTED_EDGE ( 'NONE', *, *, #1829, .T. ) ;
#2144 = CARTESIAN_POINT ( 'NONE',  ( -43.50000000000000711, -2.000000000000000000, 24.50000000000000000 ) ) ;
#2145 = AXIS2_PLACEMENT_3D ( 'NONE', #1963, #557, #1271 ) ;
#2146 = UNCERTAINTY_MEASURE_WITH_UNIT (LENGTH_MEASURE( 1.000000000000000082E-05 ), #291, 'distance_accuracy_value', 'NONE');
#2147 = CARTESIAN_POINT ( 'NONE',  ( 0.000000000000000000, 23.00000000000000000, 23.00000000000000000 ) ) ;
#2148 = LINE ( 'NONE', #1261, #1733 ) ;
#2149 = DIRECTION ( 'NONE',  ( 0.000000000000000000, -1.000000000000000000, 0.000000000000000000 ) ) ;
#2150 =( GEOMETRIC_REPRESENTATION_CONTEXT ( 3 ) GLOBAL_UNCERTAINTY_ASSIGNED_CONTEXT ( ( #706 ) ) GLOBAL_UNIT_ASSIGNED_CONTEXT ( ( #4, #405, #1675 ) ) REPRESENTATION_CONTEXT ( 'NONE', 'WORKASPACE' ) );
#2151 = CARTESIAN_POINT ( 'NONE',  ( 28.99999999999999289, 22.50000000000000000, 20.25000000000000000 ) ) ;
#2152 = LINE ( 'NONE', #7, #64 ) ;
#2153 = EDGE_CURVE ( 'NONE', #844, #120, #791, .T. ) ;
#2154 = STYLED_ITEM ( 'NONE', ( #1544 ), #1435 ) ;
#2155 = EDGE_CURVE ( 'NONE', #1230, #257, #238, .T. ) ;
#2156 = LINE ( 'NONE', #2178, #2349 ) ;
#2157 = AXIS2_PLACEMENT_3D ( 'NONE', #1564, #2116, #2292 ) ;
#2158 = CARTESIAN_POINT ( 'NONE',  ( 0.000000000000000000, 23.00000000000000000, -23.00000000000000000 ) ) ;
#2159 = ORIENTED_EDGE ( 'NONE', *, *, #2096, .F. ) ;
#2160 = STYLED_ITEM ( 'NONE', ( #663 ), #1591 ) ;
#2161 = ORIENTED_EDGE ( 'NONE', *, *, #1228, .T. ) ;
#2162 = PRESENTATION_LAYER_ASSIGNMENT (  '', '', ( #1742 ) ) ;
#2163 = DIRECTION ( 'NONE',  ( 0.000000000000000000, 0.000000000000000000, -1.000000000000000000 ) ) ;
#2164 = SURFACE_STYLE_USAGE ( .BOTH. , #353 ) ;
#2165 = CARTESIAN_POINT ( 'NONE',  ( -43.50000000000001421, -2.000000000000000000, -24.50000000000000000 ) ) ;
#2166 = CARTESIAN_POINT ( 'NONE',  ( 40.49999999999999289, -2.000000000000000000, 21.50000000000000000 ) ) ;
#2167 = DIRECTION ( 'NONE',  ( -0.000000000000000000, -1.000000000000000000, -0.000000000000000000 ) ) ;
#2168 = CARTESIAN_POINT ( 'NONE',  ( 28.99999999999999289, 10.00000000000000000, 19.50000000000000000 ) ) ;
#2169 = FACE_OUTER_BOUND ( 'NONE', #1667, .T. ) ;
#2170 = VERTEX_POINT ( 'NONE', #1659 ) ;
#2171 = ADVANCED_FACE ( 'NONE', ( #1097 ), #616, .F. ) ;
#2172 = CARTESIAN_POINT ( 'NONE',  ( 28.99999999999999289, 3.000000000000000000, 19.50000000000000000 ) ) ;
#2173 = CYLINDRICAL_SURFACE ( 'NONE', #1969, 2.000000000000001776 ) ;
#2174 = ORIENTED_EDGE ( 'NONE', *, *, #634, .F. ) ;
#2175 = CARTESIAN_POINT ( 'NONE',  ( 56.99999999999999289, 2.999999999999999112, -18.00000000000000355 ) ) ;
#2176 = CARTESIAN_POINT ( 'NONE',  ( 44.50000000000000000, 3.000000000000000000, 0.000000000000000000 ) ) ;
#2177 = EDGE_CURVE ( 'NONE', #1816, #385, #211, .T. ) ;
#2178 = CARTESIAN_POINT ( 'NONE',  ( -40.50000000000000711, -2.000000000000000000, -21.50000000000000000 ) ) ;
#2179 = VERTEX_POINT ( 'NONE', #15 ) ;
#2180 = ORIENTED_EDGE ( 'NONE', *, *, #575, .T. ) ;
#2181 = CARTESIAN_POINT ( 'NONE',  ( -44.99999999999999289, 3.000000000000000000, 23.99999999999998934 ) ) ;
#2182 = AXIS2_PLACEMENT_3D ( 'NONE', #1336, #2206, #1345 ) ;
#2183 = FACE_OUTER_BOUND ( 'NONE', #704, .T. ) ;
#2184 = UNCERTAINTY_MEASURE_WITH_UNIT (LENGTH_MEASURE( 1.000000000000000082E-05 ), #245, 'distance_accuracy_value', 'NONE');
#2185 = PRESENTATION_LAYER_ASSIGNMENT (  '', '', ( #1358 ) ) ;
#2186 = DIRECTION ( 'NONE',  ( -1.000000000000000000, -0.000000000000000000, -0.000000000000000000 ) ) ;
#2187 = ORIENTED_EDGE ( 'NONE', *, *, #994, .F. ) ;
#2188 = VERTEX_POINT ( 'NONE', #1695 ) ;
#2189 = AXIS2_PLACEMENT_3D ( 'NONE', #269, #1720, #1322 ) ;
#2190 = EDGE_CURVE ( 'NONE', #2170, #1618, #1446, .T. ) ;
#2191 = EDGE_LOOP ( 'NONE', ( #1413, #504, #767, #273, #1837, #154, #319, #596, #391, #1306, #469, #126, #1718, #954, #1630, #1698, #166, #1537, #1551, #552 ) ) ;
#2192 = MECHANICAL_DESIGN_GEOMETRIC_PRESENTATION_REPRESENTATION (  '', ( #1295 ), #181 ) ;
#2193 = DIRECTION ( 'NONE',  ( -1.000000000000000000, 0.000000000000000000, 0.000000000000000000 ) ) ;
#2194 = DIRECTION ( 'NONE',  ( 0.000000000000000000, 1.000000000000000000, 0.000000000000000000 ) ) ;
#2195 = AXIS2_PLACEMENT_3D ( 'NONE', #1118, #868, #699 ) ;
#2196 = EDGE_LOOP ( 'NONE', ( #2280, #667, #1011, #1912 ) ) ;
#2197 = CARTESIAN_POINT ( 'NONE',  ( -42.99999999999999289, 3.000000000000000000, 26.00000000000000000 ) ) ;
#2198 = CARTESIAN_POINT ( 'NONE',  ( 43.50000000000000000, -2.000000000000000000, -21.50000000000000000 ) ) ;
#2199 = VERTEX_POINT ( 'NONE', #2197 ) ;
#2200 = SURFACE_STYLE_FILL_AREA ( #1487 ) ;
#2201 = ORIENTED_EDGE ( 'NONE', *, *, #1721, .F. ) ;
#2202 = VERTEX_POINT ( 'NONE', #379 ) ;
#2203 =( NAMED_UNIT ( * ) PLANE_ANGLE_UNIT ( ) SI_UNIT ( $, .RADIAN. ) );
#2204 = VERTEX_POINT ( 'NONE', #2022 ) ;
#2205 = LINE ( 'NONE', #1116, #565 ) ;
#2206 = DIRECTION ( 'NONE',  ( 0.000000000000000000, 1.000000000000000000, 0.000000000000000000 ) ) ;
#2207 = CARTESIAN_POINT ( 'NONE',  ( -44.99999999999999289, 0.000000000000000000, 26.00000000000000000 ) ) ;
#2208 = CARTESIAN_POINT ( 'NONE',  ( -36.32011437649928354, 10.00001199999999990, 17.67961162427824817 ) ) ;
#2209 = CARTESIAN_POINT ( 'NONE',  ( -37.00000000000001421, 0.000000000000000000, -16.64999999999999858 ) ) ;
#2210 = CARTESIAN_POINT ( 'NONE',  ( 40.49999999999998579, -2.000000000000000000, 21.50000000000000000 ) ) ;
#2211 = ORIENTED_EDGE ( 'NONE', *, *, #317, .T. ) ;
#2212 = SURFACE_STYLE_USAGE ( .BOTH. , #214 ) ;
#2213 = ORIENTED_EDGE ( 'NONE', *, *, #1913, .T. ) ;
#2214 = FACE_OUTER_BOUND ( 'NONE', #1502, .T. ) ;
#2215 = EDGE_LOOP ( 'NONE', ( #29, #1103, #65, #2026 ) ) ;
#2216 = DIRECTION ( 'NONE',  ( -1.000000000000000000, -0.000000000000000000, -0.000000000000000000 ) ) ;
#2217 = FACE_OUTER_BOUND ( 'NONE', #621, .T. ) ;
#2218 = FILL_AREA_STYLE ('',( #1828 ) ) ;
#2219 = CARTESIAN_POINT ( 'NONE',  ( 0.000000000000000000, 3.000000000000000000, -23.00000000000000000 ) ) ;
#2220 = LINE ( 'NONE', #617, #2073 ) ;
#2221 = AXIS2_PLACEMENT_3D ( 'NONE', #1188, #1722, #1578 ) ;
#2222 = CARTESIAN_POINT ( 'NONE',  ( -42.50000000000000711, 23.00000000000000000, -23.50000000000000000 ) ) ;
#2223 = EDGE_CURVE ( 'NONE', #775, #1013, #941, .T. ) ;
#2224 = VECTOR ( 'NONE', #1431, 1000.000000000000000 ) ;
#2225 = EDGE_LOOP ( 'NONE', ( #1921, #541, #2314, #1811, #285, #1830, #1643, #1743 ) ) ;
#2226 =( GEOMETRIC_REPRESENTATION_CONTEXT ( 3 ) GLOBAL_UNCERTAINTY_ASSIGNED_CONTEXT ( ( #2146 ) ) GLOBAL_UNIT_ASSIGNED_CONTEXT ( ( #291, #2318, #1237 ) ) REPRESENTATION_CONTEXT ( 'NONE', 'WORKASPACE' ) );
#2227 = VERTEX_POINT ( 'NONE', #1862 ) ;
#2228 = CARTESIAN_POINT ( 'NONE',  ( -38.07955023723756227, 10.00001200000000168, 17.32963807196613715 ) ) ;
#2229 = MECHANICAL_DESIGN_GEOMETRIC_PRESENTATION_REPRESENTATION (  '', ( #525 ), #483 ) ;
#2230 = FILL_AREA_STYLE ('',( #769 ) ) ;
#2231 = AXIS2_PLACEMENT_3D ( 'NONE', #1078, #918, #1821 ) ;
#2232 = CARTESIAN_POINT ( 'NONE',  ( 40.49999999999999289, -2.000000000000000000, 21.50000000000000000 ) ) ;
#2233 = VECTOR ( 'NONE', #1147, 1000.000000000000000 ) ;
#2234 = LINE ( 'NONE', #1109, #1405 ) ;
#2235 = CARTESIAN_POINT ( 'NONE',  ( -37.00000000000001421, 10.00000000000000000, -20.50000000000000000 ) ) ;
#2236 = DIRECTION ( 'NONE',  ( 0.000000000000000000, 1.000000000000000000, 0.000000000000000000 ) ) ;
#2237 = ORIENTED_EDGE ( 'NONE', *, *, #1995, .F. ) ;
#2238 = LINE ( 'NONE', #983, #1905 ) ;
#2239 = VERTEX_POINT ( 'NONE', #1648 ) ;
#2240 = DIRECTION ( 'NONE',  ( 1.000000000000000000, 0.000000000000000000, -0.000000000000000000 ) ) ;
#2241 = EDGE_CURVE ( 'NONE', #747, #1606, #2234, .T. ) ;
#2242 = ADVANCED_FACE ( 'NONE', ( #1831, #952 ), #197, .F. ) ;
#2243 = CARTESIAN_POINT ( 'NONE',  ( -37.35335964388504237, 10.00001200000000168, -19.31486311350223062 ) ) ;
#2244 = CARTESIAN_POINT ( 'NONE',  ( -40.50000000000000711, 0.000000000000000000, 21.50000000000000000 ) ) ;
#2245 = CARTESIAN_POINT ( 'NONE',  ( -40.50000000000000000, -2.000000000000000000, 24.50000000000000000 ) ) ;
#2246 = ADVANCED_BREP_SHAPE_REPRESENTATION ( 'CADpad - Bottom of case [step-file]', ( #2284, #2195 ), #948 ) ;
#2247 =( LENGTH_UNIT ( ) NAMED_UNIT ( * ) SI_UNIT ( .MILLI., .METRE. ) );
#2248 = VERTEX_POINT ( 'NONE', #431 ) ;
#2249 = EDGE_CURVE ( 'NONE', #762, #275, #1158, .T. ) ;
#2250 = ORIENTED_EDGE ( 'NONE', *, *, #2293, .T. ) ;
#2251 =( LENGTH_UNIT ( ) NAMED_UNIT ( * ) SI_UNIT ( .MILLI., .METRE. ) );
#2252 = CARTESIAN_POINT ( 'NONE',  ( 41.99999999999999289, 3.000000000000000000, 23.00000000000000000 ) ) ;
#2253 = CARTESIAN_POINT ( 'NONE',  ( -38.31486311350224838, 10.00001200000000168, 16.14664035611497184 ) ) ;
#2254 = ADVANCED_FACE ( 'NONE', ( #2214 ), #1152, .T. ) ;
#2255 = CARTESIAN_POINT ( 'NONE',  ( 28.99999999999999289, 10.00000000000000000, 18.75000000000000000 ) ) ;
#2256 = UNCERTAINTY_MEASURE_WITH_UNIT (LENGTH_MEASURE( 1.000000000000000082E-05 ), #1508, 'distance_accuracy_value', 'NONE');
#2257 = LINE ( 'NONE', #270, #1932 ) ;
#2258 = PLANE ( 'NONE',  #789 ) ;
#2259 = AXIS2_PLACEMENT_3D ( 'NONE', #1729, #2273, #1576 ) ;
#2260 =( NAMED_UNIT ( * ) SI_UNIT ( $, .STERADIAN. ) SOLID_ANGLE_UNIT ( ) );
#2261 = ORIENTED_EDGE ( 'NONE', *, *, #664, .T. ) ;
#2262 = VECTOR ( 'NONE', #471, 1000.000000000000000 ) ;
#2263 = ORIENTED_EDGE ( 'NONE', *, *, #2034, .T. ) ;
#2264 = DIRECTION ( 'NONE',  ( -1.000000000000000000, 0.000000000000000000, 0.000000000000000000 ) ) ;
#2265 = CARTESIAN_POINT ( 'NONE',  ( -37.00000000000001421, 0.000000000000000000, 16.50000000000000000 ) ) ;
#2266 = AXIS2_PLACEMENT_3D ( 'NONE', #470, #462, #1383 ) ;
#2267 = LINE ( 'NONE', #1156, #215 ) ;
#2268 = CARTESIAN_POINT ( 'NONE',  ( -37.00000000000001421, 3.000000000000000000, -18.00000000000000000 ) ) ;
#2269 = AXIS2_PLACEMENT_3D ( 'NONE', #163, #1282, #529 ) ;
#2270 = CARTESIAN_POINT ( 'NONE',  ( 28.99999999999999289, 10.00000000000000000, 19.50000000000000000 ) ) ;
#2271 = MECHANICAL_DESIGN_GEOMETRIC_PRESENTATION_REPRESENTATION (  '', ( #1018 ), #1779 ) ;
#2272 = EDGE_LOOP ( 'NONE', ( #1867, #799, #871, #2174 ) ) ;
#2273 = DIRECTION ( 'NONE',  ( -0.000000000000000000, -1.000000000000000000, -0.000000000000000000 ) ) ;
#2274 = UNCERTAINTY_MEASURE_WITH_UNIT (LENGTH_MEASURE( 1.000000000000000082E-05 ), #482, 'distance_accuracy_value', 'NONE');
#2275 = SURFACE_STYLE_USAGE ( .BOTH. , #809 ) ;
#2276 = DIRECTION ( 'NONE',  ( 0.000000000000000000, 0.000000000000000000, 1.000000000000000000 ) ) ;
#2277 = CARTESIAN_POINT ( 'NONE',  ( 41.99999999999999289, 2.999999999999999112, -18.00000000000000355 ) ) ;
#2278 = EDGE_CURVE ( 'NONE', #1080, #231, #2038, .T. ) ;
#2279 = FILL_AREA_STYLE_COLOUR ( '', #1976 ) ;
#2280 = ORIENTED_EDGE ( 'NONE', *, *, #436, .F. ) ;
#2281 = FILL_AREA_STYLE ('',( #446 ) ) ;
#2282 = ORIENTED_EDGE ( 'NONE', *, *, #74, .F. ) ;
#2283 = SURFACE_STYLE_USAGE ( .BOTH. , #1222 ) ;
#2284 = MANIFOLD_SOLID_BREP ( 'Boss-Extrude9', #631 ) ;
#2285 = VERTEX_POINT ( 'NONE', #1530 ) ;
#2286 = CARTESIAN_POINT ( 'NONE',  ( -37.00000000000001421, 0.000000000000000000, -18.00000000000000000 ) ) ;
#2287 = CARTESIAN_POINT ( 'NONE',  ( -37.00000000000001421, 10.00000600000000084, -16.64999999999999858 ) ) ;
#2288 = EDGE_CURVE ( 'NONE', #2068, #1104, #2238, .T. ) ;
#2289 = FACE_BOUND ( 'NONE', #1711, .T. ) ;
#2290 = ORIENTED_EDGE ( 'NONE', *, *, #1872, .F. ) ;
#2291 = PRESENTATION_LAYER_ASSIGNMENT (  '', '', ( #1994 ) ) ;
#2292 = DIRECTION ( 'NONE',  ( 0.000000000000000000, 0.000000000000000000, -1.000000000000000000 ) ) ;
#2293 = EDGE_CURVE ( 'NONE', #1851, #1321, #1021, .T. ) ;
#2294 = EDGE_LOOP ( 'NONE', ( #814, #2039, #1268, #1277 ) ) ;
#2295 = VECTOR ( 'NONE', #1986, 1000.000000000000000 ) ;
#2296 = CARTESIAN_POINT ( 'NONE',  ( -45.00000000000000000, 3.000000000000000000, -26.00000000000000000 ) ) ;
#2297 = ORIENTED_EDGE ( 'NONE', *, *, #2278, .T. ) ;
#2298 = VECTOR ( 'NONE', #1883, 1000.000000000000000 ) ;
#2299 = SURFACE_SIDE_STYLE ('',( #451 ) ) ;
#2300 = DIRECTION ( 'NONE',  ( 0.000000000000000000, -1.000000000000000000, 0.000000000000000000 ) ) ;
#2301 = MECHANICAL_DESIGN_GEOMETRIC_PRESENTATION_REPRESENTATION (  '', ( #2342 ), #1850 ) ;
#2302 = CIRCLE ( 'NONE', #95, 1.350000000000000533 ) ;
#2303 = SURFACE_STYLE_FILL_AREA ( #1725 ) ;
#2304 =( LENGTH_UNIT ( ) NAMED_UNIT ( * ) SI_UNIT ( .MILLI., .METRE. ) );
#2305 = STYLED_ITEM ( 'NONE', ( #911 ), #1416 ) ;
#2306 = DIRECTION ( 'NONE',  ( -1.000000000000000000, 0.000000000000000000, 0.000000000000000000 ) ) ;
#2307 = VECTOR ( 'NONE', #1149, 1000.000000000000000 ) ;
#2308 = ORIENTED_EDGE ( 'NONE', *, *, #780, .T. ) ;
#2309 = VECTOR ( 'NONE', #318, 1000.000000000000000 ) ;
#2310 = FILL_AREA_STYLE_COLOUR ( '', #528 ) ;
#2311 = CARTESIAN_POINT ( 'NONE',  ( 28.99999999999999289, 22.50000000000000000, 19.50000000000000000 ) ) ;
#2312 = MECHANICAL_DESIGN_GEOMETRIC_PRESENTATION_REPRESENTATION (  '', ( #907 ), #1865 ) ;
#2313 = FACE_OUTER_BOUND ( 'NONE', #85, .T. ) ;
#2314 = ORIENTED_EDGE ( 'NONE', *, *, #1574, .T. ) ;
#2315 = CARTESIAN_POINT ( 'NONE',  ( 40.49999999999998579, 0.000000000000000000, 21.50000000000000000 ) ) ;
#2316 = EDGE_CURVE ( 'NONE', #1160, #478, #1350, .T. ) ;
#2317 = EDGE_CURVE ( 'NONE', #1080, #2179, #1114, .T. ) ;
#2318 =( NAMED_UNIT ( * ) PLANE_ANGLE_UNIT ( ) SI_UNIT ( $, .RADIAN. ) );
#2319 = DIRECTION ( 'NONE',  ( 0.000000000000000000, 0.000000000000000000, -1.000000000000000000 ) ) ;
#2320 = CARTESIAN_POINT ( 'NONE',  ( 28.99999999999999289, 3.000000000000000000, 17.00000000000000000 ) ) ;
#2321 = LINE ( 'NONE', #1245, #1709 ) ;
#2322 = CARTESIAN_POINT ( 'NONE',  ( 43.50000000000000000, -2.000000000000000000, -24.50000000000000000 ) ) ;
#2323 = CARTESIAN_POINT ( 'NONE',  ( -42.99999999999999289, 0.000000000000000000, 26.00000000000000000 ) ) ;
#2324 = CARTESIAN_POINT ( 'NONE',  ( -44.99999999999999289, 3.000000000000000000, 26.00000000000000000 ) ) ;
#2325 = SURFACE_STYLE_FILL_AREA ( #503 ) ;
#2326 = ORIENTED_EDGE ( 'NONE', *, *, #559, .F. ) ;
#2327 = EDGE_LOOP ( 'NONE', ( #1377, #2351, #1573, #1848 ) ) ;
#2328 = CARTESIAN_POINT ( 'NONE',  ( -45.00000000000000000, 0.000000000000000000, -26.00000000000000000 ) ) ;
#2329 = ADVANCED_FACE ( 'NONE', ( #585, #932, #947 ), #1308, .F. ) ;
#2330 = FACE_OUTER_BOUND ( 'NONE', #1192, .T. ) ;
#2331 = CARTESIAN_POINT ( 'NONE',  ( 41.99999999999999289, 3.000000000000000000, -23.00000000000000000 ) ) ;
#2332 = DIRECTION ( 'NONE',  ( 0.000000000000000000, 0.000000000000000000, 1.000000000000000000 ) ) ;
#2333 =( NAMED_UNIT ( * ) SI_UNIT ( $, .STERADIAN. ) SOLID_ANGLE_UNIT ( ) );
#2334 = PRESENTATION_STYLE_ASSIGNMENT (( #162 ) ) ;
#2335 = SURFACE_STYLE_FILL_AREA ( #880 ) ;
#2336 = DIRECTION ( 'NONE',  ( 0.000000000000000000, 0.000000000000000000, 1.000000000000000000 ) ) ;
#2337 = FILL_AREA_STYLE ('',( #1556 ) ) ;
#2338 = VERTEX_POINT ( 'NONE', #153 ) ;
#2339 = ORIENTED_EDGE ( 'NONE', *, *, #664, .F. ) ;
#2340 = AXIS2_PLACEMENT_3D ( 'NONE', #2315, #1053, #128 ) ;
#2341 = SURFACE_SIDE_STYLE ('',( #3 ) ) ;
#2342 = STYLED_ITEM ( 'NONE', ( #1135 ), #951 ) ;
#2343 = LINE ( 'NONE', #1953, #718 ) ;
#2344 = CIRCLE ( 'NONE', #1520, 1.999999999999998224 ) ;
#2345 = CARTESIAN_POINT ( 'NONE',  ( -37.00000000000001421, 0.000000000000000000, 17.84999999999999787 ) ) ;
#2346 = LINE ( 'NONE', #1818, #1010 ) ;
#2347 = AXIS2_PLACEMENT_3D ( 'NONE', #426, #1370, #2087 ) ;
#2348 = EDGE_CURVE ( 'NONE', #1732, #1321, #1481, .T. ) ;
#2349 = VECTOR ( 'NONE', #550, 1000.000000000000000 ) ;
#2350 = PLANE ( 'NONE',  #1922 ) ;
#2351 = ORIENTED_EDGE ( 'NONE', *, *, #203, .F. ) ;
#2352 = AXIS2_PLACEMENT_3D ( 'NONE', #1420, #1229, #723 ) ;
ENDSEC;
END-ISO-10303-21;
