ISO-10303-21;
HEADER;
FILE_DESCRIPTION (( 'STEP AP214' ),
    '1' );
FILE_NAME ('CADpad - Top of case [step-file].STEP',
    '2026-08-26T11:14:13',
    ( '' ),
    ( '' ),
    'SwSTEP 2.0',
    'SolidWorks 2026',
    '' );
FILE_SCHEMA (( 'AUTOMOTIVE_DESIGN' ));
ENDSEC;

DATA;
#1 = CARTESIAN_POINT ( 'NONE',  ( -24.00000000000000000, 2.000000000000000000, -19.74999999999973355 ) ) ;
#2 = CARTESIAN_POINT ( 'NONE',  ( 13.50000000000000178, 2.000000000000000000, -1.265879293280397711E-15 ) ) ;
#3 = DIRECTION ( 'NONE',  ( 0.000000000000000000, 0.000000000000000000, 1.000000000000000000 ) ) ;
#4 = ORIENTED_EDGE ( 'NONE', *, *, #1295, .F. ) ;
#5 = DIRECTION ( 'NONE',  ( 1.000000000000000000, 0.000000000000000000, -1.713307136767217096E-16 ) ) ;
#6 = ORIENTED_EDGE ( 'NONE', *, *, #563, .F. ) ;
#7 = DIRECTION ( 'NONE',  ( -1.515042337097648383E-16, 0.000000000000000000, -1.000000000000000000 ) ) ;
#8 = CARTESIAN_POINT ( 'NONE',  ( 37.00000000000000000, 12.00000000000000000, 16.50000000000000000 ) ) ;
#9 = CARTESIAN_POINT ( 'NONE',  ( -5.500000000000000000, 0.5000000000000000000, 5.157286009660777742E-16 ) ) ;
#10 = ORIENTED_EDGE ( 'NONE', *, *, #1021, .F. ) ;
#11 = ADVANCED_FACE ( 'NONE', ( #2421, #29, #1005, #2203, #52, #222, #1448, #2217, #1846, #1421 ), #69, .F. ) ;
#12 = DIRECTION ( 'NONE',  ( 0.000000000000000000, -0.000000000000000000, 1.000000000000000000 ) ) ;
#13 = VECTOR ( 'NONE', #916, 1000.000000000000000 ) ;
#14 = DIRECTION ( 'NONE',  ( 0.000000000000000000, -1.000000000000000000, 0.000000000000000000 ) ) ;
#15 = CIRCLE ( 'NONE', #2392, 1.074999999999999512 ) ;
#16 = VECTOR ( 'NONE', #1814, 1000.000000000000000 ) ;
#17 = DIRECTION ( 'NONE',  ( 9.376883653928687363E-17, -0.000000000000000000, 1.000000000000000000 ) ) ;
#18 = DIRECTION ( 'NONE',  ( -1.000000000000000000, 0.000000000000000000, 0.000000000000000000 ) ) ;
#19 = EDGE_CURVE ( 'NONE', #1695, #2129, #2389, .T. ) ;
#20 = ORIENTED_EDGE ( 'NONE', *, *, #1501, .F. ) ;
#21 = EDGE_CURVE ( 'NONE', #1736, #1216, #416, .T. ) ;
#22 = DIRECTION ( 'NONE',  ( -0.000000000000000000, 1.000000000000000000, -0.000000000000000000 ) ) ;
#23 =( LENGTH_UNIT ( ) NAMED_UNIT ( * ) SI_UNIT ( .MILLI., .METRE. ) );
#24 = VERTEX_POINT ( 'NONE', #1832 ) ;
#25 = DIRECTION ( 'NONE',  ( 0.000000000000000000, 1.000000000000000000, 0.000000000000000000 ) ) ;
#26 = SURFACE_SIDE_STYLE ('',( #1978 ) ) ;
#27 = DIRECTION ( 'NONE',  ( -1.000000000000000000, 0.000000000000000000, 0.000000000000000000 ) ) ;
#28 = ORIENTED_EDGE ( 'NONE', *, *, #1246, .T. ) ;
#29 = FACE_BOUND ( 'NONE', #1557, .T. ) ;
#30 = DIRECTION ( 'NONE',  ( 0.000000000000000000, 1.000000000000000000, 0.000000000000000000 ) ) ;
#31 = CARTESIAN_POINT ( 'NONE',  ( -5.499999999999997335, 2.000000000000000000, 17.74999999999990408 ) ) ;
#32 = ORIENTED_EDGE ( 'NONE', *, *, #1759, .T. ) ;
#33 = EDGE_CURVE ( 'NONE', #860, #2514, #1022, .T. ) ;
#34 = DIRECTION ( 'NONE',  ( 0.000000000000000000, 0.000000000000000000, -1.000000000000000000 ) ) ;
#35 = DIRECTION ( 'NONE',  ( 0.000000000000000000, 1.000000000000000000, 0.000000000000000000 ) ) ;
#36 = ORIENTED_EDGE ( 'NONE', *, *, #2086, .T. ) ;
#37 = CARTESIAN_POINT ( 'NONE',  ( -42.99999999999998579, 2.000000000000000000, 26.00000000000000355 ) ) ;
#38 = DIRECTION ( 'NONE',  ( 0.000000000000000000, -1.000000000000000000, 0.000000000000000000 ) ) ;
#39 = EDGE_LOOP ( 'NONE', ( #1467, #1425, #2402, #287 ) ) ;
#40 = FILL_AREA_STYLE_COLOUR ( '', #1455 ) ;
#41 = LINE ( 'NONE', #1219, #2140 ) ;
#42 = DIRECTION ( 'NONE',  ( 4.688441826964435510E-17, 0.000000000000000000, 1.000000000000000000 ) ) ;
#43 = PLANE ( 'NONE',  #366 ) ;
#44 = ORIENTED_EDGE ( 'NONE', *, *, #2007, .T. ) ;
#45 = EDGE_CURVE ( 'NONE', #467, #158, #1243, .T. ) ;
#46 = CARTESIAN_POINT ( 'NONE',  ( 13.50000000000000178, 12.00000000000000000, -0.7499999999997339906 ) ) ;
#47 = ORIENTED_EDGE ( 'NONE', *, *, #1295, .T. ) ;
#48 = PRODUCT_DEFINITION ( 'UNKNOWN', '', #1034, #1251 ) ;
#49 = CARTESIAN_POINT ( 'NONE',  ( -23.99999999999999645, 2.000000000000000000, 0.000000000000000000 ) ) ;
#50 = DIRECTION ( 'NONE',  ( 1.000000000000000000, -0.000000000000000000, 1.515042337097648630E-16 ) ) ;
#51 = ORIENTED_EDGE ( 'NONE', *, *, #1535, .F. ) ;
#52 = FACE_BOUND ( 'NONE', #1750, .T. ) ;
#53 = CARTESIAN_POINT ( 'NONE',  ( -23.99999999999999645, 0.5000000000000000000, -1.249999999999733991 ) ) ;
#54 = LINE ( 'NONE', #2, #1614 ) ;
#55 = CARTESIAN_POINT ( 'NONE',  ( -41.90000000000000568, 3.000000000000000000, -22.89999999999999858 ) ) ;
#56 = AXIS2_PLACEMENT_3D ( 'NONE', #1419, #237, #390 ) ;
#57 = ORIENTED_EDGE ( 'NONE', *, *, #1134, .T. ) ;
#58 = CIRCLE ( 'NONE', #2349, 2.349999999999997868 ) ;
#59 = VECTOR ( 'NONE', #7, 1000.000000000000000 ) ;
#60 = AXIS2_PLACEMENT_3D ( 'NONE', #163, #139, #2527 ) ;
#61 = DIRECTION ( 'NONE',  ( 0.000000000000000000, 1.000000000000000000, 0.000000000000000000 ) ) ;
#62 = ORIENTED_EDGE ( 'NONE', *, *, #2324, .F. ) ;
#63 = AXIS2_PLACEMENT_3D ( 'NONE', #1600, #1779, #187 ) ;
#64 = DIRECTION ( 'NONE',  ( 0.000000000000000000, -1.000000000000000000, 0.000000000000000000 ) ) ;
#65 = ADVANCED_FACE ( 'NONE', ( #249 ), #601, .T. ) ;
#66 = DIRECTION ( 'NONE',  ( 0.000000000000000000, -0.000000000000000000, 1.000000000000000000 ) ) ;
#67 = ORIENTED_EDGE ( 'NONE', *, *, #1780, .T. ) ;
#68 = AXIS2_PLACEMENT_3D ( 'NONE', #768, #1566, #368 ) ;
#69 = PLANE ( 'NONE',  #1693 ) ;
#70 = EDGE_CURVE ( 'NONE', #1150, #1736, #109, .T. ) ;
#71 = DIRECTION ( 'NONE',  ( 0.000000000000000000, 0.000000000000000000, 1.000000000000000000 ) ) ;
#72 = ORIENTED_EDGE ( 'NONE', *, *, #690, .F. ) ;
#73 = VECTOR ( 'NONE', #432, 1000.000000000000000 ) ;
#74 = VECTOR ( 'NONE', #90, 1000.000000000000000 ) ;
#75 = CARTESIAN_POINT ( 'NONE',  ( 40.49999999999999289, 2.000000000000000000, -16.06350832689628660 ) ) ;
#76 = VERTEX_POINT ( 'NONE', #2191 ) ;
#77 = FILL_AREA_STYLE_COLOUR ( '', #1141 ) ;
#78 = CYLINDRICAL_SURFACE ( 'NONE', #2439, 2.499999999999998668 ) ;
#79 = ORIENTED_EDGE ( 'NONE', *, *, #842, .T. ) ;
#80 = FACE_OUTER_BOUND ( 'NONE', #823, .T. ) ;
#81 = EDGE_CURVE ( 'NONE', #860, #391, #836, .T. ) ;
#82 = FACE_OUTER_BOUND ( 'NONE', #2547, .T. ) ;
#83 = CARTESIAN_POINT ( 'NONE',  ( 41.89999999999999147, 3.000000000000000000, 22.89999999999999858 ) ) ;
#84 = ORIENTED_EDGE ( 'NONE', *, *, #749, .T. ) ;
#85 = ADVANCED_FACE ( 'NONE', ( #824 ), #1434, .F. ) ;
#86 =( GEOMETRIC_REPRESENTATION_CONTEXT ( 3 ) GLOBAL_UNCERTAINTY_ASSIGNED_CONTEXT ( ( #863 ) ) GLOBAL_UNIT_ASSIGNED_CONTEXT ( ( #873, #1483, #1285 ) ) REPRESENTATION_CONTEXT ( 'NONE', 'WORKASPACE' ) );
#87 = CARTESIAN_POINT ( 'NONE',  ( -29.00000000000000711, 2.000000000000000000, 18.42500000000000071 ) ) ;
#88 = VERTEX_POINT ( 'NONE', #1709 ) ;
#89 = DIRECTION ( 'NONE',  ( -1.000000000000000000, 0.000000000000000000, -0.000000000000000000 ) ) ;
#90 = DIRECTION ( 'NONE',  ( 0.000000000000000000, -1.000000000000000000, 0.000000000000000000 ) ) ;
#91 = ORIENTED_EDGE ( 'NONE', *, *, #1391, .F. ) ;
#92 = DIRECTION ( 'NONE',  ( -1.000000000000000000, 0.000000000000000000, 4.283267841918043357E-17 ) ) ;
#93 = DIRECTION ( 'NONE',  ( 0.000000000000000000, 0.000000000000000000, 1.000000000000000000 ) ) ;
#94 = ADVANCED_FACE ( 'NONE', ( #80, #2282 ), #330, .F. ) ;
#95 = VERTEX_POINT ( 'NONE', #1075 ) ;
#96 = VECTOR ( 'NONE', #441, 1000.000000000000000 ) ;
#97 = EDGE_CURVE ( 'NONE', #1550, #1321, #1683, .T. ) ;
#98 = CARTESIAN_POINT ( 'NONE',  ( 42.99999999999997158, 2.000000000000000000, -26.00000000000000000 ) ) ;
#99 = VECTOR ( 'NONE', #245, 1000.000000000000000 ) ;
#100 = VERTEX_POINT ( 'NONE', #1672 ) ;
#101 = FACE_OUTER_BOUND ( 'NONE', #2154, .T. ) ;
#102 = PRESENTATION_LAYER_ASSIGNMENT (  '', '', ( #2226 ) ) ;
#103 = SURFACE_SIDE_STYLE ('',( #1479 ) ) ;
#104 = EDGE_LOOP ( 'NONE', ( #181, #2080, #2017, #1637, #257, #1643 ) ) ;
#105 = SURFACE_SIDE_STYLE ('',( #716 ) ) ;
#106 = DIRECTION ( 'NONE',  ( 1.000000000000000000, 0.000000000000000000, 0.000000000000000000 ) ) ;
#107 = DIRECTION ( 'NONE',  ( 0.000000000000000000, 0.000000000000000000, -1.000000000000000000 ) ) ;
#108 = ORIENTED_EDGE ( 'NONE', *, *, #1640, .F. ) ;
#109 = CIRCLE ( 'NONE', #568, 1.999999999999998224 ) ;
#110 = AXIS2_PLACEMENT_3D ( 'NONE', #2014, #1819, #630 ) ;
#111 = ADVANCED_FACE ( 'NONE', ( #1283 ), #2483, .T. ) ;
#112 = CARTESIAN_POINT ( 'NONE',  ( 13.50000000000000178, 0.5000000000000000000, -1.265879293280397711E-15 ) ) ;
#113 = VERTEX_POINT ( 'NONE', #2495 ) ;
#114 = CARTESIAN_POINT ( 'NONE',  ( 0.000000000000000000, 2.000000000000000000, -22.89999999999999858 ) ) ;
#115 = VERTEX_POINT ( 'NONE', #1920 ) ;
#116 = CARTESIAN_POINT ( 'NONE',  ( 37.00000000000000000, 12.00000000000000000, -18.00000000000000000 ) ) ;
#117 = CARTESIAN_POINT ( 'NONE',  ( -43.00000000000000000, 0.000000000000000000, -24.00000000000000000 ) ) ;
#118 = EDGE_LOOP ( 'NONE', ( #1980, #2148 ) ) ;
#119 = VECTOR ( 'NONE', #456, 1000.000000000000000 ) ;
#120 = VECTOR ( 'NONE', #562, 1000.000000000000000 ) ;
#121 = DIRECTION ( 'NONE',  ( 0.000000000000000000, 0.000000000000000000, -1.000000000000000000 ) ) ;
#122 = EDGE_CURVE ( 'NONE', #312, #113, #2484, .T. ) ;
#123 = VERTEX_POINT ( 'NONE', #2457 ) ;
#124 = PRESENTATION_STYLE_ASSIGNMENT (( #1758 ) ) ;
#125 = FACE_OUTER_BOUND ( 'NONE', #1454, .T. ) ;
#126 = ADVANCED_FACE ( 'NONE', ( #293 ), #1504, .F. ) ;
#127 = ORIENTED_EDGE ( 'NONE', *, *, #1258, .F. ) ;
#128 =( LENGTH_UNIT ( ) NAMED_UNIT ( * ) SI_UNIT ( .MILLI., .METRE. ) );
#129 = CARTESIAN_POINT ( 'NONE',  ( -41.50000000000000000, 0.5000000000000000000, 22.50000000000000000 ) ) ;
#130 = ORIENTED_EDGE ( 'NONE', *, *, #919, .F. ) ;
#131 = ORIENTED_EDGE ( 'NONE', *, *, #1490, .F. ) ;
#132 = DIRECTION ( 'NONE',  ( 0.000000000000000000, -1.000000000000000000, 0.000000000000000000 ) ) ;
#133 = CARTESIAN_POINT ( 'NONE',  ( -45.00000000000000000, 0.000000000000000000, -26.00000000000000000 ) ) ;
#134 = PRESENTATION_LAYER_ASSIGNMENT (  '', '', ( #261 ) ) ;
#135 = CARTESIAN_POINT ( 'NONE',  ( 0.000000000000000000, 0.5000000000000000000, -0.7499999999997339906 ) ) ;
#136 = EDGE_LOOP ( 'NONE', ( #1966, #2097, #1092, #1206 ) ) ;
#137 = CIRCLE ( 'NONE', #1354, 2.000000000000001776 ) ;
#138 = DIRECTION ( 'NONE',  ( 0.000000000000000000, 0.000000000000000000, -1.000000000000000000 ) ) ;
#139 = DIRECTION ( 'NONE',  ( 1.000000000000000000, 0.000000000000000000, -1.875376730785737473E-16 ) ) ;
#140 = VERTEX_POINT ( 'NONE', #1513 ) ;
#141 = PLANE ( 'NONE',  #68 ) ;
#142 = VECTOR ( 'NONE', #1360, 1000.000000000000000 ) ;
#143 = ADVANCED_FACE ( 'NONE', ( #912 ), #698, .T. ) ;
#144 = CARTESIAN_POINT ( 'NONE',  ( 9.209025860123792818E-16, 3.000000000000000000, 21.50000000000000000 ) ) ;
#145 = DIRECTION ( 'NONE',  ( 0.000000000000000000, -1.000000000000000000, 0.000000000000000000 ) ) ;
#146 = VERTEX_POINT ( 'NONE', #1294 ) ;
#147 = VERTEX_POINT ( 'NONE', #517 ) ;
#148 = EDGE_CURVE ( 'NONE', #926, #1695, #606, .T. ) ;
#149 = CARTESIAN_POINT ( 'NONE',  ( 37.00000000000000000, 12.00000000000000000, -22.00000000000000000 ) ) ;
#150 = AXIS2_PLACEMENT_3D ( 'NONE', #898, #2085, #1096 ) ;
#151 = DIRECTION ( 'NONE',  ( -0.000000000000000000, -1.000000000000000000, -0.000000000000000000 ) ) ;
#152 = ORIENTED_EDGE ( 'NONE', *, *, #1650, .F. ) ;
#153 = SURFACE_SIDE_STYLE ('',( #2512 ) ) ;
#154 = DIRECTION ( 'NONE',  ( 0.000000000000000000, -1.000000000000000000, 0.000000000000000000 ) ) ;
#155 = VERTEX_POINT ( 'NONE', #1895 ) ;
#156 = CARTESIAN_POINT ( 'NONE',  ( -29.00000000000000711, 2.000000000000000000, 19.50000000000000000 ) ) ;
#157 = CARTESIAN_POINT ( 'NONE',  ( -29.00000000000000711, 2.000000000000000000, 18.42500000000000071 ) ) ;
#158 = VERTEX_POINT ( 'NONE', #1699 ) ;
#159 = EDGE_CURVE ( 'NONE', #703, #991, #317, .T. ) ;
#160 = ORIENTED_EDGE ( 'NONE', *, *, #369, .F. ) ;
#161 = FACE_OUTER_BOUND ( 'NONE', #1918, .T. ) ;
#162 = DIRECTION ( 'NONE',  ( 1.000000000000000000, 0.000000000000000000, 0.000000000000000000 ) ) ;
#163 = CARTESIAN_POINT ( 'NONE',  ( -24.00000000000000000, 12.00000000000000000, -19.74999999999973355 ) ) ;
#164 = EDGE_LOOP ( 'NONE', ( #2384, #1712, #2212, #2411 ) ) ;
#165 = LINE ( 'NONE', #573, #939 ) ;
#166 = FACE_OUTER_BOUND ( 'NONE', #104, .T. ) ;
#167 = ORIENTED_EDGE ( 'NONE', *, *, #660, .F. ) ;
#168 = ORIENTED_EDGE ( 'NONE', *, *, #1855, .T. ) ;
#169 = ADVANCED_FACE ( 'NONE', ( #2115 ), #975, .F. ) ;
#170 = FACE_BOUND ( 'NONE', #2553, .T. ) ;
#171 = MANIFOLD_SOLID_BREP ( 'Cut-Extrude5', #1367 ) ;
#172 = CARTESIAN_POINT ( 'NONE',  ( 32.50000000000000000, 0.5000000000000000000, -2.437989750021506445E-14 ) ) ;
#173 = EDGE_CURVE ( 'NONE', #534, #1724, #2563, .T. ) ;
#174 = AXIS2_PLACEMENT_3D ( 'NONE', #1581, #447, #1406 ) ;
#175 = EDGE_CURVE ( 'NONE', #1159, #887, #278, .T. ) ;
#176 =( LENGTH_UNIT ( ) NAMED_UNIT ( * ) SI_UNIT ( .MILLI., .METRE. ) );
#177 = VECTOR ( 'NONE', #598, 1000.000000000000000 ) ;
#178 = ORIENTED_EDGE ( 'NONE', *, *, #1720, .F. ) ;
#179 = CARTESIAN_POINT ( 'NONE',  ( 37.00000000000000000, 12.00000000000000000, 12.50000000000000000 ) ) ;
#180 = CARTESIAN_POINT ( 'NONE',  ( -29.00000000000000711, 2.000000000000000000, 20.57499999999999929 ) ) ;
#181 = ORIENTED_EDGE ( 'NONE', *, *, #19, .F. ) ;
#182 = VERTEX_POINT ( 'NONE', #1554 ) ;
#183 = VECTOR ( 'NONE', #580, 1000.000000000000000 ) ;
#184 = DIRECTION ( 'NONE',  ( 1.541976423090495387E-16, -0.000000000000000000, -1.000000000000000000 ) ) ;
#185 = CARTESIAN_POINT ( 'NONE',  ( -43.00000000000000000, 2.000000000000000000, -26.00000000000000000 ) ) ;
#186 = ADVANCED_FACE ( 'NONE', ( #781, #532 ), #141, .T. ) ;
#187 = DIRECTION ( 'NONE',  ( 0.000000000000000000, 0.000000000000000000, 1.000000000000000000 ) ) ;
#188 = CARTESIAN_POINT ( 'NONE',  ( -41.89999999999999858, 3.000000000000000000, 6.348027392439147276E-15 ) ) ;
#189 = VERTEX_POINT ( 'NONE', #2361 ) ;
#190 = LINE ( 'NONE', #49, #2147 ) ;
#191 = CARTESIAN_POINT ( 'NONE',  ( 0.000000000000000000, 2.000000000000000000, 17.74999999999990408 ) ) ;
#192 = CARTESIAN_POINT ( 'NONE',  ( -41.50000000000000000, 0.000000000000000000, 22.50000000000000000 ) ) ;
#193 = ORIENTED_EDGE ( 'NONE', *, *, #504, .T. ) ;
#194 = EDGE_LOOP ( 'NONE', ( #79, #1929 ) ) ;
#195 = VECTOR ( 'NONE', #1835, 1000.000000000000000 ) ;
#196 = CARTESIAN_POINT ( 'NONE',  ( 14.00000000000000355, 12.00000000000000000, -0.7499999999997339906 ) ) ;
#197 = LINE ( 'NONE', #1245, #73 ) ;
#198 = CARTESIAN_POINT ( 'NONE',  ( 0.000000000000000000, 3.000000000000000000, 22.89999999999999858 ) ) ;
#199 = ORIENTED_EDGE ( 'NONE', *, *, #2545, .F. ) ;
#200 = FILL_AREA_STYLE ('',( #1583 ) ) ;
#201 = EDGE_CURVE ( 'NONE', #2170, #831, #1157, .T. ) ;
#202 = SURFACE_STYLE_FILL_AREA ( #766 ) ;
#203 = VERTEX_POINT ( 'NONE', #2345 ) ;
#204 = VECTOR ( 'NONE', #913, 1000.000000000000000 ) ;
#205 = PRESENTATION_STYLE_ASSIGNMENT (( #612 ) ) ;
#206 = CARTESIAN_POINT ( 'NONE',  ( -42.99999999999998579, 0.000000000000000000, 26.00000000000000355 ) ) ;
#207 = VERTEX_POINT ( 'NONE', #1718 ) ;
#208 = CARTESIAN_POINT ( 'NONE',  ( 41.49999999999998579, 0.5000000000000000000, 22.50000000000000000 ) ) ;
#209 = MECHANICAL_DESIGN_GEOMETRIC_PRESENTATION_REPRESENTATION (  '', ( #2083 ), #86 ) ;
#210 = EDGE_CURVE ( 'NONE', #1069, #531, #1773, .T. ) ;
#211 =( LENGTH_UNIT ( ) NAMED_UNIT ( * ) SI_UNIT ( .MILLI., .METRE. ) );
#212 = LINE ( 'NONE', #603, #944 ) ;
#213 = LINE ( 'NONE', #420, #1825 ) ;
#214 = ORIENTED_EDGE ( 'NONE', *, *, #1006, .F. ) ;
#215 = CARTESIAN_POINT ( 'NONE',  ( 37.00000000000000000, 2.000000000000000000, 20.50000000000000000 ) ) ;
#216 = CARTESIAN_POINT ( 'NONE',  ( -45.00000000000000000, 2.000000000000000000, -26.00000000000000000 ) ) ;
#217 = CIRCLE ( 'NONE', #965, 4.000000000000000000 ) ;
#218 = ORIENTED_EDGE ( 'NONE', *, *, #2218, .T. ) ;
#219 = FILL_AREA_STYLE ('',( #1630 ) ) ;
#220 = CARTESIAN_POINT ( 'NONE',  ( -5.500000000000001776, 12.00000000000000000, -19.74999999999973355 ) ) ;
#221 = ORIENTED_EDGE ( 'NONE', *, *, #1177, .F. ) ;
#222 = FACE_OUTER_BOUND ( 'NONE', #1388, .T. ) ;
#223 = VECTOR ( 'NONE', #1003, 1000.000000000000000 ) ;
#224 = EDGE_CURVE ( 'NONE', #535, #2578, #1527, .T. ) ;
#225 = DIRECTION ( 'NONE',  ( 1.000000000000000000, 0.000000000000000000, -0.000000000000000000 ) ) ;
#226 = AXIS2_PLACEMENT_3D ( 'NONE', #310, #1117, #2489 ) ;
#227 = DIRECTION ( 'NONE',  ( 0.000000000000000000, 1.000000000000000000, 0.000000000000000000 ) ) ;
#228 = LINE ( 'NONE', #198, #903 ) ;
#229 = ORIENTED_EDGE ( 'NONE', *, *, #538, .F. ) ;
#230 = VECTOR ( 'NONE', #1029, 1000.000000000000000 ) ;
#231 = LINE ( 'NONE', #801, #1018 ) ;
#232 = VECTOR ( 'NONE', #342, 1000.000000000000000 ) ;
#233 = CARTESIAN_POINT ( 'NONE',  ( -43.00000000000000000, 2.000000000000000000, -26.00000000000000000 ) ) ;
#234 = ORIENTED_EDGE ( 'NONE', *, *, #1887, .T. ) ;
#235 = DIRECTION ( 'NONE',  ( -0.000000000000000000, 0.000000000000000000, -1.000000000000000000 ) ) ;
#236 = PRESENTATION_LAYER_ASSIGNMENT (  '', '', ( #2357 ) ) ;
#237 = DIRECTION ( 'NONE',  ( 0.000000000000000000, 1.000000000000000000, 0.000000000000000000 ) ) ;
#238 = ORIENTED_EDGE ( 'NONE', *, *, #1465, .F. ) ;
#239 = CARTESIAN_POINT ( 'NONE',  ( 43.00000000000000000, 2.000000000000000000, 26.00000000000000355 ) ) ;
#240 = DIRECTION ( 'NONE',  ( 2.813065096178606086E-16, -0.000000000000000000, 1.000000000000000000 ) ) ;
#241 = DIRECTION ( 'NONE',  ( 4.283267841918043357E-17, -0.000000000000000000, 1.000000000000000000 ) ) ;
#242 = LINE ( 'NONE', #2195, #1154 ) ;
#243 = EDGE_CURVE ( 'NONE', #489, #1159, #165, .T. ) ;
#244 = ORIENTED_EDGE ( 'NONE', *, *, #2090, .T. ) ;
#245 = DIRECTION ( 'NONE',  ( -9.376883653928687363E-17, 0.000000000000000000, -1.000000000000000000 ) ) ;
#246 = ORIENTED_EDGE ( 'NONE', *, *, #1576, .T. ) ;
#247 = SURFACE_STYLE_FILL_AREA ( #219 ) ;
#248 = ORIENTED_EDGE ( 'NONE', *, *, #1931, .T. ) ;
#249 = FACE_OUTER_BOUND ( 'NONE', #1556, .T. ) ;
#250 = CARTESIAN_POINT ( 'NONE',  ( 9.209025860123792818E-16, 2.000000000000000000, 21.50000000000000000 ) ) ;
#251 = DIRECTION ( 'NONE',  ( 9.376883653928871020E-17, -0.000000000000000000, 1.000000000000000000 ) ) ;
#252 = CARTESIAN_POINT ( 'NONE',  ( 0.000000000000000000, 3.000000000000000000, 0.000000000000000000 ) ) ;
#253 = ORIENTED_EDGE ( 'NONE', *, *, #1087, .F. ) ;
#254 = EDGE_CURVE ( 'NONE', #1321, #76, #377, .T. ) ;
#255 = EDGE_CURVE ( 'NONE', #2397, #2129, #1943, .T. ) ;
#256 = LINE ( 'NONE', #691, #849 ) ;
#257 = ORIENTED_EDGE ( 'NONE', *, *, #1299, .F. ) ;
#258 = CARTESIAN_POINT ( 'NONE',  ( 45.00000000000000000, 2.000000000000000000, -24.00000000000000000 ) ) ;
#259 = EDGE_CURVE ( 'NONE', #2170, #1621, #1334, .T. ) ;
#260 = DIRECTION ( 'NONE',  ( 0.000000000000000000, -0.000000000000000000, 1.000000000000000000 ) ) ;
#261 = STYLED_ITEM ( 'NONE', ( #813 ), #1393 ) ;
#262 = ORIENTED_EDGE ( 'NONE', *, *, #1515, .T. ) ;
#263 = DIRECTION ( 'NONE',  ( 0.000000000000000000, -1.000000000000000000, 0.000000000000000000 ) ) ;
#264 = UNCERTAINTY_MEASURE_WITH_UNIT (LENGTH_MEASURE( 1.000000000000000082E-05 ), #753, 'distance_accuracy_value', 'NONE');
#265 = CARTESIAN_POINT ( 'NONE',  ( 37.00000000000000000, 2.000000000000000000, -18.00000000000000000 ) ) ;
#266 = CIRCLE ( 'NONE', #1719, 1.999999999999998224 ) ;
#267 = ORIENTED_EDGE ( 'NONE', *, *, #45, .T. ) ;
#268 = AXIS2_PLACEMENT_3D ( 'NONE', #1913, #1889, #349 ) ;
#269 =( GEOMETRIC_REPRESENTATION_CONTEXT ( 3 ) GLOBAL_UNCERTAINTY_ASSIGNED_CONTEXT ( ( #1449 ) ) GLOBAL_UNIT_ASSIGNED_CONTEXT ( ( #327, #1942, #1770 ) ) REPRESENTATION_CONTEXT ( 'NONE', 'WORKASPACE' ) );
#270 = AXIS2_PLACEMENT_3D ( 'NONE', #1155, #743, #950 ) ;
#271 = CARTESIAN_POINT ( 'NONE',  ( -4.999999999999999112, 0.5000000000000000000, 4.688441826964342326E-16 ) ) ;
#272 = EDGE_CURVE ( 'NONE', #2377, #1313, #1132, .T. ) ;
#273 = EDGE_LOOP ( 'NONE', ( #1338, #771, #363, #1543 ) ) ;
#274 = SURFACE_STYLE_USAGE ( .BOTH. , #1905 ) ;
#275 = DIRECTION ( 'NONE',  ( 1.515042337097648630E-16, 0.000000000000000000, -1.000000000000000000 ) ) ;
#276 = MECHANICAL_DESIGN_GEOMETRIC_PRESENTATION_REPRESENTATION (  '', ( #1274 ), #1067 ) ;
#277 = ORIENTED_EDGE ( 'NONE', *, *, #1535, .T. ) ;
#278 = CIRCLE ( 'NONE', #1609, 2.499999999999998668 ) ;
#279 = DIRECTION ( 'NONE',  ( 0.000000000000000000, 1.000000000000000000, 0.000000000000000000 ) ) ;
#280 = DIRECTION ( 'NONE',  ( 0.000000000000000000, -1.000000000000000000, 0.000000000000000000 ) ) ;
#281 = CARTESIAN_POINT ( 'NONE',  ( -29.00000000000000711, 2.999999999999999112, 22.00000000000000000 ) ) ;
#282 = ORIENTED_EDGE ( 'NONE', *, *, #475, .T. ) ;
#283 = CIRCLE ( 'NONE', #2451, 2.499999999999998668 ) ;
#284 = VECTOR ( 'NONE', #1192, 1000.000000000000000 ) ;
#285 = CARTESIAN_POINT ( 'NONE',  ( 40.49999999999999289, 2.000000000000000000, 0.000000000000000000 ) ) ;
#286 = DIRECTION ( 'NONE',  ( -1.000000000000000000, 0.000000000000000000, -3.750753461571474945E-16 ) ) ;
#287 = ORIENTED_EDGE ( 'NONE', *, *, #1134, .F. ) ;
#288 = DIRECTION ( 'NONE',  ( 0.000000000000000000, 0.000000000000000000, -1.000000000000000000 ) ) ;
#289 = UNCERTAINTY_MEASURE_WITH_UNIT (LENGTH_MEASURE( 1.000000000000000082E-05 ), #1647, 'distance_accuracy_value', 'NONE');
#290 = ADVANCED_FACE ( 'NONE', ( #2139 ), #356, .F. ) ;
#291 = LINE ( 'NONE', #2243, #2551 ) ;
#292 = VERTEX_POINT ( 'NONE', #1586 ) ;
#293 = FACE_OUTER_BOUND ( 'NONE', #2196, .T. ) ;
#294 = CARTESIAN_POINT ( 'NONE',  ( -29.00000000000000711, 12.00000000000000000, 22.00000000000000000 ) ) ;
#295 = PLANE ( 'NONE',  #1113 ) ;
#296 = VERTEX_POINT ( 'NONE', #455 ) ;
#297 = EDGE_CURVE ( 'NONE', #1118, #2281, #190, .T. ) ;
#298 = AXIS2_PLACEMENT_3D ( 'NONE', #899, #1700, #469 ) ;
#299 = CARTESIAN_POINT ( 'NONE',  ( -5.499999999999998224, 0.5000000000000000000, 2.578643004830438668E-16 ) ) ;
#300 = ORIENTED_EDGE ( 'NONE', *, *, #2488, .F. ) ;
#301 = DIRECTION ( 'NONE',  ( -0.000000000000000000, 1.000000000000000000, -0.000000000000000000 ) ) ;
#302 = CARTESIAN_POINT ( 'NONE',  ( 0.000000000000000000, 2.000000000000000000, -1.249999999999733991 ) ) ;
#303 = ORIENTED_EDGE ( 'NONE', *, *, #875, .T. ) ;
#304 = CARTESIAN_POINT ( 'NONE',  ( -32.50000000000000711, 12.00000000000000000, 7.500000000000000000 ) ) ;
#305 = LINE ( 'NONE', #1296, #1757 ) ;
#306 = FACE_BOUND ( 'NONE', #879, .T. ) ;
#307 = EDGE_CURVE ( 'NONE', #2001, #189, #2429, .T. ) ;
#308 = ORIENTED_EDGE ( 'NONE', *, *, #608, .F. ) ;
#309 = AXIS2_PLACEMENT_3D ( 'NONE', #1760, #1167, #1383 ) ;
#310 = CARTESIAN_POINT ( 'NONE',  ( -4.999999999999998224, 12.00000000000000000, -0.7499999999997339906 ) ) ;
#311 = AXIS2_PLACEMENT_3D ( 'NONE', #1893, #260, #2082 ) ;
#312 = VERTEX_POINT ( 'NONE', #1014 ) ;
#313 = CARTESIAN_POINT ( 'NONE',  ( 37.00000000000000000, 12.00000000000000000, 16.50000000000000000 ) ) ;
#314 = VECTOR ( 'NONE', #1627, 1000.000000000000000 ) ;
#315 = PLANE ( 'NONE',  #309 ) ;
#316 = VERTEX_POINT ( 'NONE', #1813 ) ;
#317 = LINE ( 'NONE', #1111, #695 ) ;
#318 = CARTESIAN_POINT ( 'NONE',  ( 37.00000000000000000, 12.00000000000000000, -13.99999999999999822 ) ) ;
#319 = AXIS2_PLACEMENT_3D ( 'NONE', #790, #2416, #1430 ) ;
#320 = CARTESIAN_POINT ( 'NONE',  ( 37.00000000000000000, 12.00000000000000000, -20.34999999999999787 ) ) ;
#321 = ORIENTED_EDGE ( 'NONE', *, *, #2137, .F. ) ;
#322 = EDGE_CURVE ( 'NONE', #682, #1069, #2026, .T. ) ;
#323 = AXIS2_PLACEMENT_3D ( 'NONE', #1390, #2194, #1999 ) ;
#324 = VECTOR ( 'NONE', #66, 1000.000000000000000 ) ;
#325 = FACE_OUTER_BOUND ( 'NONE', #2260, .T. ) ;
#326 = ORIENTED_EDGE ( 'NONE', *, *, #1838, .F. ) ;
#327 =( LENGTH_UNIT ( ) NAMED_UNIT ( * ) SI_UNIT ( .MILLI., .METRE. ) );
#328 = DIRECTION ( 'NONE',  ( -1.000000000000000000, 0.000000000000000000, 0.000000000000000000 ) ) ;
#329 = ORIENTED_EDGE ( 'NONE', *, *, #479, .F. ) ;
#330 = PLANE ( 'NONE',  #655 ) ;
#331 = CARTESIAN_POINT ( 'NONE',  ( -29.00000000000000711, 12.00000000000000000, 19.50000000000000000 ) ) ;
#332 = ORIENTED_EDGE ( 'NONE', *, *, #2289, .T. ) ;
#333 = CARTESIAN_POINT ( 'NONE',  ( -5.500000000000001776, 2.000000000000000000, -19.74999999999973355 ) ) ;
#334 = AXIS2_PLACEMENT_3D ( 'NONE', #1350, #2127, #1721 ) ;
#335 = DIRECTION ( 'NONE',  ( -1.613696256722611405E-16, 0.000000000000000000, -1.000000000000000000 ) ) ;
#336 = EDGE_LOOP ( 'NONE', ( #2278, #1172, #2528, #411, #1457, #2360, #2034, #840, #1649, #1945 ) ) ;
#337 = EDGE_CURVE ( 'NONE', #2022, #1571, #1226, .T. ) ;
#338 = CARTESIAN_POINT ( 'NONE',  ( 40.49999999999999289, 2.000000000000000000, 18.43649167310371340 ) ) ;
#339 = CARTESIAN_POINT ( 'NONE',  ( 37.00000000000000000, 0.5000000000000004441, -18.00000000000000000 ) ) ;
#340 = ORIENTED_EDGE ( 'NONE', *, *, #479, .T. ) ;
#341 = EDGE_CURVE ( 'NONE', #2238, #2377, #2232, .T. ) ;
#342 = DIRECTION ( 'NONE',  ( 0.000000000000000000, -1.000000000000000000, 0.000000000000000000 ) ) ;
#343 = DIRECTION ( 'NONE',  ( 0.000000000000000000, 0.000000000000000000, 1.000000000000000000 ) ) ;
#344 = ORIENTED_EDGE ( 'NONE', *, *, #1165, .T. ) ;
#345 = ORIENTED_EDGE ( 'NONE', *, *, #2544, .F. ) ;
#346 = CARTESIAN_POINT ( 'NONE',  ( 37.00000000000000000, 12.00000000000000000, 14.15000000000000391 ) ) ;
#347 =( NAMED_UNIT ( * ) PLANE_ANGLE_UNIT ( ) SI_UNIT ( $, .RADIAN. ) );
#348 =( GEOMETRIC_REPRESENTATION_CONTEXT ( 3 ) GLOBAL_UNCERTAINTY_ASSIGNED_CONTEXT ( ( #1514 ) ) GLOBAL_UNIT_ASSIGNED_CONTEXT ( ( #211, #2408, #2219 ) ) REPRESENTATION_CONTEXT ( 'NONE', 'WORKASPACE' ) );
#349 = DIRECTION ( 'NONE',  ( 7.501506923143096816E-16, 0.000000000000000000, 1.000000000000000000 ) ) ;
#350 = ORIENTED_EDGE ( 'NONE', *, *, #2182, .F. ) ;
#351 =( GEOMETRIC_REPRESENTATION_CONTEXT ( 3 ) GLOBAL_UNCERTAINTY_ASSIGNED_CONTEXT ( ( #679 ) ) GLOBAL_UNIT_ASSIGNED_CONTEXT ( ( #23, #2359, #1183 ) ) REPRESENTATION_CONTEXT ( 'NONE', 'WORKASPACE' ) );
#352 = EDGE_CURVE ( 'NONE', #391, #203, #1783, .T. ) ;
#353 = CARTESIAN_POINT ( 'NONE',  ( -3.683610344049515549E-15, 3.000000000000000000, -21.49999999999999645 ) ) ;
#354 = VERTEX_POINT ( 'NONE', #2443 ) ;
#355 = VECTOR ( 'NONE', #2081, 1000.000000000000000 ) ;
#356 = PLANE ( 'NONE',  #1817 ) ;
#357 = LINE ( 'NONE', #144, #1854 ) ;
#358 = EDGE_LOOP ( 'NONE', ( #1120, #1708, #1242, #893 ) ) ;
#359 = VERTEX_POINT ( 'NONE', #2213 ) ;
#360 = STYLED_ITEM ( 'NONE', ( #624 ), #290 ) ;
#361 = FACE_OUTER_BOUND ( 'NONE', #194, .T. ) ;
#362 = LINE ( 'NONE', #133, #2475 ) ;
#363 = ORIENTED_EDGE ( 'NONE', *, *, #1104, .F. ) ;
#364 = PLANE ( 'NONE',  #514 ) ;
#365 = DIRECTION ( 'NONE',  ( 0.000000000000000000, -1.000000000000000000, 0.000000000000000000 ) ) ;
#366 = AXIS2_PLACEMENT_3D ( 'NONE', #618, #2435, #2423 ) ;
#367 = VERTEX_POINT ( 'NONE', #425 ) ;
#368 = DIRECTION ( 'NONE',  ( 0.000000000000000000, -0.000000000000000000, 1.000000000000000000 ) ) ;
#369 = EDGE_CURVE ( 'NONE', #2542, #1850, #1442, .T. ) ;
#370 = CARTESIAN_POINT ( 'NONE',  ( 14.00000000000000533, 0.5000000000000000000, -1.249999999999733991 ) ) ;
#371 = ORIENTED_EDGE ( 'NONE', *, *, #635, .T. ) ;
#372 = CARTESIAN_POINT ( 'NONE',  ( 0.000000000000000000, 0.5000000000000000000, -19.74999999999973355 ) ) ;
#373 = EDGE_CURVE ( 'NONE', #1660, #752, #1032, .T. ) ;
#374 = DIRECTION ( 'NONE',  ( 0.000000000000000000, -1.000000000000000000, 0.000000000000000000 ) ) ;
#375 = DIRECTION ( 'NONE',  ( -0.000000000000000000, 0.000000000000000000, -1.000000000000000000 ) ) ;
#376 = ORIENTED_EDGE ( 'NONE', *, *, #1410, .T. ) ;
#377 = LINE ( 'NONE', #730, #2106 ) ;
#378 = FACE_OUTER_BOUND ( 'NONE', #623, .T. ) ;
#379 = ORIENTED_EDGE ( 'NONE', *, *, #1839, .T. ) ;
#380 = ORIENTED_EDGE ( 'NONE', *, *, #97, .T. ) ;
#381 = PLANE ( 'NONE',  #803 ) ;
#382 = PRESENTATION_STYLE_ASSIGNMENT (( #1744 ) ) ;
#383 = EDGE_CURVE ( 'NONE', #2511, #1187, #1828, .T. ) ;
#384 = LINE ( 'NONE', #1412, #1973 ) ;
#385 = VECTOR ( 'NONE', #2201, 1000.000000000000000 ) ;
#386 = VERTEX_POINT ( 'NONE', #999 ) ;
#387 = CARTESIAN_POINT ( 'NONE',  ( 0.000000000000000000, 2.000000000000000000, 17.74999999999990408 ) ) ;
#388 = STYLED_ITEM ( 'NONE', ( #2021 ), #2165 ) ;
#389 = CARTESIAN_POINT ( 'NONE',  ( 32.50000000000000000, 12.00000000000000000, -0.7499999999997339906 ) ) ;
#390 = DIRECTION ( 'NONE',  ( 0.000000000000000000, 0.000000000000000000, 1.000000000000000000 ) ) ;
#391 = VERTEX_POINT ( 'NONE', #2573 ) ;
#392 = ORIENTED_EDGE ( 'NONE', *, *, #2502, .T. ) ;
#393 = DIRECTION ( 'NONE',  ( -1.000000000000000000, 0.000000000000000000, 0.000000000000000000 ) ) ;
#394 = DIRECTION ( 'NONE',  ( -1.000000000000000000, 0.000000000000000000, 0.000000000000000000 ) ) ;
#395 = CARTESIAN_POINT ( 'NONE',  ( -41.89999999999999858, 2.000000000000000000, 22.89999999999999858 ) ) ;
#396 = EDGE_CURVE ( 'NONE', #203, #316, #1458, .T. ) ;
#397 = CARTESIAN_POINT ( 'NONE',  ( -29.00000000000000711, 2.999999999999999112, 19.50000000000000000 ) ) ;
#398 = ORIENTED_EDGE ( 'NONE', *, *, #833, .F. ) ;
#399 = FACE_OUTER_BOUND ( 'NONE', #1926, .T. ) ;
#400 = VECTOR ( 'NONE', #1407, 1000.000000000000000 ) ;
#401 = EDGE_CURVE ( 'NONE', #960, #95, #1897, .T. ) ;
#402 = FACE_BOUND ( 'NONE', #2155, .T. ) ;
#403 = DIRECTION ( 'NONE',  ( 1.000000000000000000, 0.000000000000000000, 0.000000000000000000 ) ) ;
#404 = ORIENTED_EDGE ( 'NONE', *, *, #2142, .F. ) ;
#405 = CARTESIAN_POINT ( 'NONE',  ( 41.49999999999999289, 0.5000000000000000000, -22.50000000000000000 ) ) ;
#406 = LINE ( 'NONE', #1983, #505 ) ;
#407 = DIRECTION ( 'NONE',  ( -0.000000000000000000, 1.000000000000000000, -0.000000000000000000 ) ) ;
#408 = ORIENTED_EDGE ( 'NONE', *, *, #21, .T. ) ;
#409 = SURFACE_STYLE_USAGE ( .BOTH. , #996 ) ;
#410 = ADVANCED_FACE ( 'NONE', ( #399 ), #2061, .T. ) ;
#411 = ORIENTED_EDGE ( 'NONE', *, *, #2105, .F. ) ;
#412 =( NAMED_UNIT ( * ) SI_UNIT ( $, .STERADIAN. ) SOLID_ANGLE_UNIT ( ) );
#413 = DIRECTION ( 'NONE',  ( 0.000000000000000000, 1.000000000000000000, 0.000000000000000000 ) ) ;
#414 = CARTESIAN_POINT ( 'NONE',  ( 37.00000000000000000, 2.999999999999999112, -18.00000000000000000 ) ) ;
#415 = VERTEX_POINT ( 'NONE', #1657 ) ;
#416 = LINE ( 'NONE', #239, #2353 ) ;
#417 = CIRCLE ( 'NONE', #1000, 4.000000000000000000 ) ;
#418 = LINE ( 'NONE', #1592, #1638 ) ;
#419 = PLANE ( 'NONE',  #1906 ) ;
#420 = CARTESIAN_POINT ( 'NONE',  ( 40.49999999999999289, 2.000000000000000000, 0.000000000000000000 ) ) ;
#421 = EDGE_LOOP ( 'NONE', ( #429, #921, #1123, #1202 ) ) ;
#422 = LINE ( 'NONE', #829, #2400 ) ;
#423 = DIRECTION ( 'NONE',  ( -2.668805347656626678E-16, 0.000000000000000000, -1.000000000000000000 ) ) ;
#424 = ORIENTED_EDGE ( 'NONE', *, *, #2234, .T. ) ;
#425 = CARTESIAN_POINT ( 'NONE',  ( 14.00000000000000711, 0.5000000000000004441, 17.74999999999990408 ) ) ;
#426 = ADVANCED_FACE ( 'NONE', ( #894 ), #2454, .F. ) ;
#427 = DIRECTION ( 'NONE',  ( -0.000000000000000000, 1.000000000000000000, -0.000000000000000000 ) ) ;
#428 = CARTESIAN_POINT ( 'NONE',  ( -23.99999999999999645, 2.000000000000000000, 17.74999999999990408 ) ) ;
#429 = ORIENTED_EDGE ( 'NONE', *, *, #1378, .T. ) ;
#430 = CARTESIAN_POINT ( 'NONE',  ( 37.00000000000000000, 12.00000000000000000, 16.50000000000000000 ) ) ;
#431 = ADVANCED_FACE ( 'NONE', ( #1280 ), #1107, .T. ) ;
#432 = DIRECTION ( 'NONE',  ( 0.000000000000000000, -0.000000000000000000, 1.000000000000000000 ) ) ;
#433 = LINE ( 'NONE', #55, #284 ) ;
#434 = ORIENTED_EDGE ( 'NONE', *, *, #1173, .T. ) ;
#435 = AXIS2_PLACEMENT_3D ( 'NONE', #1345, #138, #1748 ) ;
#436 = VECTOR ( 'NONE', #1617, 1000.000000000000000 ) ;
#437 = LINE ( 'NONE', #830, #888 ) ;
#438 = VERTEX_POINT ( 'NONE', #2254 ) ;
#439 = SURFACE_STYLE_USAGE ( .BOTH. , #1604 ) ;
#440 = STYLED_ITEM ( 'NONE', ( #468 ), #94 ) ;
#441 = DIRECTION ( 'NONE',  ( -1.000000000000000000, 0.000000000000000000, 0.000000000000000000 ) ) ;
#442 = ORIENTED_EDGE ( 'NONE', *, *, #1769, .T. ) ;
#443 = VECTOR ( 'NONE', #507, 1000.000000000000000 ) ;
#444 = EDGE_CURVE ( 'NONE', #1850, #619, #2466, .T. ) ;
#445 = DIRECTION ( 'NONE',  ( -0.000000000000000000, 1.000000000000000000, -0.000000000000000000 ) ) ;
#446 = UNCERTAINTY_MEASURE_WITH_UNIT (LENGTH_MEASURE( 1.000000000000000082E-05 ), #1965, 'distance_accuracy_value', 'NONE');
#447 = DIRECTION ( 'NONE',  ( -1.000000000000000000, 0.000000000000000000, -1.541976423090495633E-16 ) ) ;
#448 = CARTESIAN_POINT ( 'NONE',  ( -30.50000000000000355, 2.000000000000000000, 21.50000000000000000 ) ) ;
#449 = LINE ( 'NONE', #631, #1284 ) ;
#450 = EDGE_CURVE ( 'NONE', #1118, #2437, #908, .T. ) ;
#451 = VERTEX_POINT ( 'NONE', #2050 ) ;
#452 = ADVANCED_FACE ( 'NONE', ( #2491, #1070 ), #1083, .T. ) ;
#453 = CARTESIAN_POINT ( 'NONE',  ( -4.999999999999998224, 0.5000000000000004441, -0.7499999999997339906 ) ) ;
#454 = ORIENTED_EDGE ( 'NONE', *, *, #2574, .F. ) ;
#455 = CARTESIAN_POINT ( 'NONE',  ( 13.50000000000000178, 2.000000000000000000, -0.7499999999997339906 ) ) ;
#456 = DIRECTION ( 'NONE',  ( 0.000000000000000000, -0.000000000000000000, 1.000000000000000000 ) ) ;
#457 = VERTEX_POINT ( 'NONE', #500 ) ;
#458 = PRESENTATION_STYLE_ASSIGNMENT (( #2028 ) ) ;
#459 = CARTESIAN_POINT ( 'NONE',  ( -40.50000000000000711, 2.000000000000000000, 21.50000000000000355 ) ) ;
#460 = DIRECTION ( 'NONE',  ( -0.000000000000000000, -1.000000000000000000, -0.000000000000000000 ) ) ;
#461 = ORIENTED_EDGE ( 'NONE', *, *, #373, .F. ) ;
#462 = EDGE_CURVE ( 'NONE', #1047, #2238, #1881, .T. ) ;
#463 = PLANE ( 'NONE',  #806 ) ;
#464 = VERTEX_POINT ( 'NONE', #880 ) ;
#465 = FILL_AREA_STYLE ('',( #77 ) ) ;
#466 = CARTESIAN_POINT ( 'NONE',  ( -3.683610344049515549E-15, 2.000000000000000000, -21.49999999999999645 ) ) ;
#467 = VERTEX_POINT ( 'NONE', #1056 ) ;
#468 = PRESENTATION_STYLE_ASSIGNMENT (( #2257 ) ) ;
#469 = DIRECTION ( 'NONE',  ( 0.000000000000000000, 0.000000000000000000, 1.000000000000000000 ) ) ;
#470 = DIRECTION ( 'NONE',  ( -0.000000000000000000, -1.000000000000000000, -0.000000000000000000 ) ) ;
#471 = VECTOR ( 'NONE', #1743, 1000.000000000000000 ) ;
#472 = EDGE_LOOP ( 'NONE', ( #2493, #2089, #340, #248, #843, #1900 ) ) ;
#473 = AXIS2_PLACEMENT_3D ( 'NONE', #216, #2383, #423 ) ;
#474 = AXIS2_PLACEMENT_3D ( 'NONE', #742, #957, #2122 ) ;
#475 = EDGE_CURVE ( 'NONE', #960, #1537, #1679, .T. ) ;
#476 = DIRECTION ( 'NONE',  ( 0.000000000000000000, 0.000000000000000000, 1.000000000000000000 ) ) ;
#477 = DIRECTION ( 'NONE',  ( 0.000000000000000000, 0.000000000000000000, -1.000000000000000000 ) ) ;
#478 = ORIENTED_EDGE ( 'NONE', *, *, #1071, .T. ) ;
#479 = EDGE_CURVE ( 'NONE', #1009, #158, #850, .T. ) ;
#480 = ORIENTED_EDGE ( 'NONE', *, *, #1359, .T. ) ;
#481 = VECTOR ( 'NONE', #1954, 1000.000000000000000 ) ;
#482 = ADVANCED_FACE ( 'NONE', ( #101 ), #1302, .F. ) ;
#483 =( NAMED_UNIT ( * ) PLANE_ANGLE_UNIT ( ) SI_UNIT ( $, .RADIAN. ) );
#484 = CARTESIAN_POINT ( 'NONE',  ( 0.000000000000000000, 0.5000000000000000000, -1.249999999999733991 ) ) ;
#485 = EDGE_LOOP ( 'NONE', ( #1384, #2482, #282, #741 ) ) ;
#486 = CIRCLE ( 'NONE', #1572, 2.000000000000001776 ) ;
#487 = AXIS2_PLACEMENT_3D ( 'NONE', #252, #1849, #1424 ) ;
#488 = LINE ( 'NONE', #1840, #2302 ) ;
#489 = VERTEX_POINT ( 'NONE', #2135 ) ;
#490 =( LENGTH_UNIT ( ) NAMED_UNIT ( * ) SI_UNIT ( .MILLI., .METRE. ) );
#491 = EDGE_CURVE ( 'NONE', #2490, #2241, #1129, .T. ) ;
#492 = PLANE ( 'NONE',  #1443 ) ;
#493 = ORIENTED_EDGE ( 'NONE', *, *, #1209, .F. ) ;
#494 = DIRECTION ( 'NONE',  ( 1.000000000000000000, 0.000000000000000000, -9.376883653928871020E-17 ) ) ;
#495 = ADVANCED_FACE ( 'NONE', ( #2559 ), #364, .T. ) ;
#496 = DIRECTION ( 'NONE',  ( 0.000000000000000000, 1.000000000000000000, 0.000000000000000000 ) ) ;
#497 = ORIENTED_EDGE ( 'NONE', *, *, #337, .F. ) ;
#498 = DIRECTION ( 'NONE',  ( 4.688441826964435510E-17, -0.000000000000000000, 1.000000000000000000 ) ) ;
#499 = ORIENTED_EDGE ( 'NONE', *, *, #2036, .T. ) ;
#500 = CARTESIAN_POINT ( 'NONE',  ( -43.00000000000000000, 0.000000000000000000, -26.00000000000000000 ) ) ;
#501 = LINE ( 'NONE', #1525, #852 ) ;
#502 = EDGE_LOOP ( 'NONE', ( #2052, #593, #2075, #1106, #1168, #915, #1565, #871, #20, #848, #214, #2343, #2445, #1343, #2376, #2025, #2508 ) ) ;
#503 =( NAMED_UNIT ( * ) SI_UNIT ( $, .STERADIAN. ) SOLID_ANGLE_UNIT ( ) );
#504 = EDGE_CURVE ( 'NONE', #1273, #2001, #809, .T. ) ;
#505 = VECTOR ( 'NONE', #1232, 1000.000000000000000 ) ;
#506 = DIRECTION ( 'NONE',  ( -0.000000000000000000, -1.000000000000000000, -0.000000000000000000 ) ) ;
#507 = DIRECTION ( 'NONE',  ( 0.000000000000000000, -1.000000000000000000, 0.000000000000000000 ) ) ;
#508 = ORIENTED_EDGE ( 'NONE', *, *, #2446, .T. ) ;
#509 = AXIS2_PLACEMENT_3D ( 'NONE', #1114, #1911, #1098 ) ;
#510 = VECTOR ( 'NONE', #1398, 1000.000000000000000 ) ;
#511 = DIRECTION ( 'NONE',  ( -1.000000000000000000, 0.000000000000000000, -0.000000000000000000 ) ) ;
#512 = AXIS2_PLACEMENT_3D ( 'NONE', #2318, #515, #1735 ) ;
#513 = VERTEX_POINT ( 'NONE', #338 ) ;
#514 = AXIS2_PLACEMENT_3D ( 'NONE', #1538, #2316, #162 ) ;
#515 = DIRECTION ( 'NONE',  ( -0.000000000000000000, 0.000000000000000000, 1.000000000000000000 ) ) ;
#516 = ORIENTED_EDGE ( 'NONE', *, *, #2544, .T. ) ;
#517 = CARTESIAN_POINT ( 'NONE',  ( -41.50000000000000711, 0.000000000000000000, -22.50000000000000000 ) ) ;
#518 = UNCERTAINTY_MEASURE_WITH_UNIT (LENGTH_MEASURE( 1.000000000000000082E-05 ), #1125, 'distance_accuracy_value', 'NONE');
#519 = LINE ( 'NONE', #758, #2462 ) ;
#520 = VECTOR ( 'NONE', #1661, 1000.000000000000000 ) ;
#521 = LINE ( 'NONE', #2322, #2300 ) ;
#522 = VERTEX_POINT ( 'NONE', #1562 ) ;
#523 = DIRECTION ( 'NONE',  ( -1.000000000000000000, -0.000000000000000000, -0.000000000000000000 ) ) ;
#524 = ADVANCED_FACE ( 'NONE', ( #2329 ), #2341, .F. ) ;
#525 = STYLED_ITEM ( 'NONE', ( #382 ), #713 ) ;
#526 = EDGE_CURVE ( 'NONE', #1273, #2388, #2356, .T. ) ;
#527 = DIRECTION ( 'NONE',  ( -1.000000000000000000, 0.000000000000000000, 1.713307136767217096E-16 ) ) ;
#528 = ORIENTED_EDGE ( 'NONE', *, *, #1720, .T. ) ;
#529 = CARTESIAN_POINT ( 'NONE',  ( 37.00000000000000000, 12.00000000000000000, 14.15000000000000391 ) ) ;
#530 = DIRECTION ( 'NONE',  ( 0.000000000000000000, 1.000000000000000000, 0.000000000000000000 ) ) ;
#531 = VERTEX_POINT ( 'NONE', #1331 ) ;
#532 = FACE_OUTER_BOUND ( 'NONE', #1841, .T. ) ;
#533 = DIRECTION ( 'NONE',  ( -1.000000000000000000, 0.000000000000000000, -0.000000000000000000 ) ) ;
#534 = VERTEX_POINT ( 'NONE', #1371 ) ;
#535 = VERTEX_POINT ( 'NONE', #2111 ) ;
#536 = LINE ( 'NONE', #942, #471 ) ;
#537 = CARTESIAN_POINT ( 'NONE',  ( -29.00000000000000711, 12.00000000000000000, 19.50000000000000000 ) ) ;
#538 = EDGE_CURVE ( 'NONE', #1313, #457, #1166, .T. ) ;
#539 = LINE ( 'NONE', #2079, #1642 ) ;
#540 = ORIENTED_EDGE ( 'NONE', *, *, #1676, .F. ) ;
#541 = CARTESIAN_POINT ( 'NONE',  ( -5.000000000000000888, 12.00000000000000000, -19.74999999999973355 ) ) ;
#542 = AXIS2_PLACEMENT_3D ( 'NONE', #2470, #684, #2053 ) ;
#543 = SURFACE_SIDE_STYLE ('',( #935 ) ) ;
#544 = EDGE_LOOP ( 'NONE', ( #1497, #744, #28, #1055 ) ) ;
#545 = DIRECTION ( 'NONE',  ( 4.688441826964435510E-17, -0.000000000000000000, 1.000000000000000000 ) ) ;
#546 = FACE_OUTER_BOUND ( 'NONE', #2291, .T. ) ;
#547 = ORIENTED_EDGE ( 'NONE', *, *, #373, .T. ) ;
#548 = LINE ( 'NONE', #372, #2261 ) ;
#549 = CARTESIAN_POINT ( 'NONE',  ( -45.00000000000000000, 2.000000000000000000, -26.00000000000000000 ) ) ;
#550 = VECTOR ( 'NONE', #796, 1000.000000000000000 ) ;
#551 = EDGE_CURVE ( 'NONE', #316, #860, #1793, .T. ) ;
#552 = ORIENTED_EDGE ( 'NONE', *, *, #1646, .F. ) ;
#553 = VECTOR ( 'NONE', #1228, 1000.000000000000000 ) ;
#554 = DIRECTION ( 'NONE',  ( -1.713307136767217096E-16, 0.000000000000000000, -1.000000000000000000 ) ) ;
#555 = AXIS2_PLACEMENT_3D ( 'NONE', #788, #1413, #375 ) ;
#556 = DIRECTION ( 'NONE',  ( 1.000000000000000000, 0.000000000000000000, -1.713307136767217096E-16 ) ) ;
#557 = EDGE_CURVE ( 'NONE', #451, #978, #231, .T. ) ;
#558 = ORIENTED_EDGE ( 'NONE', *, *, #2505, .T. ) ;
#559 = VECTOR ( 'NONE', #1262, 1000.000000000000000 ) ;
#560 = FILL_AREA_STYLE_COLOUR ( '', #1654 ) ;
#561 = VECTOR ( 'NONE', #2406, 1000.000000000000000 ) ;
#562 = DIRECTION ( 'NONE',  ( 1.000000000000000000, 0.000000000000000000, 0.000000000000000000 ) ) ;
#563 = EDGE_CURVE ( 'NONE', #2241, #752, #2019, .T. ) ;
#564 = VERTEX_POINT ( 'NONE', #2570 ) ;
#565 = STYLED_ITEM ( 'NONE', ( #961 ), #171 ) ;
#566 = CARTESIAN_POINT ( 'NONE',  ( 40.49999999999999289, 3.000000000000000000, 0.000000000000000000 ) ) ;
#567 = DIRECTION ( 'NONE',  ( 0.000000000000000000, 0.000000000000000000, 1.000000000000000000 ) ) ;
#568 = AXIS2_PLACEMENT_3D ( 'NONE', #862, #2011, #1404 ) ;
#569 = CIRCLE ( 'NONE', #861, 1.074999999999999512 ) ;
#570 = DIRECTION ( 'NONE',  ( 0.000000000000000000, -1.000000000000000000, 0.000000000000000000 ) ) ;
#571 = CIRCLE ( 'NONE', #1742, 4.000000000000000000 ) ;
#572 = EDGE_LOOP ( 'NONE', ( #424, #2093, #2333, #2420 ) ) ;
#573 = CARTESIAN_POINT ( 'NONE',  ( -29.00000000000000711, 12.00000000000000000, 17.00000000000000000 ) ) ;
#574 = EDGE_CURVE ( 'NONE', #703, #619, #1196, .T. ) ;
#575 = CARTESIAN_POINT ( 'NONE',  ( 45.00000000000000000, 2.000000000000000000, 24.00000000000000355 ) ) ;
#576 = EDGE_LOOP ( 'NONE', ( #1787, #2311, #1052, #1399 ) ) ;
#577 = ORIENTED_EDGE ( 'NONE', *, *, #224, .F. ) ;
#578 = DIRECTION ( 'NONE',  ( -0.000000000000000000, -1.000000000000000000, -0.000000000000000000 ) ) ;
#579 = CARTESIAN_POINT ( 'NONE',  ( 43.00000000000000000, 2.000000000000000000, -24.00000000000000000 ) ) ;
#580 = DIRECTION ( 'NONE',  ( 0.000000000000000000, -1.000000000000000000, 0.000000000000000000 ) ) ;
#581 = ORIENTED_EDGE ( 'NONE', *, *, #1028, .F. ) ;
#582 = DIRECTION ( 'NONE',  ( 0.000000000000000000, 0.000000000000000000, 1.000000000000000000 ) ) ;
#583 = LINE ( 'NONE', #389, #16 ) ;
#584 = LINE ( 'NONE', #1632, #929 ) ;
#585 = ORIENTED_EDGE ( 'NONE', *, *, #1946, .T. ) ;
#586 = EDGE_CURVE ( 'NONE', #1660, #643, #2198, .T. ) ;
#587 = ORIENTED_EDGE ( 'NONE', *, *, #1704, .T. ) ;
#588 = CARTESIAN_POINT ( 'NONE',  ( 0.000000000000000000, 2.000000000000000000, -0.7499999999997339906 ) ) ;
#589 = DIRECTION ( 'NONE',  ( 1.000000000000000000, 0.000000000000000000, 0.000000000000000000 ) ) ;
#590 = LINE ( 'NONE', #1940, #1311 ) ;
#591 = LINE ( 'NONE', #607, #1316 ) ;
#592 = SURFACE_SIDE_STYLE ('',( #202 ) ) ;
#593 = ORIENTED_EDGE ( 'NONE', *, *, #673, .T. ) ;
#594 = CARTESIAN_POINT ( 'NONE',  ( 37.00000000000000000, 12.00000000000000000, -18.00000000000000000 ) ) ;
#595 = VECTOR ( 'NONE', #1655, 1000.000000000000000 ) ;
#596 = CARTESIAN_POINT ( 'NONE',  ( -30.50000000000000355, 3.000000000000000000, 21.50000000000000000 ) ) ;
#597 = AXIS2_PLACEMENT_3D ( 'NONE', #1290, #2094, #288 ) ;
#598 = DIRECTION ( 'NONE',  ( 1.000000000000000000, -0.000000000000000000, 0.000000000000000000 ) ) ;
#599 = VECTOR ( 'NONE', #1511, 1000.000000000000000 ) ;
#600 = ORIENTED_EDGE ( 'NONE', *, *, #2197, .T. ) ;
#601 = PLANE ( 'NONE',  #1110 ) ;
#602 = FACE_OUTER_BOUND ( 'NONE', #164, .T. ) ;
#603 = CARTESIAN_POINT ( 'NONE',  ( -29.00000000000000711, 2.000000000000000000, 20.57499999999999929 ) ) ;
#604 = EDGE_LOOP ( 'NONE', ( #1301, #2010 ) ) ;
#605 = EDGE_CURVE ( 'NONE', #535, #438, #591, .T. ) ;
#606 = CIRCLE ( 'NONE', #150, 4.000000000000000000 ) ;
#607 = CARTESIAN_POINT ( 'NONE',  ( -3.683610344049515549E-15, 3.000000000000000000, -21.49999999999999645 ) ) ;
#608 = EDGE_CURVE ( 'NONE', #146, #1441, #633, .T. ) ;
#609 = PLANE ( 'NONE',  #555 ) ;
#610 = ORIENTED_EDGE ( 'NONE', *, *, #1676, .T. ) ;
#611 = VECTOR ( 'NONE', #470, 1000.000000000000000 ) ;
#612 = SURFACE_STYLE_USAGE ( .BOTH. , #26 ) ;
#613 = LINE ( 'NONE', #988, #223 ) ;
#614 = ORIENTED_EDGE ( 'NONE', *, *, #396, .F. ) ;
#615 = DIRECTION ( 'NONE',  ( 1.000000000000000000, 0.000000000000000000, 0.000000000000000000 ) ) ;
#616 = LINE ( 'NONE', #1451, #550 ) ;
#617 = CARTESIAN_POINT ( 'NONE',  ( -29.00000000000000711, 2.000000000000000000, 19.50000000000000000 ) ) ;
#618 = CARTESIAN_POINT ( 'NONE',  ( -23.99999999999999645, 12.00000000000000000, -0.7499999999997339906 ) ) ;
#619 = VERTEX_POINT ( 'NONE', #1010 ) ;
#620 = EDGE_CURVE ( 'NONE', #643, #2046, #1809, .T. ) ;
#621 = CARTESIAN_POINT ( 'NONE',  ( 13.50000000000000355, 2.000000000000000000, -1.249999999999733991 ) ) ;
#622 = DIRECTION ( 'NONE',  ( -0.000000000000000000, 0.000000000000000000, -1.000000000000000000 ) ) ;
#623 = EDGE_LOOP ( 'NONE', ( #910, #398, #2472, #2164 ) ) ;
#624 = PRESENTATION_STYLE_ASSIGNMENT (( #439 ) ) ;
#625 = CARTESIAN_POINT ( 'NONE',  ( 32.50000000000001421, 12.00000000000000000, 17.74999999999990408 ) ) ;
#626 = ORIENTED_EDGE ( 'NONE', *, *, #2210, .F. ) ;
#627 = CARTESIAN_POINT ( 'NONE',  ( 0.000000000000000000, 0.5000000000000000000, 0.000000000000000000 ) ) ;
#628 = AXIS2_PLACEMENT_3D ( 'NONE', #265, #1062, #71 ) ;
#629 = CARTESIAN_POINT ( 'NONE',  ( 41.49999999999999289, 0.000000000000000000, -22.50000000000000000 ) ) ;
#630 = DIRECTION ( 'NONE',  ( 0.000000000000000000, 0.000000000000000000, -1.000000000000000000 ) ) ;
#631 = CARTESIAN_POINT ( 'NONE',  ( -23.99999999999999645, 12.00000000000000000, -1.249999999999733991 ) ) ;
#632 = EDGE_LOOP ( 'NONE', ( #785, #1868, #2442, #321 ) ) ;
#633 = LINE ( 'NONE', #1824, #1685 ) ;
#634 = VECTOR ( 'NONE', #393, 1000.000000000000000 ) ;
#635 = EDGE_CURVE ( 'NONE', #1754, #1009, #2020, .T. ) ;
#636 = CARTESIAN_POINT ( 'NONE',  ( 9.209025860123792818E-16, 3.000000000000000000, 21.50000000000000000 ) ) ;
#637 = ORIENTED_EDGE ( 'NONE', *, *, #159, .F. ) ;
#638 = DIRECTION ( 'NONE',  ( 0.000000000000000000, 0.000000000000000000, 1.000000000000000000 ) ) ;
#639 = AXIS2_PLACEMENT_3D ( 'NONE', #1277, #810, #1815 ) ;
#640 = EDGE_CURVE ( 'NONE', #147, #2478, #384, .T. ) ;
#641 = CARTESIAN_POINT ( 'NONE',  ( 41.89999999999999147, 3.000000000000000000, 6.348027392439145698E-15 ) ) ;
#642 = LINE ( 'NONE', #9, #1478 ) ;
#643 = VERTEX_POINT ( 'NONE', #621 ) ;
#644 =( LENGTH_UNIT ( ) NAMED_UNIT ( * ) SI_UNIT ( .MILLI., .METRE. ) );
#645 = CIRCLE ( 'NONE', #723, 2.349999999999997868 ) ;
#646 = ADVANCED_FACE ( 'NONE', ( #818 ), #1974, .T. ) ;
#647 = VECTOR ( 'NONE', #859, 1000.000000000000000 ) ;
#648 = DIRECTION ( 'NONE',  ( 0.000000000000000000, 0.000000000000000000, 1.000000000000000000 ) ) ;
#649 = LINE ( 'NONE', #1234, #1871 ) ;
#650 = VERTEX_POINT ( 'NONE', #2209 ) ;
#651 = AXIS2_PLACEMENT_3D ( 'NONE', #594, #1400, #2186 ) ;
#652 = AXIS2_PLACEMENT_3D ( 'NONE', #872, #683, #1481 ) ;
#653 = DIRECTION ( 'NONE',  ( 0.000000000000000000, 1.000000000000000000, 0.000000000000000000 ) ) ;
#654 = ORIENTED_EDGE ( 'NONE', *, *, #720, .T. ) ;
#655 = AXIS2_PLACEMENT_3D ( 'NONE', #2306, #279, #2271 ) ;
#656 = LINE ( 'NONE', #302, #2225 ) ;
#657 = VERTEX_POINT ( 'NONE', #215 ) ;
#658 = VECTOR ( 'NONE', #967, 1000.000000000000000 ) ;
#659 = DIRECTION ( 'NONE',  ( 0.000000000000000000, 1.000000000000000000, 0.000000000000000000 ) ) ;
#660 = EDGE_CURVE ( 'NONE', #1571, #2038, #422, .T. ) ;
#661 = DIRECTION ( 'NONE',  ( -1.000000000000000000, 0.000000000000000000, 0.000000000000000000 ) ) ;
#662 = LINE ( 'NONE', #2409, #400 ) ;
#663 = APPLICATION_PROTOCOL_DEFINITION ( 'draft international standard', 'automotive_design', 1998, #2016 ) ;
#664 = ORIENTED_EDGE ( 'NONE', *, *, #1662, .T. ) ;
#665 = CARTESIAN_POINT ( 'NONE',  ( 32.50000000000000000, 2.000000000000000000, -2.437989750021506445E-14 ) ) ;
#666 = EDGE_LOOP ( 'NONE', ( #1004, #2405, #995, #610 ) ) ;
#667 = LINE ( 'NONE', #1072, #96 ) ;
#668 = CIRCLE ( 'NONE', #2251, 8.000000000000001776 ) ;
#669 = ORIENTED_EDGE ( 'NONE', *, *, #70, .F. ) ;
#670 = CARTESIAN_POINT ( 'NONE',  ( 37.00000000000000000, 2.999999999999999112, 16.50000000000000000 ) ) ;
#671 = DIRECTION ( 'NONE',  ( 9.376883653928687363E-17, 0.000000000000000000, 1.000000000000000000 ) ) ;
#672 = SHAPE_DEFINITION_REPRESENTATION ( #1659, #2168 ) ;
#673 = EDGE_CURVE ( 'NONE', #113, #359, #1317, .T. ) ;
#674 = ORIENTED_EDGE ( 'NONE', *, *, #322, .T. ) ;
#675 = ADVANCED_FACE ( 'NONE', ( #982 ), #1988, .T. ) ;
#676 = DIRECTION ( 'NONE',  ( 1.000000000000000000, -0.000000000000000000, 0.000000000000000000 ) ) ;
#677 = ORIENTED_EDGE ( 'NONE', *, *, #2056, .T. ) ;
#678 = DIRECTION ( 'NONE',  ( -0.000000000000000000, 1.000000000000000000, -0.000000000000000000 ) ) ;
#679 = UNCERTAINTY_MEASURE_WITH_UNIT (LENGTH_MEASURE( 1.000000000000000082E-05 ), #23, 'distance_accuracy_value', 'NONE');
#680 = FILL_AREA_STYLE ('',( #1046 ) ) ;
#681 = VECTOR ( 'NONE', #184, 1000.000000000000000 ) ;
#682 = VERTEX_POINT ( 'NONE', #2522 ) ;
#683 = DIRECTION ( 'NONE',  ( -0.000000000000000000, -1.000000000000000000, -0.000000000000000000 ) ) ;
#684 = DIRECTION ( 'NONE',  ( 1.000000000000000000, 0.000000000000000000, -1.875376730785737473E-16 ) ) ;
#685 = CARTESIAN_POINT ( 'NONE',  ( -23.99999999999999645, 2.000000000000000000, 4.500904153885768948E-15 ) ) ;
#686 = AXIS2_PLACEMENT_3D ( 'NONE', #566, #225, #1007 ) ;
#687 = ORIENTED_EDGE ( 'NONE', *, *, #1590, .T. ) ;
#688 = AXIS2_PLACEMENT_3D ( 'NONE', #1852, #61, #1238 ) ;
#689 = PRESENTATION_LAYER_ASSIGNMENT (  '', '', ( #1180 ) ) ;
#690 = EDGE_CURVE ( 'NONE', #2328, #115, #362, .T. ) ;
#691 = CARTESIAN_POINT ( 'NONE',  ( -45.00000000000000000, 2.000000000000000000, -26.00000000000000000 ) ) ;
#692 = ORIENTED_EDGE ( 'NONE', *, *, #81, .T. ) ;
#693 = CARTESIAN_POINT ( 'NONE',  ( -23.99999999999999645, 12.00000000000000000, 17.74999999999990408 ) ) ;
#694 = EDGE_CURVE ( 'NONE', #457, #2266, #2131, .T. ) ;
#695 = VECTOR ( 'NONE', #1323, 1000.000000000000000 ) ;
#696 = CARTESIAN_POINT ( 'NONE',  ( -41.90000000000000568, 2.000000000000000000, -22.89999999999999858 ) ) ;
#697 = ORIENTED_EDGE ( 'NONE', *, *, #1417, .T. ) ;
#698 = PLANE ( 'NONE',  #1236 ) ;
#699 = PLANE ( 'NONE',  #509 ) ;
#700 = EDGE_LOOP ( 'NONE', ( #1193, #344, #376, #1368 ) ) ;
#701 = PLANE ( 'NONE',  #2177 ) ;
#702 = ADVANCED_FACE ( 'NONE', ( #1939 ), #1533, .T. ) ;
#703 = VERTEX_POINT ( 'NONE', #1153 ) ;
#704 = FILL_AREA_STYLE_COLOUR ( '', #2515 ) ;
#705 = DIRECTION ( 'NONE',  ( 0.000000000000000000, 0.000000000000000000, 1.000000000000000000 ) ) ;
#706 = EDGE_LOOP ( 'NONE', ( #2562, #277, #1880, #10 ) ) ;
#707 = PLANE ( 'NONE',  #1212 ) ;
#708 = LINE ( 'NONE', #685, #2526 ) ;
#709 = EDGE_LOOP ( 'NONE', ( #1429, #308, #1671, #167 ) ) ;
#710 = DIRECTION ( 'NONE',  ( -0.000000000000000000, -1.000000000000000000, -0.000000000000000000 ) ) ;
#711 = EDGE_LOOP ( 'NONE', ( #1864, #1247 ) ) ;
#712 = CARTESIAN_POINT ( 'NONE',  ( -23.99999999999999645, 12.00000000000000000, 17.74999999999990408 ) ) ;
#713 = ADVANCED_FACE ( 'NONE', ( #2158 ), #2354, .F. ) ;
#714 = LINE ( 'NONE', #1552, #1397 ) ;
#715 = ORIENTED_EDGE ( 'NONE', *, *, #1821, .T. ) ;
#716 = SURFACE_STYLE_FILL_AREA ( #1909 ) ;
#717 = EDGE_CURVE ( 'NONE', #882, #650, #569, .T. ) ;
#718 = CARTESIAN_POINT ( 'NONE',  ( -44.99999999999998579, 0.000000000000000000, 26.00000000000000355 ) ) ;
#719 = ORIENTED_EDGE ( 'NONE', *, *, #1640, .T. ) ;
#720 = EDGE_CURVE ( 'NONE', #123, #464, #1959, .T. ) ;
#721 = FACE_BOUND ( 'NONE', #756, .T. ) ;
#722 = VECTOR ( 'NONE', #1578, 1000.000000000000000 ) ;
#723 = AXIS2_PLACEMENT_3D ( 'NONE', #959, #35, #476 ) ;
#724 = VECTOR ( 'NONE', #2242, 1000.000000000000000 ) ;
#725 = CARTESIAN_POINT ( 'NONE',  ( 32.50000000000000000, 2.000000000000000000, -19.74999999999973355 ) ) ;
#726 = VECTOR ( 'NONE', #1108, 1000.000000000000000 ) ;
#727 = ORIENTED_EDGE ( 'NONE', *, *, #1165, .F. ) ;
#728 = DIRECTION ( 'NONE',  ( 0.000000000000000000, 1.000000000000000000, 0.000000000000000000 ) ) ;
#729 = VERTEX_POINT ( 'NONE', #1766 ) ;
#730 = CARTESIAN_POINT ( 'NONE',  ( 14.00000000000000355, 12.00000000000000000, -0.7499999999997339906 ) ) ;
#731 = UNCERTAINTY_MEASURE_WITH_UNIT (LENGTH_MEASURE( 1.000000000000000082E-05 ), #644, 'distance_accuracy_value', 'NONE');
#732 = DIRECTION ( 'NONE',  ( 0.000000000000000000, 0.000000000000000000, -1.000000000000000000 ) ) ;
#733 = MECHANICAL_DESIGN_GEOMETRIC_PRESENTATION_REPRESENTATION (  '', ( #360 ), #1275 ) ;
#734 = ORIENTED_EDGE ( 'NONE', *, *, #1650, .T. ) ;
#735 = ADVANCED_FACE ( 'NONE', ( #1380 ), #980, .T. ) ;
#736 = ORIENTED_EDGE ( 'NONE', *, *, #1887, .F. ) ;
#737 = CARTESIAN_POINT ( 'NONE',  ( 42.99999999999997158, 0.000000000000000000, -26.00000000000000000 ) ) ;
#738 = DIRECTION ( 'NONE',  ( 2.668805347656626185E-16, 0.000000000000000000, 1.000000000000000000 ) ) ;
#739 = AXIS2_PLACEMENT_3D ( 'NONE', #1778, #786, #589 ) ;
#740 = PLANE ( 'NONE',  #1139 ) ;
#741 = ORIENTED_EDGE ( 'NONE', *, *, #2074, .F. ) ;
#742 = CARTESIAN_POINT ( 'NONE',  ( 37.00000000000000000, 12.00000000000000000, 16.50000000000000000 ) ) ;
#743 = DIRECTION ( 'NONE',  ( 0.000000000000000000, -1.000000000000000000, 0.000000000000000000 ) ) ;
#744 = ORIENTED_EDGE ( 'NONE', *, *, #1927, .T. ) ;
#745 =( LENGTH_UNIT ( ) NAMED_UNIT ( * ) SI_UNIT ( .MILLI., .METRE. ) );
#746 = FACE_OUTER_BOUND ( 'NONE', #2274, .T. ) ;
#747 = ORIENTED_EDGE ( 'NONE', *, *, #33, .T. ) ;
#748 = ORIENTED_EDGE ( 'NONE', *, *, #21, .F. ) ;
#749 = EDGE_CURVE ( 'NONE', #925, #1151, #2112, .T. ) ;
#750 = DIRECTION ( 'NONE',  ( 0.000000000000000000, 1.000000000000000000, 0.000000000000000000 ) ) ;
#751 = CARTESIAN_POINT ( 'NONE',  ( -29.00000000000000711, 2.000000000000000000, 19.50000000000000000 ) ) ;
#752 = VERTEX_POINT ( 'NONE', #1191 ) ;
#753 =( LENGTH_UNIT ( ) NAMED_UNIT ( * ) SI_UNIT ( .MILLI., .METRE. ) );
#754 = EDGE_CURVE ( 'NONE', #1305, #451, #838, .T. ) ;
#755 = CARTESIAN_POINT ( 'NONE',  ( -4.999999999999998224, 12.00000000000000000, -0.7499999999997339906 ) ) ;
#756 = EDGE_LOOP ( 'NONE', ( #2315, #303, #1115, #804 ) ) ;
#757 = DIRECTION ( 'NONE',  ( -1.000000000000000000, 0.000000000000000000, 0.000000000000000000 ) ) ;
#758 = CARTESIAN_POINT ( 'NONE',  ( -3.683610344049515549E-15, 2.000000000000000000, -21.49999999999999645 ) ) ;
#759 = ORIENTED_EDGE ( 'NONE', *, *, #2417, .F. ) ;
#760 = ORIENTED_EDGE ( 'NONE', *, *, #1432, .T. ) ;
#761 = LINE ( 'NONE', #2532, #1930 ) ;
#762 = SURFACE_SIDE_STYLE ('',( #943 ) ) ;
#763 = CIRCLE ( 'NONE', #970, 4.000000000000000000 ) ;
#764 = EDGE_CURVE ( 'NONE', #296, #534, #54, .T. ) ;
#765 = VECTOR ( 'NONE', #2136, 1000.000000000000000 ) ;
#766 = FILL_AREA_STYLE ('',( #1962 ) ) ;
#767 = ORIENTED_EDGE ( 'NONE', *, *, #1613, .T. ) ;
#768 = CARTESIAN_POINT ( 'NONE',  ( 0.000000000000000000, 2.000000000000000000, 0.000000000000000000 ) ) ;
#769 = COLOUR_RGB ( '',0.1019607843137254888, 0.1019607843137254888, 0.1019607843137254888 ) ;
#770 = DIRECTION ( 'NONE',  ( -0.000000000000000000, -1.000000000000000000, -0.000000000000000000 ) ) ;
#771 = ORIENTED_EDGE ( 'NONE', *, *, #1989, .T. ) ;
#772 = ORIENTED_EDGE ( 'NONE', *, *, #259, .F. ) ;
#773 = FACE_BOUND ( 'NONE', #544, .T. ) ;
#774 = VECTOR ( 'NONE', #1460, 1000.000000000000000 ) ;
#775 = CIRCLE ( 'NONE', #1866, 1.074999999999999512 ) ;
#776 =( NAMED_UNIT ( * ) SI_UNIT ( $, .STERADIAN. ) SOLID_ANGLE_UNIT ( ) );
#777 = EDGE_CURVE ( 'NONE', #1806, #882, #212, .T. ) ;
#778 = DIRECTION ( 'NONE',  ( 0.000000000000000000, 0.000000000000000000, 1.000000000000000000 ) ) ;
#779 = AXIS2_PLACEMENT_3D ( 'NONE', #1805, #1985, #1624 ) ;
#780 = ORIENTED_EDGE ( 'NONE', *, *, #201, .T. ) ;
#781 = FACE_BOUND ( 'NONE', #784, .T. ) ;
#782 = LINE ( 'NONE', #1577, #1043 ) ;
#783 = CARTESIAN_POINT ( 'NONE',  ( 0.000000000000000000, 2.000000000000000000, 22.89999999999999858 ) ) ;
#784 = EDGE_LOOP ( 'NONE', ( #1257, #687, #2538, #1981 ) ) ;
#785 = ORIENTED_EDGE ( 'NONE', *, *, #2133, .F. ) ;
#786 = DIRECTION ( 'NONE',  ( -0.000000000000000000, 0.000000000000000000, 1.000000000000000000 ) ) ;
#787 = DIRECTION ( 'NONE',  ( -1.875376730785774204E-16, 0.000000000000000000, -1.000000000000000000 ) ) ;
#788 = CARTESIAN_POINT ( 'NONE',  ( 40.49999999999999289, 3.000000000000000000, 0.000000000000000000 ) ) ;
#789 = ORIENTED_EDGE ( 'NONE', *, *, #1042, .F. ) ;
#790 = CARTESIAN_POINT ( 'NONE',  ( 43.00000000000000000, 2.000000000000000000, -24.00000000000000000 ) ) ;
#791 = LINE ( 'NONE', #191, #1705 ) ;
#792 = FACE_OUTER_BOUND ( 'NONE', #793, .T. ) ;
#793 = EDGE_LOOP ( 'NONE', ( #1731, #2568, #1188, #326 ) ) ;
#794 = EDGE_LOOP ( 'NONE', ( #1995, #2084, #954, #1914, #1279, #1352, #1682, #2541 ) ) ;
#795 = EDGE_CURVE ( 'NONE', #182, #2161, #197, .T. ) ;
#796 = DIRECTION ( 'NONE',  ( 1.000000000000000000, -0.000000000000000000, 0.000000000000000000 ) ) ;
#797 = CARTESIAN_POINT ( 'NONE',  ( -29.00000000000000711, 12.00000000000000000, 20.57499999999999929 ) ) ;
#798 = DIRECTION ( 'NONE',  ( 0.000000000000000000, 1.000000000000000000, 0.000000000000000000 ) ) ;
#799 = EDGE_LOOP ( 'NONE', ( #1372, #1082, #1877, #2117 ) ) ;
#800 = ADVANCED_FACE ( 'NONE', ( #1593 ), #2434, .T. ) ;
#801 = CARTESIAN_POINT ( 'NONE',  ( -5.500000000000000000, 12.00000000000000000, -1.249999999999733991 ) ) ;
#802 = PRESENTATION_STYLE_ASSIGNMENT (( #1011 ) ) ;
#803 = AXIS2_PLACEMENT_3D ( 'NONE', #1174, #1152, #1950 ) ;
#804 = ORIENTED_EDGE ( 'NONE', *, *, #858, .T. ) ;
#805 = PRESENTATION_LAYER_ASSIGNMENT (  '', '', ( #2557 ) ) ;
#806 = AXIS2_PLACEMENT_3D ( 'NONE', #1260, #1488, #2058 ) ;
#807 = VECTOR ( 'NONE', #1033, 1000.000000000000000 ) ;
#808 = FILL_AREA_STYLE ('',( #1200 ) ) ;
#809 = CIRCLE ( 'NONE', #474, 2.349999999999997868 ) ;
#810 = DIRECTION ( 'NONE',  ( 0.000000000000000000, -1.000000000000000000, 0.000000000000000000 ) ) ;
#811 = ORIENTED_EDGE ( 'NONE', *, *, #444, .F. ) ;
#812 = CARTESIAN_POINT ( 'NONE',  ( 9.209025860123792818E-16, 3.000000000000000000, 21.50000000000000000 ) ) ;
#813 = PRESENTATION_STYLE_ASSIGNMENT (( #1833 ) ) ;
#814 = DIRECTION ( 'NONE',  ( -1.000000000000000000, 0.000000000000000000, 4.688441826964435510E-17 ) ) ;
#815 = DIRECTION ( 'NONE',  ( 0.000000000000000000, 0.000000000000000000, 1.000000000000000000 ) ) ;
#816 = EDGE_CURVE ( 'NONE', #650, #882, #900, .T. ) ;
#817 = ORIENTED_EDGE ( 'NONE', *, *, #1590, .F. ) ;
#818 = FACE_OUTER_BOUND ( 'NONE', #576, .T. ) ;
#819 = CARTESIAN_POINT ( 'NONE',  ( -43.00000000000000000, 2.000000000000000000, -24.00000000000000000 ) ) ;
#820 = ORIENTED_EDGE ( 'NONE', *, *, #2184, .F. ) ;
#821 = AXIS2_PLACEMENT_3D ( 'NONE', #1804, #241, #2236 ) ;
#822 = DIRECTION ( 'NONE',  ( -9.376883653928871020E-17, 0.000000000000000000, -1.000000000000000000 ) ) ;
#823 = EDGE_LOOP ( 'NONE', ( #953, #32, #72, #933, #229, #1433, #238, #1717 ) ) ;
#824 = FACE_OUTER_BOUND ( 'NONE', #1827, .T. ) ;
#825 = LINE ( 'NONE', #1435, #1802 ) ;
#826 = CARTESIAN_POINT ( 'NONE',  ( -29.00000000000000711, 2.000000000000000000, 19.50000000000000000 ) ) ;
#827 = VERTEX_POINT ( 'NONE', #853 ) ;
#828 = ADVANCED_FACE ( 'NONE', ( #1220 ), #419, .T. ) ;
#829 = CARTESIAN_POINT ( 'NONE',  ( 14.00000000000000533, 0.5000000000000000000, -2.625527423100033596E-15 ) ) ;
#830 = CARTESIAN_POINT ( 'NONE',  ( 0.000000000000000000, 2.000000000000000000, -0.7499999999997339906 ) ) ;
#831 = VERTEX_POINT ( 'NONE', #31 ) ;
#832 = DIRECTION ( 'NONE',  ( 0.000000000000000000, -1.000000000000000000, 0.000000000000000000 ) ) ;
#833 = EDGE_CURVE ( 'NONE', #115, #386, #662, .T. ) ;
#834 = CARTESIAN_POINT ( 'NONE',  ( -27.50000000000001421, 2.000000000000000000, 21.50000000000000000 ) ) ;
#835 = ORIENTED_EDGE ( 'NONE', *, *, #2446, .F. ) ;
#836 = LINE ( 'NONE', #405, #561 ) ;
#837 = FACE_OUTER_BOUND ( 'NONE', #1860, .T. ) ;
#838 = LINE ( 'NONE', #2220, #2407 ) ;
#839 = CARTESIAN_POINT ( 'NONE',  ( 37.00000000000000000, 2.000000000000000000, 16.50000000000000000 ) ) ;
#840 = ORIENTED_EDGE ( 'NONE', *, *, #911, .F. ) ;
#841 = CARTESIAN_POINT ( 'NONE',  ( -5.500000000000001776, 0.5000000000000004441, -19.74999999999973355 ) ) ;
#842 = EDGE_CURVE ( 'NONE', #1806, #2245, #775, .T. ) ;
#843 = ORIENTED_EDGE ( 'NONE', *, *, #891, .T. ) ;
#844 = DIRECTION ( 'NONE',  ( 0.000000000000000000, -1.000000000000000000, 0.000000000000000000 ) ) ;
#845 = APPLICATION_CONTEXT ( 'automotive_design' ) ;
#846 = AXIS2_PLACEMENT_3D ( 'NONE', #1993, #2024, #1035 ) ;
#847 = CARTESIAN_POINT ( 'NONE',  ( 40.49999999999999289, 3.000000000000000000, 0.000000000000000000 ) ) ;
#848 = ORIENTED_EDGE ( 'NONE', *, *, #2249, .F. ) ;
#849 = VECTOR ( 'NONE', #2227, 1000.000000000000000 ) ;
#850 = CIRCLE ( 'NONE', #974, 2.499999999999998668 ) ;
#851 = CARTESIAN_POINT ( 'NONE',  ( 14.00000000000000711, 2.000000000000000000, 17.74999999999990408 ) ) ;
#852 = VECTOR ( 'NONE', #530, 1000.000000000000000 ) ;
#853 = CARTESIAN_POINT ( 'NONE',  ( -45.00000000000000000, 2.000000000000000000, -24.00000000000000000 ) ) ;
#854 = LINE ( 'NONE', #1453, #2412 ) ;
#855 = ORIENTED_EDGE ( 'NONE', *, *, #297, .F. ) ;
#856 = CARTESIAN_POINT ( 'NONE',  ( 37.00000000000000000, 2.999999999999999112, -18.00000000000000000 ) ) ;
#857 = EDGE_LOOP ( 'NONE', ( #2531, #2525, #461, #1786 ) ) ;
#858 = EDGE_CURVE ( 'NONE', #1377, #1305, #1652, .T. ) ;
#859 = DIRECTION ( 'NONE',  ( 0.000000000000000000, -0.000000000000000000, 1.000000000000000000 ) ) ;
#860 = VERTEX_POINT ( 'NONE', #1984 ) ;
#861 = AXIS2_PLACEMENT_3D ( 'NONE', #1164, #1970, #2380 ) ;
#862 = CARTESIAN_POINT ( 'NONE',  ( 43.00000000000000000, 0.000000000000000000, 24.00000000000000355 ) ) ;
#863 = UNCERTAINTY_MEASURE_WITH_UNIT (LENGTH_MEASURE( 1.000000000000000082E-05 ), #873, 'distance_accuracy_value', 'NONE');
#864 = FILL_AREA_STYLE_COLOUR ( '', #958 ) ;
#865 = FACE_OUTER_BOUND ( 'NONE', #906, .T. ) ;
#866 = ORIENTED_EDGE ( 'NONE', *, *, #1931, .F. ) ;
#867 = DIRECTION ( 'NONE',  ( 0.000000000000000000, 1.000000000000000000, 0.000000000000000000 ) ) ;
#868 = ORIENTED_EDGE ( 'NONE', *, *, #1855, .F. ) ;
#869 = LINE ( 'NONE', #466, #1102 ) ;
#870 = VECTOR ( 'NONE', #1112, 1000.000000000000000 ) ;
#871 = ORIENTED_EDGE ( 'NONE', *, *, #891, .F. ) ;
#872 = CARTESIAN_POINT ( 'NONE',  ( -32.50000000000000711, 2.000000000000000000, 7.500000000000000000 ) ) ;
#873 =( LENGTH_UNIT ( ) NAMED_UNIT ( * ) SI_UNIT ( .MILLI., .METRE. ) );
#874 = FACE_OUTER_BOUND ( 'NONE', #572, .T. ) ;
#875 = EDGE_CURVE ( 'NONE', #451, #88, #2179, .T. ) ;
#876 = ORIENTED_EDGE ( 'NONE', *, *, #1177, .T. ) ;
#877 = AXIS2_PLACEMENT_3D ( 'NONE', #1254, #1461, #106 ) ;
#878 = DIRECTION ( 'NONE',  ( 0.000000000000000000, -0.000000000000000000, 1.000000000000000000 ) ) ;
#879 = EDGE_LOOP ( 'NONE', ( #2498, #1949 ) ) ;
#880 = CARTESIAN_POINT ( 'NONE',  ( 32.50000000000001421, 0.5000000000000004441, 17.74999999999990408 ) ) ;
#881 = FACE_OUTER_BOUND ( 'NONE', #472, .T. ) ;
#882 = VERTEX_POINT ( 'NONE', #797 ) ;
#883 = DIRECTION ( 'NONE',  ( 0.000000000000000000, 0.000000000000000000, -1.000000000000000000 ) ) ;
#884 = SURFACE_STYLE_USAGE ( .BOTH. , #1663 ) ;
#885 = FACE_OUTER_BOUND ( 'NONE', #118, .T. ) ;
#886 = VECTOR ( 'NONE', #1402, 1000.000000000000000 ) ;
#887 = VERTEX_POINT ( 'NONE', #448 ) ;
#888 = VECTOR ( 'NONE', #676, 1000.000000000000000 ) ;
#889 = ADVANCED_FACE ( 'NONE', ( #2422 ), #2031, .T. ) ;
#890 = VECTOR ( 'NONE', #832, 1000.000000000000000 ) ;
#891 = EDGE_CURVE ( 'NONE', #1079, #1159, #283, .T. ) ;
#892 = CARTESIAN_POINT ( 'NONE',  ( -32.50000000000000711, 12.00000000000000000, 7.500000000000000000 ) ) ;
#893 = ORIENTED_EDGE ( 'NONE', *, *, #201, .F. ) ;
#894 = FACE_OUTER_BOUND ( 'NONE', #706, .T. ) ;
#895 = SURFACE_STYLE_USAGE ( .BOTH. , #103 ) ;
#896 = ORIENTED_EDGE ( 'NONE', *, *, #1116, .T. ) ;
#897 = AXIS2_PLACEMENT_3D ( 'NONE', #430, #1230, #883 ) ;
#898 = CARTESIAN_POINT ( 'NONE',  ( 37.00000000000000000, 12.00000000000000000, -18.00000000000000000 ) ) ;
#899 = CARTESIAN_POINT ( 'NONE',  ( 37.00000000000000000, 12.00000000000000000, 16.50000000000000000 ) ) ;
#900 = CIRCLE ( 'NONE', #1074, 1.074999999999999512 ) ;
#901 = CARTESIAN_POINT ( 'NONE',  ( 37.00000000000000000, 12.00000000000000000, 12.50000000000000000 ) ) ;
#902 = ORIENTED_EDGE ( 'NONE', *, *, #2289, .F. ) ;
#903 = VECTOR ( 'NONE', #1791, 1000.000000000000000 ) ;
#904 = ADVANCED_FACE ( 'NONE', ( #1635 ), #1423, .F. ) ;
#905 = LINE ( 'NONE', #1903, #1518 ) ;
#906 = EDGE_LOOP ( 'NONE', ( #990, #1473, #497, #1156 ) ) ;
#907 = ADVANCED_FACE ( 'NONE', ( #1610 ), #2205, .T. ) ;
#908 = LINE ( 'NONE', #712, #1858 ) ;
#909 = DIRECTION ( 'NONE',  ( 0.000000000000000000, 0.000000000000000000, 1.000000000000000000 ) ) ;
#910 = ORIENTED_EDGE ( 'NONE', *, *, #2310, .F. ) ;
#911 = EDGE_CURVE ( 'NONE', #1109, #1607, #1436, .T. ) ;
#912 = FACE_OUTER_BOUND ( 'NONE', #1845, .T. ) ;
#913 = DIRECTION ( 'NONE',  ( -1.000000000000000000, 0.000000000000000000, 4.283267841918043357E-17 ) ) ;
#914 = DIRECTION ( 'NONE',  ( 0.000000000000000000, 0.000000000000000000, 1.000000000000000000 ) ) ;
#915 = ORIENTED_EDGE ( 'NONE', *, *, #1692, .F. ) ;
#916 = DIRECTION ( 'NONE',  ( -0.000000000000000000, -1.000000000000000000, -0.000000000000000000 ) ) ;
#917 = LINE ( 'NONE', #1694, #1723 ) ;
#918 = EDGE_LOOP ( 'NONE', ( #67, #654, #493, #62 ) ) ;
#919 = EDGE_CURVE ( 'NONE', #1585, #354, #2054, .T. ) ;
#920 = LINE ( 'NONE', #2537, #2399 ) ;
#921 = ORIENTED_EDGE ( 'NONE', *, *, #608, .T. ) ;
#922 = COLOUR_RGB ( '',0.1019607843137254888, 0.1019607843137254888, 0.1019607843137254888 ) ;
#923 = EDGE_CURVE ( 'NONE', #2328, #457, #486, .T. ) ;
#924 = DIRECTION ( 'NONE',  ( -1.515042337097648383E-16, 0.000000000000000000, 1.000000000000000000 ) ) ;
#925 = VERTEX_POINT ( 'NONE', #1255 ) ;
#926 = VERTEX_POINT ( 'NONE', #1462 ) ;
#927 = DIRECTION ( 'NONE',  ( 0.000000000000000000, 0.000000000000000000, -1.000000000000000000 ) ) ;
#928 = DIRECTION ( 'NONE',  ( 0.000000000000000000, -1.000000000000000000, 0.000000000000000000 ) ) ;
#929 = VECTOR ( 'NONE', #822, 1000.000000000000000 ) ;
#930 = PRESENTATION_LAYER_ASSIGNMENT (  '', '', ( #388 ) ) ;
#931 = STYLED_ITEM ( 'NONE', ( #2279 ), #431 ) ;
#932 = PLANE ( 'NONE',  #268 ) ;
#933 = ORIENTED_EDGE ( 'NONE', *, *, #923, .T. ) ;
#934 = PRESENTATION_STYLE_ASSIGNMENT (( #1551 ) ) ;
#935 = SURFACE_STYLE_FILL_AREA ( #1119 ) ;
#936 = ORIENTED_EDGE ( 'NONE', *, *, #1780, .F. ) ;
#937 = EDGE_CURVE ( 'NONE', #88, #1377, #708, .T. ) ;
#938 = CARTESIAN_POINT ( 'NONE',  ( 45.00000000000000000, 2.000000000000000000, -26.00000000000000000 ) ) ;
#939 = VECTOR ( 'NONE', #2162, 1000.000000000000000 ) ;
#940 = ORIENTED_EDGE ( 'NONE', *, *, #795, .F. ) ;
#941 = ORIENTED_EDGE ( 'NONE', *, *, #2310, .T. ) ;
#942 = CARTESIAN_POINT ( 'NONE',  ( -32.50000000000000711, 12.00000000000000000, 15.50000000000000178 ) ) ;
#943 = SURFACE_STYLE_FILL_AREA ( #1175 ) ;
#944 = VECTOR ( 'NONE', #407, 1000.000000000000000 ) ;
#945 = ADVANCED_FACE ( 'NONE', ( #865 ), #1664, .T. ) ;
#946 = CIRCLE ( 'NONE', #1987, 4.000000000000000000 ) ;
#947 = FACE_OUTER_BOUND ( 'NONE', #918, .T. ) ;
#948 = EDGE_LOOP ( 'NONE', ( #160, #1553, #1145, #392 ) ) ;
#949 = CARTESIAN_POINT ( 'NONE',  ( -3.683610344049515549E-15, 3.000000000000000000, -21.49999999999999645 ) ) ;
#950 = DIRECTION ( 'NONE',  ( 0.000000000000000000, 0.000000000000000000, -1.000000000000000000 ) ) ;
#951 = ORIENTED_EDGE ( 'NONE', *, *, #1674, .T. ) ;
#952 = DIRECTION ( 'NONE',  ( 0.000000000000000000, -1.000000000000000000, 0.000000000000000000 ) ) ;
#953 = ORIENTED_EDGE ( 'NONE', *, *, #1613, .F. ) ;
#954 = ORIENTED_EDGE ( 'NONE', *, *, #1006, .T. ) ;
#955 = FACE_BOUND ( 'NONE', #1589, .T. ) ;
#956 = EDGE_CURVE ( 'NONE', #1441, #1571, #1899, .T. ) ;
#957 = DIRECTION ( 'NONE',  ( 0.000000000000000000, 1.000000000000000000, 0.000000000000000000 ) ) ;
#958 = COLOUR_RGB ( '',0.1019607843137254888, 0.1019607843137254888, 0.1019607843137254888 ) ;
#959 = CARTESIAN_POINT ( 'NONE',  ( 37.00000000000000000, 0.5000000000000004441, 16.50000000000000000 ) ) ;
#960 = VERTEX_POINT ( 'NONE', #320 ) ;
#961 = PRESENTATION_STYLE_ASSIGNMENT (( #1362 ) ) ;
#962 = FACE_OUTER_BOUND ( 'NONE', #485, .T. ) ;
#963 = ORIENTED_EDGE ( 'NONE', *, *, #450, .F. ) ;
#964 = EDGE_LOOP ( 'NONE', ( #1415, #677, #454, #1489 ) ) ;
#965 = AXIS2_PLACEMENT_3D ( 'NONE', #1023, #30, #1818 ) ;
#966 = DIRECTION ( 'NONE',  ( 0.000000000000000000, 0.000000000000000000, 1.000000000000000000 ) ) ;
#967 = DIRECTION ( 'NONE',  ( 7.501506923143096816E-16, -0.000000000000000000, 1.000000000000000000 ) ) ;
#968 = ADVANCED_FACE ( 'NONE', ( #2497 ), #1286, .T. ) ;
#969 = CIRCLE ( 'NONE', #56, 2.349999999999997868 ) ;
#970 = AXIS2_PLACEMENT_3D ( 'NONE', #856, #1466, #1080 ) ;
#971 = DIRECTION ( 'NONE',  ( -1.000000000000000000, -0.000000000000000000, -0.000000000000000000 ) ) ;
#972 = VECTOR ( 'NONE', #1870, 1000.000000000000000 ) ;
#973 = VERTEX_POINT ( 'NONE', #1711 ) ;
#974 = AXIS2_PLACEMENT_3D ( 'NONE', #1093, #301, #1891 ) ;
#975 = PLANE ( 'NONE',  #1902 ) ;
#976 = CYLINDRICAL_SURFACE ( 'NONE', #1836, 2.000000000000001776 ) ;
#977 = ORIENTED_EDGE ( 'NONE', *, *, #605, .T. ) ;
#978 = VERTEX_POINT ( 'NONE', #1472 ) ;
#979 = LINE ( 'NONE', #1389, #1303 ) ;
#980 = PLANE ( 'NONE',  #739 ) ;
#981 = PRESENTATION_LAYER_ASSIGNMENT (  '', '', ( #525 ) ) ;
#982 = FACE_OUTER_BOUND ( 'NONE', #1872, .T. ) ;
#983 = DIRECTION ( 'NONE',  ( -1.000000000000000000, 0.000000000000000000, 1.515042337097648630E-16 ) ) ;
#984 = EDGE_CURVE ( 'NONE', #991, #24, #2259, .T. ) ;
#985 = ORIENTED_EDGE ( 'NONE', *, *, #1745, .F. ) ;
#986 = CARTESIAN_POINT ( 'NONE',  ( 37.00000000000000000, 12.00000000000000000, 16.50000000000000000 ) ) ;
#987 = LINE ( 'NONE', #1587, #2369 ) ;
#988 = CARTESIAN_POINT ( 'NONE',  ( 0.000000000000000000, 2.000000000000000000, -19.74999999999973355 ) ) ;
#989 = EDGE_CURVE ( 'NONE', #564, #2038, #1272, .T. ) ;
#990 = ORIENTED_EDGE ( 'NONE', *, *, #1869, .T. ) ;
#991 = VERTEX_POINT ( 'NONE', #83 ) ;
#992 = DIRECTION ( 'NONE',  ( -0.000000000000000000, 0.000000000000000000, 1.000000000000000000 ) ) ;
#993 = CARTESIAN_POINT ( 'NONE',  ( 37.00000000000000000, 12.00000000000000000, 16.50000000000000000 ) ) ;
#994 = DIRECTION ( 'NONE',  ( 0.000000000000000000, 1.000000000000000000, 0.000000000000000000 ) ) ;
#995 = ORIENTED_EDGE ( 'NONE', *, *, #396, .T. ) ;
#996 = SURFACE_SIDE_STYLE ('',( #2401 ) ) ;
#997 = DIRECTION ( 'NONE',  ( 0.000000000000000000, 1.000000000000000000, 0.000000000000000000 ) ) ;
#998 = EDGE_LOOP ( 'NONE', ( #1775, #674 ) ) ;
#999 = CARTESIAN_POINT ( 'NONE',  ( -44.99999999999998579, 2.000000000000000000, 24.00000000000000355 ) ) ;
#1000 = AXIS2_PLACEMENT_3D ( 'NONE', #670, #2496, #2076 ) ;
#1001 = ADVANCED_FACE ( 'NONE', ( #874 ), #295, .T. ) ;
#1002 = FACE_OUTER_BOUND ( 'NONE', #998, .T. ) ;
#1003 = DIRECTION ( 'NONE',  ( 1.000000000000000000, -0.000000000000000000, 0.000000000000000000 ) ) ;
#1004 = ORIENTED_EDGE ( 'NONE', *, *, #640, .F. ) ;
#1005 = FACE_BOUND ( 'NONE', #709, .T. ) ;
#1006 = EDGE_CURVE ( 'NONE', #657, #513, #1777, .T. ) ;
#1007 = DIRECTION ( 'NONE',  ( -0.000000000000000000, 0.000000000000000000, -1.000000000000000000 ) ) ;
#1008 = DIRECTION ( 'NONE',  ( 0.000000000000000000, 1.000000000000000000, 0.000000000000000000 ) ) ;
#1009 = VERTEX_POINT ( 'NONE', #281 ) ;
#1010 = CARTESIAN_POINT ( 'NONE',  ( 41.89999999999999858, 2.000000000000000000, -22.89999999999999858 ) ) ;
#1011 = SURFACE_STYLE_USAGE ( .BOTH. , #543 ) ;
#1012 = CIRCLE ( 'NONE', #1176, 4.000000000000000000 ) ;
#1013 = EDGE_LOOP ( 'NONE', ( #1326, #1485, #1073, #345 ) ) ;
#1014 = CARTESIAN_POINT ( 'NONE',  ( -32.50000000000000711, 2.000000000000000000, 15.50000000000000178 ) ) ;
#1015 = AXIS2_PLACEMENT_3D ( 'NONE', #579, #928, #2569 ) ;
#1016 = VECTOR ( 'NONE', #498, 1000.000000000000000 ) ;
#1017 = DIRECTION ( 'NONE',  ( 0.000000000000000000, 0.000000000000000000, 1.000000000000000000 ) ) ;
#1018 = VECTOR ( 'NONE', #1396, 1000.000000000000000 ) ;
#1019 = LINE ( 'NONE', #1785, #385 ) ;
#1020 = ORIENTED_EDGE ( 'NONE', *, *, #341, .T. ) ;
#1021 = EDGE_CURVE ( 'NONE', #189, #2388, #2057, .T. ) ;
#1022 = LINE ( 'NONE', #208, #1322 ) ;
#1023 = CARTESIAN_POINT ( 'NONE',  ( 37.00000000000000000, 12.00000000000000000, 16.50000000000000000 ) ) ;
#1024 = DIRECTION ( 'NONE',  ( 0.000000000000000000, 0.000000000000000000, 1.000000000000000000 ) ) ;
#1025 = CARTESIAN_POINT ( 'NONE',  ( -24.00000000000000000, 12.00000000000000000, -19.74999999999973355 ) ) ;
#1026 = ORIENTED_EDGE ( 'NONE', *, *, #2133, .T. ) ;
#1027 = VECTOR ( 'NONE', #2385, 1000.000000000000000 ) ;
#1028 = EDGE_CURVE ( 'NONE', #467, #292, #1886, .T. ) ;
#1029 = DIRECTION ( 'NONE',  ( 2.813065096178606086E-16, -0.000000000000000000, 1.000000000000000000 ) ) ;
#1030 = CARTESIAN_POINT ( 'NONE',  ( -45.00000000000000000, 0.000000000000000000, -24.00000000000000000 ) ) ;
#1031 = ORIENTED_EDGE ( 'NONE', *, *, #911, .T. ) ;
#1032 = LINE ( 'NONE', #1991, #1061 ) ;
#1033 = DIRECTION ( 'NONE',  ( 1.000000000000000000, 0.000000000000000000, 0.000000000000000000 ) ) ;
#1034 = PRODUCT_DEFINITION_FORMATION_WITH_SPECIFIED_SOURCE ( 'ANY', '', #1259, .NOT_KNOWN. ) ;
#1035 = DIRECTION ( 'NONE',  ( 0.000000000000000000, 0.000000000000000000, 1.000000000000000000 ) ) ;
#1036 = EDGE_LOOP ( 'NONE', ( #759, #664, #2339, #1357 ) ) ;
#1037 = CARTESIAN_POINT ( 'NONE',  ( 37.00000000000000000, 12.00000000000000000, -13.99999999999999822 ) ) ;
#1038 = FILL_AREA_STYLE ('',( #1803 ) ) ;
#1039 = CARTESIAN_POINT ( 'NONE',  ( 0.000000000000000000, 2.000000000000000000, -1.249999999999733991 ) ) ;
#1040 =( LENGTH_UNIT ( ) NAMED_UNIT ( * ) SI_UNIT ( .MILLI., .METRE. ) );
#1041 = EDGE_LOOP ( 'NONE', ( #1795, #404, #2350, #2207 ) ) ;
#1042 = EDGE_CURVE ( 'NONE', #1313, #1047, #137, .T. ) ;
#1043 = VECTOR ( 'NONE', #2575, 1000.000000000000000 ) ;
#1044 = CYLINDRICAL_SURFACE ( 'NONE', #1969, 4.000000000000000000 ) ;
#1045 = ORIENTED_EDGE ( 'NONE', *, *, #1951, .F. ) ;
#1046 = FILL_AREA_STYLE_COLOUR ( '', #1063 ) ;
#1047 = VERTEX_POINT ( 'NONE', #2088 ) ;
#1048 = SURFACE_STYLE_FILL_AREA ( #1217 ) ;
#1049 = CARTESIAN_POINT ( 'NONE',  ( -40.50000000000000711, 3.000000000000000000, 6.535469839726577363E-15 ) ) ;
#1050 = DIRECTION ( 'NONE',  ( 0.000000000000000000, -0.000000000000000000, 1.000000000000000000 ) ) ;
#1051 = CARTESIAN_POINT ( 'NONE',  ( -40.50000000000000711, 2.000000000000000000, -21.49999999999999289 ) ) ;
#1052 = ORIENTED_EDGE ( 'NONE', *, *, #254, .F. ) ;
#1053 = ADVANCED_FACE ( 'NONE', ( #306, #885 ), #699, .T. ) ;
#1054 = DIRECTION ( 'NONE',  ( 0.000000000000000000, 0.000000000000000000, 1.000000000000000000 ) ) ;
#1055 = ORIENTED_EDGE ( 'NONE', *, *, #1076, .T. ) ;
#1056 = CARTESIAN_POINT ( 'NONE',  ( 40.49999999999999289, 3.000000000000000000, 21.50000000000000000 ) ) ;
#1057 = AXIS2_PLACEMENT_3D ( 'NONE', #1369, #1713, #1924 ) ;
#1058 = DIRECTION ( 'NONE',  ( 0.000000000000000000, 0.000000000000000000, -1.000000000000000000 ) ) ;
#1059 = ORIENTED_EDGE ( 'NONE', *, *, #574, .F. ) ;
#1060 = VECTOR ( 'NONE', #2286, 1000.000000000000000 ) ;
#1061 = VECTOR ( 'NONE', #844, 1000.000000000000000 ) ;
#1062 = DIRECTION ( 'NONE',  ( 0.000000000000000000, 1.000000000000000000, 0.000000000000000000 ) ) ;
#1063 = COLOUR_RGB ( '',0.1019607843137254888, 0.1019607843137254888, 0.1019607843137254888 ) ;
#1064 = CARTESIAN_POINT ( 'NONE',  ( -41.89999999999999858, 3.000000000000000000, 6.348027392439147276E-15 ) ) ;
#1065 = DIRECTION ( 'NONE',  ( 0.000000000000000000, 0.000000000000000000, 1.000000000000000000 ) ) ;
#1066 = ORIENTED_EDGE ( 'NONE', *, *, #462, .T. ) ;
#1067 =( GEOMETRIC_REPRESENTATION_CONTEXT ( 3 ) GLOBAL_UNCERTAINTY_ASSIGNED_CONTEXT ( ( #446 ) ) GLOBAL_UNIT_ASSIGNED_CONTEXT ( ( #1965, #1829, #1784 ) ) REPRESENTATION_CONTEXT ( 'NONE', 'WORKASPACE' ) );
#1068 = CARTESIAN_POINT ( 'NONE',  ( -29.00000000000000711, 12.00000000000000000, 19.50000000000000000 ) ) ;
#1069 = VERTEX_POINT ( 'NONE', #901 ) ;
#1070 = FACE_OUTER_BOUND ( 'NONE', #2128, .T. ) ;
#1071 = EDGE_CURVE ( 'NONE', #359, #925, #521, .T. ) ;
#1072 = CARTESIAN_POINT ( 'NONE',  ( 0.000000000000000000, 0.5000000000000000000, -1.249999999999733991 ) ) ;
#1073 = ORIENTED_EDGE ( 'NONE', *, *, #2567, .F. ) ;
#1074 = AXIS2_PLACEMENT_3D ( 'NONE', #1790, #227, #1834 ) ;
#1075 = CARTESIAN_POINT ( 'NONE',  ( 37.00000000000000000, 12.00000000000000000, -15.65000000000000036 ) ) ;
#1076 = EDGE_CURVE ( 'NONE', #564, #2461, #613, .T. ) ;
#1077 = FILL_AREA_STYLE ('',( #864 ) ) ;
#1078 = DIRECTION ( 'NONE',  ( 0.000000000000000000, 1.000000000000000000, 0.000000000000000000 ) ) ;
#1079 = VERTEX_POINT ( 'NONE', #834 ) ;
#1080 = DIRECTION ( 'NONE',  ( 0.000000000000000000, 0.000000000000000000, -1.000000000000000000 ) ) ;
#1081 = DIRECTION ( 'NONE',  ( -3.750753461571474945E-16, 0.000000000000000000, 1.000000000000000000 ) ) ;
#1082 = ORIENTED_EDGE ( 'NONE', *, *, #984, .F. ) ;
#1083 = PLANE ( 'NONE',  #2100 ) ;
#1084 = CARTESIAN_POINT ( 'NONE',  ( -29.00000000000000711, 12.00000000000000000, 19.50000000000000000 ) ) ;
#1085 = VERTEX_POINT ( 'NONE', #1830 ) ;
#1086 = DIRECTION ( 'NONE',  ( 0.000000000000000000, 0.000000000000000000, -1.000000000000000000 ) ) ;
#1087 = EDGE_CURVE ( 'NONE', #1090, #2185, #584, .T. ) ;
#1088 = PLANE ( 'NONE',  #1121 ) ;
#1089 = DIRECTION ( 'NONE',  ( -1.000000000000000000, 0.000000000000000000, -0.000000000000000000 ) ) ;
#1090 = VERTEX_POINT ( 'NONE', #1186 ) ;
#1091 = DIRECTION ( 'NONE',  ( 0.000000000000000000, -1.000000000000000000, 0.000000000000000000 ) ) ;
#1092 = ORIENTED_EDGE ( 'NONE', *, *, #1378, .F. ) ;
#1093 = CARTESIAN_POINT ( 'NONE',  ( -29.00000000000000711, 2.999999999999999112, 19.50000000000000000 ) ) ;
#1094 = DIRECTION ( 'NONE',  ( -0.000000000000000000, -1.000000000000000000, -0.000000000000000000 ) ) ;
#1095 = ORIENTED_EDGE ( 'NONE', *, *, #2518, .F. ) ;
#1096 = DIRECTION ( 'NONE',  ( 0.000000000000000000, 0.000000000000000000, 1.000000000000000000 ) ) ;
#1097 = PLANE ( 'NONE',  #542 ) ;
#1098 = DIRECTION ( 'NONE',  ( 0.000000000000000000, -0.000000000000000000, 1.000000000000000000 ) ) ;
#1099 = ADVANCED_FACE ( 'NONE', ( #792 ), #2431, .T. ) ;
#1100 = AXIS2_PLACEMENT_3D ( 'NONE', #188, #983, #1771 ) ;
#1101 = EDGE_LOOP ( 'NONE', ( #4, #748, #669, #1493 ) ) ;
#1102 = VECTOR ( 'NONE', #1265, 1000.000000000000000 ) ;
#1103 = EDGE_CURVE ( 'NONE', #438, #2424, #1012, .T. ) ;
#1104 = EDGE_CURVE ( 'NONE', #1537, #1753, #969, .T. ) ;
#1105 = LINE ( 'NONE', #1342, #1394 ) ;
#1106 = ORIENTED_EDGE ( 'NONE', *, *, #122, .T. ) ;
#1107 = CYLINDRICAL_SURFACE ( 'NONE', #597, 1.999999999999998224 ) ;
#1108 = DIRECTION ( 'NONE',  ( 1.000000000000000000, -0.000000000000000000, 0.000000000000000000 ) ) ;
#1109 = VERTEX_POINT ( 'NONE', #2375 ) ;
#1110 = AXIS2_PLACEMENT_3D ( 'NONE', #1608, #1861, #615 ) ;
#1111 = CARTESIAN_POINT ( 'NONE',  ( 41.89999999999999147, 3.000000000000000000, 6.348027392439145698E-15 ) ) ;
#1112 = DIRECTION ( 'NONE',  ( -0.000000000000000000, 1.000000000000000000, -0.000000000000000000 ) ) ;
#1113 = AXIS2_PLACEMENT_3D ( 'NONE', #2102, #2284, #1297 ) ;
#1114 = CARTESIAN_POINT ( 'NONE',  ( 37.00000000000000000, 12.00000000000000000, -18.00000000000000000 ) ) ;
#1115 = ORIENTED_EDGE ( 'NONE', *, *, #937, .T. ) ;
#1116 = EDGE_CURVE ( 'NONE', #2244, #978, #642, .T. ) ;
#1117 = DIRECTION ( 'NONE',  ( -0.000000000000000000, 0.000000000000000000, 1.000000000000000000 ) ) ;
#1118 = VERTEX_POINT ( 'NONE', #428 ) ;
#1119 = FILL_AREA_STYLE ('',( #1907 ) ) ;
#1120 = ORIENTED_EDGE ( 'NONE', *, *, #259, .T. ) ;
#1121 = AXIS2_PLACEMENT_3D ( 'NONE', #129, #1752, #533 ) ;
#1122 = LINE ( 'NONE', #1921, #1997 ) ;
#1123 = ORIENTED_EDGE ( 'NONE', *, *, #1869, .F. ) ;
#1124 = LINE ( 'NONE', #149, #2390 ) ;
#1125 =( LENGTH_UNIT ( ) NAMED_UNIT ( * ) SI_UNIT ( .MILLI., .METRE. ) );
#1126 = DIRECTION ( 'NONE',  ( 0.000000000000000000, 0.000000000000000000, 1.000000000000000000 ) ) ;
#1127 = EDGE_CURVE ( 'NONE', #2461, #1782, #1019, .T. ) ;
#1128 = ORIENTED_EDGE ( 'NONE', *, *, #1344, .T. ) ;
#1129 = LINE ( 'NONE', #541, #2554 ) ;
#1130 = DIRECTION ( 'NONE',  ( 0.000000000000000000, 1.000000000000000000, 0.000000000000000000 ) ) ;
#1131 = EDGE_LOOP ( 'NONE', ( #951, #2577, #1856, #1884 ) ) ;
#1132 = LINE ( 'NONE', #1737, #1865 ) ;
#1133 = CARTESIAN_POINT ( 'NONE',  ( 40.49999999999999289, 3.000000000000000000, -21.50000000000000000 ) ) ;
#1134 = EDGE_CURVE ( 'NONE', #1544, #2520, #1387, .T. ) ;
#1135 = ORIENTED_EDGE ( 'NONE', *, *, #1874, .F. ) ;
#1136 = CARTESIAN_POINT ( 'NONE',  ( 37.00000000000000000, 12.00000000000000000, -18.00000000000000000 ) ) ;
#1137 = DIRECTION ( 'NONE',  ( -0.000000000000000000, 1.000000000000000000, -0.000000000000000000 ) ) ;
#1138 = AXIS2_PLACEMENT_3D ( 'NONE', #1446, #477, #1979 ) ;
#1139 = AXIS2_PLACEMENT_3D ( 'NONE', #1714, #2499, #527 ) ;
#1140 = VECTOR ( 'NONE', #1227, 1000.000000000000000 ) ;
#1141 = COLOUR_RGB ( '',0.1019607843137254888, 0.1019607843137254888, 0.1019607843137254888 ) ;
#1142 = FACE_OUTER_BOUND ( 'NONE', #1013, .T. ) ;
#1143 = ORIENTED_EDGE ( 'NONE', *, *, #1428, .T. ) ;
#1144 = CARTESIAN_POINT ( 'NONE',  ( 14.00000000000000178, 0.5000000000000004441, -19.74999999999973355 ) ) ;
#1145 = ORIENTED_EDGE ( 'NONE', *, *, #919, .T. ) ;
#1146 = SURFACE_SIDE_STYLE ('',( #1977 ) ) ;
#1147 = EDGE_CURVE ( 'NONE', #2161, #1476, #1680, .T. ) ;
#1148 = LINE ( 'NONE', #938, #1599 ) ;
#1149 = AXIS2_PLACEMENT_3D ( 'NONE', #2098, #1873, #1471 ) ;
#1150 = VERTEX_POINT ( 'NONE', #2404 ) ;
#1151 = VERTEX_POINT ( 'NONE', #1215 ) ;
#1152 = DIRECTION ( 'NONE',  ( 0.000000000000000000, 1.000000000000000000, 0.000000000000000000 ) ) ;
#1153 = CARTESIAN_POINT ( 'NONE',  ( 41.89999999999999858, 3.000000000000000000, -22.89999999999999858 ) ) ;
#1154 = VECTOR ( 'NONE', #2395, 1000.000000000000000 ) ;
#1155 = CARTESIAN_POINT ( 'NONE',  ( -43.00000000000000000, 2.000000000000000000, -24.00000000000000000 ) ) ;
#1156 = ORIENTED_EDGE ( 'NONE', *, *, #1927, .F. ) ;
#1157 = LINE ( 'NONE', #1348, #1734 ) ;
#1158 = CARTESIAN_POINT ( 'NONE',  ( -41.89999999999999858, 3.000000000000000000, 22.89999999999999858 ) ) ;
#1159 = VERTEX_POINT ( 'NONE', #2387 ) ;
#1160 = ADVANCED_FACE ( 'NONE', ( #1619 ), #2072, .T. ) ;
#1161 = ORIENTED_EDGE ( 'NONE', *, *, #1218, .F. ) ;
#1162 = VECTOR ( 'NONE', #2008, 1000.000000000000000 ) ;
#1163 = FACE_BOUND ( 'NONE', #2144, .T. ) ;
#1164 = CARTESIAN_POINT ( 'NONE',  ( -29.00000000000000711, 12.00000000000000000, 19.50000000000000000 ) ) ;
#1165 = EDGE_CURVE ( 'NONE', #2478, #2514, #2172, .T. ) ;
#1166 = LINE ( 'NONE', #1961, #1810 ) ;
#1167 = DIRECTION ( 'NONE',  ( 1.000000000000000000, 0.000000000000000000, -1.541976423090495633E-16 ) ) ;
#1168 = ORIENTED_EDGE ( 'NONE', *, *, #2358, .F. ) ;
#1169 = CARTESIAN_POINT ( 'NONE',  ( 40.49999999999999289, 3.000000000000000000, 0.000000000000000000 ) ) ;
#1170 = DIRECTION ( 'NONE',  ( 0.000000000000000000, -1.000000000000000000, 0.000000000000000000 ) ) ;
#1171 = ORIENTED_EDGE ( 'NONE', *, *, #2142, .T. ) ;
#1172 = ORIENTED_EDGE ( 'NONE', *, *, #19, .T. ) ;
#1173 = EDGE_CURVE ( 'NONE', #207, #1621, #2566, .T. ) ;
#1174 = CARTESIAN_POINT ( 'NONE',  ( -29.00000000000000711, 2.000000000000000000, 19.50000000000000000 ) ) ;
#1175 = FILL_AREA_STYLE ('',( #2556 ) ) ;
#1176 = AXIS2_PLACEMENT_3D ( 'NONE', #414, #38, #1799 ) ;
#1177 = EDGE_CURVE ( 'NONE', #1305, #2244, #1588, .T. ) ;
#1178 = COLOUR_RGB ( '',0.1019607843137254888, 0.1019607843137254888, 0.1019607843137254888 ) ;
#1179 = CARTESIAN_POINT ( 'NONE',  ( 41.89999999999999858, 3.000000000000000000, -22.89999999999999858 ) ) ;
#1180 = STYLED_ITEM ( 'NONE', ( #124 ), #482 ) ;
#1181 = ADVANCED_FACE ( 'NONE', ( #2189 ), #1201, .F. ) ;
#1182 = AXIS2_PLACEMENT_3D ( 'NONE', #1707, #728, #705 ) ;
#1183 =( NAMED_UNIT ( * ) SI_UNIT ( $, .STERADIAN. ) SOLID_ANGLE_UNIT ( ) );
#1184 = ORIENTED_EDGE ( 'NONE', *, *, #45, .F. ) ;
#1185 = DIRECTION ( 'NONE',  ( -0.000000000000000000, -1.000000000000000000, -0.000000000000000000 ) ) ;
#1186 = CARTESIAN_POINT ( 'NONE',  ( -4.999999999999996447, 0.5000000000000000000, 17.74999999999990408 ) ) ;
#1187 = VERTEX_POINT ( 'NONE', #206 ) ;
#1188 = ORIENTED_EDGE ( 'NONE', *, *, #1823, .F. ) ;
#1189 =( GEOMETRIC_REPRESENTATION_CONTEXT ( 3 ) GLOBAL_UNCERTAINTY_ASSIGNED_CONTEXT ( ( #1307 ) ) GLOBAL_UNIT_ASSIGNED_CONTEXT ( ( #745, #1762, #2548 ) ) REPRESENTATION_CONTEXT ( 'NONE', 'WORKASPACE' ) );
#1190 = FACE_OUTER_BOUND ( 'NONE', #1725, .T. ) ;
#1191 = CARTESIAN_POINT ( 'NONE',  ( 13.49999999999999822, 0.5000000000000004441, -19.74999999999973355 ) ) ;
#1192 = DIRECTION ( 'NONE',  ( -0.000000000000000000, -1.000000000000000000, -0.000000000000000000 ) ) ;
#1193 = ORIENTED_EDGE ( 'NONE', *, *, #640, .T. ) ;
#1194 =( GEOMETRIC_REPRESENTATION_CONTEXT ( 3 ) GLOBAL_UNCERTAINTY_ASSIGNED_CONTEXT ( ( #1364 ) ) GLOBAL_UNIT_ASSIGNED_CONTEXT ( ( #2326, #347, #1546 ) ) REPRESENTATION_CONTEXT ( 'NONE', 'WORKASPACE' ) );
#1195 = EDGE_CURVE ( 'NONE', #24, #2542, #1431, .T. ) ;
#1196 = LINE ( 'NONE', #1179, #314 ) ;
#1197 =( NAMED_UNIT ( * ) PLANE_ANGLE_UNIT ( ) SI_UNIT ( $, .RADIAN. ) );
#1198 = ORIENTED_EDGE ( 'NONE', *, *, #2574, .T. ) ;
#1199 =( LENGTH_UNIT ( ) NAMED_UNIT ( * ) SI_UNIT ( .MILLI., .METRE. ) );
#1200 = FILL_AREA_STYLE_COLOUR ( '', #1733 ) ;
#1201 = CYLINDRICAL_SURFACE ( 'NONE', #846, 1.074999999999999512 ) ;
#1202 = ORIENTED_EDGE ( 'NONE', *, *, #1127, .F. ) ;
#1203 = PLANE ( 'NONE',  #2091 ) ;
#1204 = DIRECTION ( 'NONE',  ( 0.000000000000000000, 0.000000000000000000, -1.000000000000000000 ) ) ;
#1205 = PLANE ( 'NONE',  #487 ) ;
#1206 = ORIENTED_EDGE ( 'NONE', *, *, #1076, .F. ) ;
#1207 = CIRCLE ( 'NONE', #2330, 2.499999999999998668 ) ;
#1208 = PRESENTATION_STYLE_ASSIGNMENT (( #409 ) ) ;
#1209 = EDGE_CURVE ( 'NONE', #1281, #464, #2419, .T. ) ;
#1210 = EDGE_LOOP ( 'NONE', ( #2145, #2060, #1239, #253 ) ) ;
#1211 = DIRECTION ( 'NONE',  ( -1.000000000000000000, 0.000000000000000000, 0.000000000000000000 ) ) ;
#1212 = AXIS2_PLACEMENT_3D ( 'NONE', #1049, #2065, #1898 ) ;
#1213 = PRODUCT_RELATED_PRODUCT_CATEGORY ( 'part', '', ( #1259 ) ) ;
#1214 = DIRECTION ( 'NONE',  ( 0.000000000000000000, -0.000000000000000000, 1.000000000000000000 ) ) ;
#1215 = CARTESIAN_POINT ( 'NONE',  ( -32.50000000000000711, 0.5000000000000004441, 15.50000000000000178 ) ) ;
#1216 = VERTEX_POINT ( 'NONE', #2366 ) ;
#1217 = FILL_AREA_STYLE ('',( #40 ) ) ;
#1218 = EDGE_CURVE ( 'NONE', #1503, #1607, #2175, .T. ) ;
#1219 = CARTESIAN_POINT ( 'NONE',  ( 32.50000000000000000, 12.00000000000000000, -19.74999999999973355 ) ) ;
#1220 = FACE_OUTER_BOUND ( 'NONE', #1574, .T. ) ;
#1221 = DIRECTION ( 'NONE',  ( -1.000000000000000000, 0.000000000000000000, 0.000000000000000000 ) ) ;
#1222 = ORIENTED_EDGE ( 'NONE', *, *, #1561, .F. ) ;
#1223 = DIRECTION ( 'NONE',  ( -1.875376730785737473E-16, 0.000000000000000000, -1.000000000000000000 ) ) ;
#1224 = CARTESIAN_POINT ( 'NONE',  ( -5.499999999999998224, 2.000000000000000000, -0.7499999999997339906 ) ) ;
#1225 = EDGE_LOOP ( 'NONE', ( #876, #896, #1837, #2270 ) ) ;
#1226 = LINE ( 'NONE', #2039, #436 ) ;
#1227 = DIRECTION ( 'NONE',  ( 0.000000000000000000, -1.000000000000000000, 0.000000000000000000 ) ) ;
#1228 = DIRECTION ( 'NONE',  ( -1.875376730785737473E-16, 0.000000000000000000, -1.000000000000000000 ) ) ;
#1229 = ORIENTED_EDGE ( 'NONE', *, *, #2523, .T. ) ;
#1230 = DIRECTION ( 'NONE',  ( 0.000000000000000000, -1.000000000000000000, 0.000000000000000000 ) ) ;
#1231 = ADVANCED_FACE ( 'NONE', ( #773, #955, #170, #721, #2509, #1163, #1756 ), #1532, .T. ) ;
#1232 = DIRECTION ( 'NONE',  ( 0.000000000000000000, -1.000000000000000000, 0.000000000000000000 ) ) ;
#1233 = CARTESIAN_POINT ( 'NONE',  ( 0.000000000000000000, 2.000000000000000000, -19.74999999999973355 ) ) ;
#1234 = CARTESIAN_POINT ( 'NONE',  ( 0.000000000000000000, 2.000000000000000000, -1.249999999999733991 ) ) ;
#1235 = ORIENTED_EDGE ( 'NONE', *, *, #159, .T. ) ;
#1236 = AXIS2_PLACEMENT_3D ( 'NONE', #1495, #494, #2292 ) ;
#1237 = COLOUR_RGB ( '',0.1019607843137254888, 0.1019607843137254888, 0.1019607843137254888 ) ;
#1238 = DIRECTION ( 'NONE',  ( 0.000000000000000000, 0.000000000000000000, 1.000000000000000000 ) ) ;
#1239 = ORIENTED_EDGE ( 'NONE', *, *, #1344, .F. ) ;
#1240 = DIRECTION ( 'NONE',  ( -1.000000000000000000, -0.000000000000000000, -0.000000000000000000 ) ) ;
#1241 = LINE ( 'NONE', #2051, #324 ) ;
#1242 = ORIENTED_EDGE ( 'NONE', *, *, #1432, .F. ) ;
#1243 = LINE ( 'NONE', #812, #1688 ) ;
#1244 = LINE ( 'NONE', #629, #681 ) ;
#1245 = CARTESIAN_POINT ( 'NONE',  ( 40.49999999999999289, 3.000000000000000000, 0.000000000000000000 ) ) ;
#1246 = EDGE_CURVE ( 'NONE', #2022, #564, #1379, .T. ) ;
#1247 = ORIENTED_EDGE ( 'NONE', *, *, #816, .F. ) ;
#1248 = AXIS2_PLACEMENT_3D ( 'NONE', #8, #413, #1214 ) ;
#1249 = LINE ( 'NONE', #665, #595 ) ;
#1250 = ORIENTED_EDGE ( 'NONE', *, *, #690, .T. ) ;
#1251 = PRODUCT_DEFINITION_CONTEXT ( 'detailed design', #845, 'design' ) ;
#1252 = LINE ( 'NONE', #847, #647 ) ;
#1253 = ORIENTED_EDGE ( 'NONE', *, *, #2182, .T. ) ;
#1254 = CARTESIAN_POINT ( 'NONE',  ( -23.99999999999999645, 12.00000000000000000, -0.7499999999997339906 ) ) ;
#1255 = CARTESIAN_POINT ( 'NONE',  ( -32.50000000000000711, 0.5000000000000004441, -0.5000000000000022204 ) ) ;
#1256 = CARTESIAN_POINT ( 'NONE',  ( 0.000000000000000000, 0.000000000000000000, 0.000000000000000000 ) ) ;
#1257 = ORIENTED_EDGE ( 'NONE', *, *, #444, .T. ) ;
#1258 = EDGE_CURVE ( 'NONE', #973, #1519, #2312, .T. ) ;
#1259 = PRODUCT ( 'CADpad - Top of case [step-file]', 'CADpad - Top of case [step-file]', '', ( #1876 ) ) ;
#1260 = CARTESIAN_POINT ( 'NONE',  ( 13.49999999999999822, 12.00000000000000000, -19.74999999999973355 ) ) ;
#1261 = ORIENTED_EDGE ( 'NONE', *, *, #1258, .T. ) ;
#1262 = DIRECTION ( 'NONE',  ( 1.000000000000000000, 0.000000000000000000, -0.000000000000000000 ) ) ;
#1263 = EDGE_CURVE ( 'NONE', #2281, #207, #1558, .T. ) ;
#1264 = VECTOR ( 'NONE', #2337, 1000.000000000000000 ) ;
#1265 = DIRECTION ( 'NONE',  ( 1.000000000000000000, 0.000000000000000000, -1.713307136767217096E-16 ) ) ;
#1266 = ORIENTED_EDGE ( 'NONE', *, *, #2567, .T. ) ;
#1267 = FILL_AREA_STYLE_COLOUR ( '', #1237 ) ;
#1268 = VECTOR ( 'NONE', #1703, 1000.000000000000000 ) ;
#1269 = COLOUR_RGB ( '',0.1019607843137254888, 0.1019607843137254888, 0.1019607843137254888 ) ;
#1270 = LINE ( 'NONE', #1651, #1883 ) ;
#1271 = CIRCLE ( 'NONE', #1727, 2.349999999999997868 ) ;
#1272 = LINE ( 'NONE', #2273, #443 ) ;
#1273 = VERTEX_POINT ( 'NONE', #346 ) ;
#1274 = STYLED_ITEM ( 'NONE', ( #205 ), #1801 ) ;
#1275 =( GEOMETRIC_REPRESENTATION_CONTEXT ( 3 ) GLOBAL_UNCERTAINTY_ASSIGNED_CONTEXT ( ( #2346 ) ) GLOBAL_UNIT_ASSIGNED_CONTEXT ( ( #1199, #2006, #412 ) ) REPRESENTATION_CONTEXT ( 'NONE', 'WORKASPACE' ) );
#1276 = LINE ( 'NONE', #271, #99 ) ;
#1277 = CARTESIAN_POINT ( 'NONE',  ( 37.00000000000000000, 2.999999999999999112, -18.00000000000000000 ) ) ;
#1278 = EDGE_CURVE ( 'NONE', #1702, #147, #1968, .T. ) ;
#1279 = ORIENTED_EDGE ( 'NONE', *, *, #1548, .F. ) ;
#1280 = FACE_OUTER_BOUND ( 'NONE', #1101, .T. ) ;
#1281 = VERTEX_POINT ( 'NONE', #1339 ) ;
#1282 = VECTOR ( 'NONE', #394, 1000.000000000000000 ) ;
#1283 = FACE_OUTER_BOUND ( 'NONE', #964, .T. ) ;
#1284 = VECTOR ( 'NONE', #2410, 1000.000000000000000 ) ;
#1285 =( NAMED_UNIT ( * ) SI_UNIT ( $, .STERADIAN. ) SOLID_ANGLE_UNIT ( ) );
#1286 = PLANE ( 'NONE',  #2239 ) ;
#1287 = EDGE_LOOP ( 'NONE', ( #2114, #130, #1095, #637 ) ) ;
#1288 = PLANE ( 'NONE',  #2438 ) ;
#1289 = ORIENTED_EDGE ( 'NONE', *, *, #586, .F. ) ;
#1290 = CARTESIAN_POINT ( 'NONE',  ( 43.00000000000000000, 2.000000000000000000, 24.00000000000000355 ) ) ;
#1291 = ADVANCED_FACE ( 'NONE', ( #2543 ), #2118, .F. ) ;
#1292 = CYLINDRICAL_SURFACE ( 'NONE', #270, 2.000000000000001776 ) ;
#1293 = ORIENTED_EDGE ( 'NONE', *, *, #1381, .T. ) ;
#1294 = CARTESIAN_POINT ( 'NONE',  ( 32.50000000000000000, 0.5000000000000004441, -19.74999999999973355 ) ) ;
#1295 = EDGE_CURVE ( 'NONE', #1216, #2121, #266, .T. ) ;
#1296 = CARTESIAN_POINT ( 'NONE',  ( 13.50000000000000355, 12.00000000000000000, 17.74999999999990408 ) ) ;
#1297 = DIRECTION ( 'NONE',  ( 9.376883653928871020E-17, 0.000000000000000000, 1.000000000000000000 ) ) ;
#1298 = VERTEX_POINT ( 'NONE', #2167 ) ;
#1299 = EDGE_CURVE ( 'NONE', #2397, #438, #1328, .T. ) ;
#1300 = LINE ( 'NONE', #112, #1268 ) ;
#1301 = ORIENTED_EDGE ( 'NONE', *, *, #749, .F. ) ;
#1302 = PLANE ( 'NONE',  #435 ) ;
#1303 = VECTOR ( 'NONE', #2204, 1000.000000000000000 ) ;
#1304 = CARTESIAN_POINT ( 'NONE',  ( 40.49999999999999289, 12.00000000000000000, -16.06350832689628660 ) ) ;
#1305 = VERTEX_POINT ( 'NONE', #333 ) ;
#1306 = DIRECTION ( 'NONE',  ( 0.000000000000000000, -1.000000000000000000, 0.000000000000000000 ) ) ;
#1307 = UNCERTAINTY_MEASURE_WITH_UNIT (LENGTH_MEASURE( 1.000000000000000082E-05 ), #745, 'distance_accuracy_value', 'NONE');
#1308 = VECTOR ( 'NONE', #27, 1000.000000000000000 ) ;
#1309 = CARTESIAN_POINT ( 'NONE',  ( -4.999999999999996447, 2.000000000000000000, 17.74999999999990408 ) ) ;
#1310 = CARTESIAN_POINT ( 'NONE',  ( 38.93649167310370274, 12.00000000000000000, -21.50000000000000000 ) ) ;
#1311 = VECTOR ( 'NONE', #335, 1000.000000000000000 ) ;
#1312 = EDGE_CURVE ( 'NONE', #926, #2424, #1124, .T. ) ;
#1313 = VERTEX_POINT ( 'NONE', #737 ) ;
#1314 =( GEOMETRIC_REPRESENTATION_CONTEXT ( 3 ) GLOBAL_UNCERTAINTY_ASSIGNED_CONTEXT ( ( #518 ) ) GLOBAL_UNIT_ASSIGNED_CONTEXT ( ( #1125, #1340, #1729 ) ) REPRESENTATION_CONTEXT ( 'NONE', 'WORKASPACE' ) );
#1315 = MECHANICAL_DESIGN_GEOMETRIC_PRESENTATION_REPRESENTATION (  '', ( #1971 ), #1645 ) ;
#1316 = VECTOR ( 'NONE', #5, 1000.000000000000000 ) ;
#1317 = CIRCLE ( 'NONE', #63, 8.000000000000001776 ) ;
#1318 = DIRECTION ( 'NONE',  ( 0.000000000000000000, 1.000000000000000000, 0.000000000000000000 ) ) ;
#1319 = ORIENTED_EDGE ( 'NONE', *, *, #2413, .F. ) ;
#1320 = LINE ( 'NONE', #353, #1521 ) ;
#1321 = VERTEX_POINT ( 'NONE', #2325 ) ;
#1322 = VECTOR ( 'NONE', #263, 1000.000000000000000 ) ;
#1323 = DIRECTION ( 'NONE',  ( -1.515042337097648383E-16, 0.000000000000000000, 1.000000000000000000 ) ) ;
#1324 = DIRECTION ( 'NONE',  ( 0.000000000000000000, 1.000000000000000000, 0.000000000000000000 ) ) ;
#1325 = COLOUR_RGB ( '',0.1019607843137254888, 0.1019607843137254888, 0.1019607843137254888 ) ;
#1326 = ORIENTED_EDGE ( 'NONE', *, *, #620, .T. ) ;
#1327 = EDGE_CURVE ( 'NONE', #312, #1151, #536, .T. ) ;
#1328 = LINE ( 'NONE', #2157, #1264 ) ;
#1329 = CARTESIAN_POINT ( 'NONE',  ( -4.999999999999999112, 12.00000000000000000, -1.249999999999733991 ) ) ;
#1330 = ORIENTED_EDGE ( 'NONE', *, *, #1662, .F. ) ;
#1331 = CARTESIAN_POINT ( 'NONE',  ( 37.00000000000000000, 2.000000000000000000, 12.50000000000000000 ) ) ;
#1332 = LINE ( 'NONE', #755, #2181 ) ;
#1333 = EDGE_LOOP ( 'NONE', ( #1250, #1337, #902, #2173 ) ) ;
#1334 = LINE ( 'NONE', #2126, #232 ) ;
#1335 = VECTOR ( 'NONE', #952, 1000.000000000000000 ) ;
#1336 = DIRECTION ( 'NONE',  ( -0.000000000000000000, -1.000000000000000000, -0.000000000000000000 ) ) ;
#1337 = ORIENTED_EDGE ( 'NONE', *, *, #833, .T. ) ;
#1338 = ORIENTED_EDGE ( 'NONE', *, *, #401, .T. ) ;
#1339 = CARTESIAN_POINT ( 'NONE',  ( 32.50000000000001421, 2.000000000000000000, 17.74999999999990408 ) ) ;
#1340 =( NAMED_UNIT ( * ) PLANE_ANGLE_UNIT ( ) SI_UNIT ( $, .RADIAN. ) );
#1341 = PRESENTATION_LAYER_ASSIGNMENT (  '', '', ( #2083 ) ) ;
#1342 = CARTESIAN_POINT ( 'NONE',  ( 40.49999999999999289, 12.00000000000000000, 18.43649167310371340 ) ) ;
#1343 = ORIENTED_EDGE ( 'NONE', *, *, #2505, .F. ) ;
#1344 = EDGE_CURVE ( 'NONE', #2185, #1409, #761, .T. ) ;
#1345 = CARTESIAN_POINT ( 'NONE',  ( -44.99999999999998579, 2.000000000000000000, 26.00000000000000355 ) ) ;
#1346 = CARTESIAN_POINT ( 'NONE',  ( 0.000000000000000000, 0.5000000000000000000, -19.74999999999973355 ) ) ;
#1347 = ORIENTED_EDGE ( 'NONE', *, *, #538, .T. ) ;
#1348 = CARTESIAN_POINT ( 'NONE',  ( -5.499999999999998224, 2.000000000000000000, 2.578643004830438668E-16 ) ) ;
#1349 = MECHANICAL_DESIGN_GEOMETRIC_PRESENTATION_REPRESENTATION (  '', ( #261 ), #348 ) ;
#1350 = CARTESIAN_POINT ( 'NONE',  ( 37.00000000000000000, 12.00000000000000000, -18.00000000000000000 ) ) ;
#1351 = ORIENTED_EDGE ( 'NONE', *, *, #1021, .T. ) ;
#1352 = ORIENTED_EDGE ( 'NONE', *, *, #2007, .F. ) ;
#1353 = DIRECTION ( 'NONE',  ( 0.000000000000000000, 1.000000000000000000, 0.000000000000000000 ) ) ;
#1354 = AXIS2_PLACEMENT_3D ( 'NONE', #1496, #2295, #93 ) ;
#1355 = PRESENTATION_LAYER_ASSIGNMENT (  '', '', ( #1684 ) ) ;
#1356 = VECTOR ( 'NONE', #2169, 1000.000000000000000 ) ;
#1357 = ORIENTED_EDGE ( 'NONE', *, *, #777, .F. ) ;
#1358 = DIRECTION ( 'NONE',  ( -1.000000000000000000, 0.000000000000000000, 1.713307136767217096E-16 ) ) ;
#1359 = EDGE_CURVE ( 'NONE', #2520, #2244, #548, .T. ) ;
#1360 = DIRECTION ( 'NONE',  ( -9.376883653928687363E-17, 0.000000000000000000, -1.000000000000000000 ) ) ;
#1361 = EDGE_LOOP ( 'NONE', ( #2285, #2370, #577, #835, #1261 ) ) ;
#1362 = SURFACE_STYLE_USAGE ( .BOTH. , #1146 ) ;
#1363 = VECTOR ( 'NONE', #2516, 1000.000000000000000 ) ;
#1364 = UNCERTAINTY_MEASURE_WITH_UNIT (LENGTH_MEASURE( 1.000000000000000082E-05 ), #2326, 'distance_accuracy_value', 'NONE');
#1365 = ADVANCED_FACE ( 'NONE', ( #361 ), #381, .T. ) ;
#1366 = LINE ( 'NONE', #157, #870 ) ;
#1367 = CLOSED_SHELL ( 'NONE', ( #2363, #1181, #1915, #85, #1291, #907, #800, #1231, #11, #94, #904, #2340, #828, #2268, #1626, #2165, #482, #290, #713, #186, #1801, #431, #675, #1972, #1843, #1053, #1597, #426, #524, #2396, #1374, #2152, #169, #2103, #2119, #1901, #1960, #2561, #1534, #702, #452, #1740, #1365, #2108, #1570, #1393, #495, #945, #1160, #1994, #1474, #1486, #2533, #410, #889, #1463, #646, #1099, #2444, #111, #968, #65, #2033, #2494, #1001, #2344, #143, #1726, #2381, #2331, #735, #126 ) ) ;
#1368 = ORIENTED_EDGE ( 'NONE', *, *, #1278, .T. ) ;
#1369 = CARTESIAN_POINT ( 'NONE',  ( 0.000000000000000000, 2.000000000000000000, 0.000000000000000000 ) ) ;
#1370 = DIRECTION ( 'NONE',  ( 1.000000000000000000, 0.000000000000000000, -0.000000000000000000 ) ) ;
#1371 = CARTESIAN_POINT ( 'NONE',  ( 13.50000000000000355, 2.000000000000000000, 17.74999999999990408 ) ) ;
#1372 = ORIENTED_EDGE ( 'NONE', *, *, #1195, .F. ) ;
#1373 = DIRECTION ( 'NONE',  ( 0.000000000000000000, 1.000000000000000000, 0.000000000000000000 ) ) ;
#1374 = ADVANCED_FACE ( 'NONE', ( #161 ), #2352, .F. ) ;
#1375 = CARTESIAN_POINT ( 'NONE',  ( -42.99999999999998579, 0.000000000000000000, 24.00000000000000000 ) ) ;
#1376 = ORIENTED_EDGE ( 'NONE', *, *, #1278, .F. ) ;
#1377 = VERTEX_POINT ( 'NONE', #1 ) ;
#1378 = EDGE_CURVE ( 'NONE', #2461, #146, #41, .T. ) ;
#1379 = LINE ( 'NONE', #1728, #1596 ) ;
#1380 = FACE_OUTER_BOUND ( 'NONE', #857, .T. ) ;
#1381 = EDGE_CURVE ( 'NONE', #752, #2046, #825, .T. ) ;
#1382 = DIRECTION ( 'NONE',  ( 1.541976423090495387E-16, 0.000000000000000000, 1.000000000000000000 ) ) ;
#1383 = DIRECTION ( 'NONE',  ( -1.541976423090495633E-16, 0.000000000000000000, -1.000000000000000000 ) ) ;
#1384 = ORIENTED_EDGE ( 'NONE', *, *, #1989, .F. ) ;
#1385 = FILL_AREA_STYLE ('',( #560 ) ) ;
#1386 = DIRECTION ( 'NONE',  ( 0.000000000000000000, 0.000000000000000000, 1.000000000000000000 ) ) ;
#1387 = LINE ( 'NONE', #2215, #553 ) ;
#1388 = EDGE_LOOP ( 'NONE', ( #614, #1629, #2319, #1447 ) ) ;
#1389 = CARTESIAN_POINT ( 'NONE',  ( 14.00000000000000355, 0.5000000000000000000, -2.625527423100084477E-15 ) ) ;
#1390 = CARTESIAN_POINT ( 'NONE',  ( -32.50000000000000711, 0.5000000000000004441, 7.500000000000000000 ) ) ;
#1391 = EDGE_CURVE ( 'NONE', #1069, #682, #217, .T. ) ;
#1392 = AXIS2_PLACEMENT_3D ( 'NONE', #1136, #132, #927 ) ;
#1393 = ADVANCED_FACE ( 'NONE', ( #837 ), #1622, .T. ) ;
#1394 = VECTOR ( 'NONE', #710, 1000.000000000000000 ) ;
#1395 = CIRCLE ( 'NONE', #2265, 2.000000000000001776 ) ;
#1396 = DIRECTION ( 'NONE',  ( 0.000000000000000000, -1.000000000000000000, 0.000000000000000000 ) ) ;
#1397 = VECTOR ( 'NONE', #2113, 1000.000000000000000 ) ;
#1398 = DIRECTION ( 'NONE',  ( 0.000000000000000000, -1.000000000000000000, 0.000000000000000000 ) ) ;
#1399 = ORIENTED_EDGE ( 'NONE', *, *, #97, .F. ) ;
#1400 = DIRECTION ( 'NONE',  ( 0.000000000000000000, 1.000000000000000000, 0.000000000000000000 ) ) ;
#1401 = CARTESIAN_POINT ( 'NONE',  ( -29.00000000000000711, 2.000000000000000000, 19.50000000000000000 ) ) ;
#1402 = DIRECTION ( 'NONE',  ( 0.000000000000000000, -1.000000000000000000, 0.000000000000000000 ) ) ;
#1403 = ORIENTED_EDGE ( 'NONE', *, *, #1263, .T. ) ;
#1404 = DIRECTION ( 'NONE',  ( 4.163336342344340813E-14, 0.000000000000000000, 1.000000000000000000 ) ) ;
#1405 = PRESENTATION_LAYER_ASSIGNMENT (  '', '', ( #1274 ) ) ;
#1406 = DIRECTION ( 'NONE',  ( -1.541976423090495633E-16, 0.000000000000000000, 1.000000000000000000 ) ) ;
#1407 = DIRECTION ( 'NONE',  ( -0.000000000000000000, 1.000000000000000000, -0.000000000000000000 ) ) ;
#1408 = CARTESIAN_POINT ( 'NONE',  ( -5.000000000000000888, 2.000000000000000000, -19.74999999999973355 ) ) ;
#1409 = VERTEX_POINT ( 'NONE', #2379 ) ;
#1410 = EDGE_CURVE ( 'NONE', #2514, #1702, #1244, .T. ) ;
#1411 = AXIS2_PLACEMENT_3D ( 'NONE', #1687, #107, #1089 ) ;
#1412 = CARTESIAN_POINT ( 'NONE',  ( -41.50000000000000711, 0.000000000000000000, -22.50000000000000000 ) ) ;
#1413 = DIRECTION ( 'NONE',  ( 1.000000000000000000, 0.000000000000000000, -0.000000000000000000 ) ) ;
#1414 = AXIS2_PLACEMENT_3D ( 'NONE', #1256, #1065, #2067 ) ;
#1415 = ORIENTED_EDGE ( 'NONE', *, *, #557, .T. ) ;
#1416 = DIRECTION ( 'NONE',  ( 0.000000000000000000, 0.000000000000000000, 1.000000000000000000 ) ) ;
#1417 = EDGE_CURVE ( 'NONE', #1321, #100, #616, .T. ) ;
#1418 = CARTESIAN_POINT ( 'NONE',  ( -44.99999999999998579, 2.000000000000000000, 26.00000000000000355 ) ) ;
#1419 = CARTESIAN_POINT ( 'NONE',  ( 37.00000000000000000, 0.5000000000000004441, -18.00000000000000000 ) ) ;
#1420 = ORIENTED_EDGE ( 'NONE', *, *, #2262, .T. ) ;
#1421 = FACE_BOUND ( 'NONE', #604, .T. ) ;
#1422 = LINE ( 'NONE', #588, #2012 ) ;
#1423 = PLANE ( 'NONE',  #821 ) ;
#1424 = DIRECTION ( 'NONE',  ( 0.000000000000000000, -0.000000000000000000, -1.000000000000000000 ) ) ;
#1425 = ORIENTED_EDGE ( 'NONE', *, *, #1116, .F. ) ;
#1426 = CARTESIAN_POINT ( 'NONE',  ( 14.00000000000000355, 12.00000000000000000, -0.7499999999997339906 ) ) ;
#1427 = CARTESIAN_POINT ( 'NONE',  ( 40.49999999999999289, 3.000000000000000000, -19.93649167310371340 ) ) ;
#1428 = EDGE_CURVE ( 'NONE', #729, #296, #1422, .T. ) ;
#1429 = ORIENTED_EDGE ( 'NONE', *, *, #956, .F. ) ;
#1430 = DIRECTION ( 'NONE',  ( 0.000000000000000000, 0.000000000000000000, 1.000000000000000000 ) ) ;
#1431 = LINE ( 'NONE', #783, #1308 ) ;
#1432 = EDGE_CURVE ( 'NONE', #831, #1085, #406, .T. ) ;
#1433 = ORIENTED_EDGE ( 'NONE', *, *, #1042, .T. ) ;
#1434 = CYLINDRICAL_SURFACE ( 'NONE', #897, 2.349999999999996092 ) ;
#1435 = CARTESIAN_POINT ( 'NONE',  ( 13.50000000000000355, 0.5000000000000000000, -3.797637879841119769E-15 ) ) ;
#1436 = LINE ( 'NONE', #1310, #2192 ) ;
#1437 = CARTESIAN_POINT ( 'NONE',  ( -41.50000000000000000, 0.000000000000000000, 22.50000000000000000 ) ) ;
#1438 = ORIENTED_EDGE ( 'NONE', *, *, #2090, .F. ) ;
#1439 = DIRECTION ( 'NONE',  ( 1.000000000000000000, 0.000000000000000000, 0.000000000000000000 ) ) ;
#1440 = DIRECTION ( 'NONE',  ( -1.613696256722611405E-16, 0.000000000000000000, -1.000000000000000000 ) ) ;
#1441 = VERTEX_POINT ( 'NONE', #2235 ) ;
#1442 = LINE ( 'NONE', #2023, #59 ) ;
#1443 = AXIS2_PLACEMENT_3D ( 'NONE', #641, #50, #275 ) ;
#1444 = EDGE_CURVE ( 'NONE', #367, #76, #979, .T. ) ;
#1445 = CARTESIAN_POINT ( 'NONE',  ( -4.999999999999998224, 2.000000000000000000, 4.688441826964434031E-16 ) ) ;
#1446 = CARTESIAN_POINT ( 'NONE',  ( 14.00000000000000711, 12.00000000000000000, 17.74999999999990408 ) ) ;
#1447 = ORIENTED_EDGE ( 'NONE', *, *, #551, .F. ) ;
#1448 = FACE_BOUND ( 'NONE', #1041, .T. ) ;
#1449 = UNCERTAINTY_MEASURE_WITH_UNIT (LENGTH_MEASURE( 1.000000000000000082E-05 ), #327, 'distance_accuracy_value', 'NONE');
#1450 = EDGE_CURVE ( 'NONE', #1085, #2437, #2013, .T. ) ;
#1451 = CARTESIAN_POINT ( 'NONE',  ( 0.000000000000000000, 2.000000000000000000, -0.7499999999997339906 ) ) ;
#1452 = CARTESIAN_POINT ( 'NONE',  ( -5.499999999999998224, 12.00000000000000000, -0.7499999999997339906 ) ) ;
#1453 = CARTESIAN_POINT ( 'NONE',  ( 0.000000000000000000, 0.5000000000000000000, 17.74999999999990408 ) ) ;
#1454 = EDGE_LOOP ( 'NONE', ( #1198, #57, #300, #1990 ) ) ;
#1455 = COLOUR_RGB ( '',1.000000000000000000, 1.000000000000000000, 1.000000000000000000 ) ;
#1456 = DIRECTION ( 'NONE',  ( -1.000000000000000000, -0.000000000000000000, -0.000000000000000000 ) ) ;
#1457 = ORIENTED_EDGE ( 'NONE', *, *, #1147, .F. ) ;
#1458 = LINE ( 'NONE', #2229, #724 ) ;
#1459 = ORIENTED_EDGE ( 'NONE', *, *, #1417, .F. ) ;
#1460 = DIRECTION ( 'NONE',  ( -0.000000000000000000, -1.000000000000000000, -0.000000000000000000 ) ) ;
#1461 = DIRECTION ( 'NONE',  ( -0.000000000000000000, 0.000000000000000000, 1.000000000000000000 ) ) ;
#1462 = CARTESIAN_POINT ( 'NONE',  ( 37.00000000000000000, 12.00000000000000000, -22.00000000000000000 ) ) ;
#1463 = ADVANCED_FACE ( 'NONE', ( #1190 ), #1203, .T. ) ;
#1464 = ORIENTED_EDGE ( 'NONE', *, *, #272, .F. ) ;
#1465 = EDGE_CURVE ( 'NONE', #1150, #1047, #418, .T. ) ;
#1466 = DIRECTION ( 'NONE',  ( 0.000000000000000000, -1.000000000000000000, 0.000000000000000000 ) ) ;
#1467 = ORIENTED_EDGE ( 'NONE', *, *, #2056, .F. ) ;
#1468 =( NAMED_UNIT ( * ) SI_UNIT ( $, .STERADIAN. ) SOLID_ANGLE_UNIT ( ) );
#1469 = DIRECTION ( 'NONE',  ( 0.000000000000000000, 0.000000000000000000, 1.000000000000000000 ) ) ;
#1470 = ORIENTED_EDGE ( 'NONE', *, *, #1465, .T. ) ;
#1471 = DIRECTION ( 'NONE',  ( -1.000000000000000000, 0.000000000000000000, -0.000000000000000000 ) ) ;
#1472 = CARTESIAN_POINT ( 'NONE',  ( -5.500000000000000000, 0.5000000000000004441, -1.249999999999733991 ) ) ;
#1473 = ORIENTED_EDGE ( 'NONE', *, *, #956, .T. ) ;
#1474 = ADVANCED_FACE ( 'NONE', ( #602 ), #1097, .T. ) ;
#1475 = CARTESIAN_POINT ( 'NONE',  ( 45.00000000000000000, 2.000000000000000000, -24.00000000000000000 ) ) ;
#1476 = VERTEX_POINT ( 'NONE', #2087 ) ;
#1477 =( NAMED_UNIT ( * ) PLANE_ANGLE_UNIT ( ) SI_UNIT ( $, .RADIAN. ) );
#1478 = VECTOR ( 'NONE', #1606, 1000.000000000000000 ) ;
#1479 = SURFACE_STYLE_FILL_AREA ( #680 ) ;
#1480 = ORIENTED_EDGE ( 'NONE', *, *, #2373, .F. ) ;
#1481 = DIRECTION ( 'NONE',  ( 0.000000000000000000, 0.000000000000000000, 1.000000000000000000 ) ) ;
#1482 = AXIS2_PLACEMENT_3D ( 'NONE', #693, #2479, #89 ) ;
#1483 =( NAMED_UNIT ( * ) PLANE_ANGLE_UNIT ( ) SI_UNIT ( $, .RADIAN. ) );
#1484 = CARTESIAN_POINT ( 'NONE',  ( 41.89999999999999147, 3.000000000000000000, 22.89999999999999858 ) ) ;
#1485 = ORIENTED_EDGE ( 'NONE', *, *, #1878, .T. ) ;
#1486 = ADVANCED_FACE ( 'NONE', ( #2258 ), #2447, .T. ) ;
#1487 = PRESENTATION_LAYER_ASSIGNMENT (  '', '', ( #565 ) ) ;
#1488 = DIRECTION ( 'NONE',  ( -1.000000000000000000, 0.000000000000000000, 2.813065096178606086E-16 ) ) ;
#1489 = ORIENTED_EDGE ( 'NONE', *, *, #875, .F. ) ;
#1490 = EDGE_CURVE ( 'NONE', #2202, #1009, #2294, .T. ) ;
#1491 = DIRECTION ( 'NONE',  ( 0.000000000000000000, 0.000000000000000000, -1.000000000000000000 ) ) ;
#1492 = CARTESIAN_POINT ( 'NONE',  ( -32.50000000000000711, 0.5000000000000004441, 7.500000000000000000 ) ) ;
#1493 = ORIENTED_EDGE ( 'NONE', *, *, #1769, .F. ) ;
#1494 = EDGE_CURVE ( 'NONE', #534, #2453, #305, .T. ) ;
#1495 = CARTESIAN_POINT ( 'NONE',  ( -4.999999999999998224, 12.00000000000000000, -0.7499999999997339906 ) ) ;
#1496 = CARTESIAN_POINT ( 'NONE',  ( 43.00000000000000000, 0.000000000000000000, -24.00000000000000000 ) ) ;
#1497 = ORIENTED_EDGE ( 'NONE', *, *, #1127, .T. ) ;
#1498 = CARTESIAN_POINT ( 'NONE',  ( 37.00000000000000000, 0.5000000000000004441, 14.15000000000000391 ) ) ;
#1499 = ORIENTED_EDGE ( 'NONE', *, *, #2378, .T. ) ;
#1500 = FILL_AREA_STYLE ('',( #704 ) ) ;
#1501 = EDGE_CURVE ( 'NONE', #292, #1079, #2247, .T. ) ;
#1502 = LINE ( 'NONE', #1304, #765 ) ;
#1503 = VERTEX_POINT ( 'NONE', #2043 ) ;
#1504 = CYLINDRICAL_SURFACE ( 'NONE', #1691, 8.000000000000001776 ) ;
#1505 = CARTESIAN_POINT ( 'NONE',  ( 40.49999999999999289, 12.00000000000000000, -19.93649167310371340 ) ) ;
#1506 = DIRECTION ( 'NONE',  ( 0.000000000000000000, 0.000000000000000000, 1.000000000000000000 ) ) ;
#1507 = ORIENTED_EDGE ( 'NONE', *, *, #1745, .T. ) ;
#1508 = LINE ( 'NONE', #1523, #2477 ) ;
#1509 = ORIENTED_EDGE ( 'NONE', *, *, #1450, .T. ) ;
#1510 = CARTESIAN_POINT ( 'NONE',  ( 37.00000000000000000, 12.00000000000000000, -20.34999999999999787 ) ) ;
#1511 = DIRECTION ( 'NONE',  ( 0.000000000000000000, -1.000000000000000000, 0.000000000000000000 ) ) ;
#1512 = ORIENTED_EDGE ( 'NONE', *, *, #635, .F. ) ;
#1513 = CARTESIAN_POINT ( 'NONE',  ( -4.999999999999999112, 2.000000000000000000, -1.249999999999733991 ) ) ;
#1514 = UNCERTAINTY_MEASURE_WITH_UNIT (LENGTH_MEASURE( 1.000000000000000082E-05 ), #211, 'distance_accuracy_value', 'NONE');
#1515 = EDGE_CURVE ( 'NONE', #1503, #2161, #2283, .T. ) ;
#1516 = VECTOR ( 'NONE', #2471, 1000.000000000000000 ) ;
#1517 = CYLINDRICAL_SURFACE ( 'NONE', #1917, 4.000000000000000000 ) ;
#1518 = VECTOR ( 'NONE', #1925, 1000.000000000000000 ) ;
#1519 = VERTEX_POINT ( 'NONE', #459 ) ;
#1520 =( GEOMETRIC_REPRESENTATION_CONTEXT ( 3 ) GLOBAL_UNCERTAINTY_ASSIGNED_CONTEXT ( ( #264 ) ) GLOBAL_UNIT_ASSIGNED_CONTEXT ( ( #753, #2159, #776 ) ) REPRESENTATION_CONTEXT ( 'NONE', 'WORKASPACE' ) );
#1521 = VECTOR ( 'NONE', #556, 1000.000000000000000 ) ;
#1522 = DIRECTION ( 'NONE',  ( -1.875376730785737473E-16, 0.000000000000000000, -1.000000000000000000 ) ) ;
#1523 = CARTESIAN_POINT ( 'NONE',  ( 0.000000000000000000, 2.000000000000000000, -19.74999999999973355 ) ) ;
#1524 = ORIENTED_EDGE ( 'NONE', *, *, #574, .T. ) ;
#1525 = CARTESIAN_POINT ( 'NONE',  ( 40.49999999999999289, 12.00000000000000000, 14.56350832689628660 ) ) ;
#1526 = ORIENTED_EDGE ( 'NONE', *, *, #1103, .T. ) ;
#1527 = LINE ( 'NONE', #1964, #1363 ) ;
#1528 = LINE ( 'NONE', #1763, #1788 ) ;
#1529 = AXIS2_PLACEMENT_3D ( 'NONE', #993, #1848, #1204 ) ;
#1530 = ORIENTED_EDGE ( 'NONE', *, *, #122, .F. ) ;
#1531 = ORIENTED_EDGE ( 'NONE', *, *, #2184, .T. ) ;
#1532 = PLANE ( 'NONE',  #1057 ) ;
#1533 = CYLINDRICAL_SURFACE ( 'NONE', #2070, 2.499999999999998668 ) ;
#1534 = ADVANCED_FACE ( 'NONE', ( #1686 ), #707, .F. ) ;
#1535 = EDGE_CURVE ( 'NONE', #2001, #1273, #1547, .T. ) ;
#1536 = CARTESIAN_POINT ( 'NONE',  ( -23.99999999999999645, 0.5000000000000004441, 17.74999999999990408 ) ) ;
#1537 = VERTEX_POINT ( 'NONE', #1862 ) ;
#1538 = CARTESIAN_POINT ( 'NONE',  ( -41.50000000000000711, 0.5000000000000000000, -22.50000000000000000 ) ) ;
#1539 = PLANE ( 'NONE',  #60 ) ;
#1540 = ORIENTED_EDGE ( 'NONE', *, *, #777, .T. ) ;
#1541 = DIRECTION ( 'NONE',  ( 0.000000000000000000, 1.000000000000000000, 0.000000000000000000 ) ) ;
#1542 = DIRECTION ( 'NONE',  ( 1.000000000000000000, 0.000000000000000000, -9.376883653928687363E-17 ) ) ;
#1543 = ORIENTED_EDGE ( 'NONE', *, *, #475, .F. ) ;
#1544 = VERTEX_POINT ( 'NONE', #53 ) ;
#1545 = CARTESIAN_POINT ( 'NONE',  ( -40.50000000000000711, 3.000000000000000000, 21.50000000000000355 ) ) ;
#1546 =( NAMED_UNIT ( * ) SI_UNIT ( $, .STERADIAN. ) SOLID_ANGLE_UNIT ( ) );
#1547 = CIRCLE ( 'NONE', #298, 2.349999999999997868 ) ;
#1548 = EDGE_CURVE ( 'NONE', #1904, #155, #417, .T. ) ;
#1549 = CARTESIAN_POINT ( 'NONE',  ( 37.00000000000000000, 2.999999999999999112, -22.00000000000000000 ) ) ;
#1550 = VERTEX_POINT ( 'NONE', #851 ) ;
#1551 = SURFACE_STYLE_USAGE ( .BOTH. , #153 ) ;
#1552 = CARTESIAN_POINT ( 'NONE',  ( 0.000000000000000000, 0.5000000000000000000, -1.249999999999733991 ) ) ;
#1553 = ORIENTED_EDGE ( 'NONE', *, *, #1755, .F. ) ;
#1554 = CARTESIAN_POINT ( 'NONE',  ( 40.49999999999999289, 3.000000000000000000, -21.50000000000000000 ) ) ;
#1555 = DIRECTION ( 'NONE',  ( 0.000000000000000000, -1.000000000000000000, 0.000000000000000000 ) ) ;
#1556 = EDGE_LOOP ( 'NONE', ( #1976, #480, #221, #2428 ) ) ;
#1557 = EDGE_LOOP ( 'NONE', ( #1319, #1625, #199, #2336 ) ) ;
#1558 = LINE ( 'NONE', #1958, #1639 ) ;
#1559 = VECTOR ( 'NONE', #653, 1000.000000000000000 ) ;
#1560 = VECTOR ( 'NONE', #1240, 1000.000000000000000 ) ;
#1561 = EDGE_CURVE ( 'NONE', #831, #1118, #1270, .T. ) ;
#1562 = CARTESIAN_POINT ( 'NONE',  ( 40.49999999999999289, 2.000000000000000000, -21.50000000000000000 ) ) ;
#1563 = PLANE ( 'NONE',  #1100 ) ;
#1564 = EDGE_CURVE ( 'NONE', #2129, #2228, #2540, .T. ) ;
#1565 = ORIENTED_EDGE ( 'NONE', *, *, #175, .F. ) ;
#1566 = DIRECTION ( 'NONE',  ( 0.000000000000000000, 1.000000000000000000, 0.000000000000000000 ) ) ;
#1567 = AXIS2_PLACEMENT_3D ( 'NONE', #986, #25, #638 ) ;
#1568 = DIRECTION ( 'NONE',  ( 1.000000000000000000, 0.000000000000000000, -1.713307136767217096E-16 ) ) ;
#1569 = MECHANICAL_DESIGN_GEOMETRIC_PRESENTATION_REPRESENTATION (  '', ( #440 ), #2149 ) ;
#1570 = ADVANCED_FACE ( 'NONE', ( #82 ), #1088, .T. ) ;
#1571 = VERTEX_POINT ( 'NONE', #370 ) ;
#1572 = AXIS2_PLACEMENT_3D ( 'NONE', #117, #1863, #914 ) ;
#1573 = CARTESIAN_POINT ( 'NONE',  ( -41.50000000000000711, 0.000000000000000000, -22.50000000000000000 ) ) ;
#1574 = EDGE_LOOP ( 'NONE', ( #1045, #1161, #868 ) ) ;
#1575 = CARTESIAN_POINT ( 'NONE',  ( 37.00000000000000000, 2.000000000000000000, -18.00000000000000000 ) ) ;
#1576 = EDGE_CURVE ( 'NONE', #489, #2202, #1207, .T. ) ;
#1577 = CARTESIAN_POINT ( 'NONE',  ( 14.00000000000000711, 12.00000000000000000, 17.74999999999990408 ) ) ;
#1578 = DIRECTION ( 'NONE',  ( 0.000000000000000000, -1.000000000000000000, 0.000000000000000000 ) ) ;
#1579 = ORIENTED_EDGE ( 'NONE', *, *, #2473, .T. ) ;
#1580 = EDGE_LOOP ( 'NONE', ( #811, #2049, #1499, #1524 ) ) ;
#1581 = CARTESIAN_POINT ( 'NONE',  ( 41.49999999999999289, 0.5000000000000000000, -22.50000000000000000 ) ) ;
#1582 = DIRECTION ( 'NONE',  ( 0.000000000000000000, 0.000000000000000000, -1.000000000000000000 ) ) ;
#1583 = FILL_AREA_STYLE_COLOUR ( '', #769 ) ;
#1584 = FACE_OUTER_BOUND ( 'NONE', #1957, .T. ) ;
#1585 = VERTEX_POINT ( 'NONE', #1158 ) ;
#1586 = CARTESIAN_POINT ( 'NONE',  ( 40.49999999999999289, 2.000000000000000000, 21.50000000000000000 ) ) ;
#1587 = CARTESIAN_POINT ( 'NONE',  ( 0.000000000000000000, 0.5000000000000000000, 17.74999999999990408 ) ) ;
#1588 = LINE ( 'NONE', #220, #886 ) ;
#1589 = EDGE_LOOP ( 'NONE', ( #1675, #218, #780, #2166 ) ) ;
#1590 = EDGE_CURVE ( 'NONE', #619, #24, #1122, .T. ) ;
#1591 = ORIENTED_EDGE ( 'NONE', *, *, #526, .F. ) ;
#1592 = CARTESIAN_POINT ( 'NONE',  ( 45.00000000000000000, 0.000000000000000000, -26.00000000000000000 ) ) ;
#1593 = FACE_OUTER_BOUND ( 'NONE', #794, .T. ) ;
#1594 = FACE_OUTER_BOUND ( 'NONE', #1287, .T. ) ;
#1595 = ORIENTED_EDGE ( 'NONE', *, *, #1874, .T. ) ;
#1596 = VECTOR ( 'NONE', #1522, 1000.000000000000000 ) ;
#1597 = ADVANCED_FACE ( 'NONE', ( #962 ), #1955, .F. ) ;
#1598 = CIRCLE ( 'NONE', #2018, 2.499999999999998668 ) ;
#1599 = VECTOR ( 'NONE', #1738, 1000.000000000000000 ) ;
#1600 = CARTESIAN_POINT ( 'NONE',  ( -32.50000000000000711, 2.000000000000000000, 7.500000000000000000 ) ) ;
#1601 = MECHANICAL_DESIGN_GEOMETRIC_PRESENTATION_REPRESENTATION (  '', ( #2226 ), #1520 ) ;
#1602 = AXIS2_PLACEMENT_3D ( 'NONE', #2290, #2150, #328 ) ;
#1603 = EDGE_LOOP ( 'NONE', ( #1941, #1031, #1912, #152 ) ) ;
#1604 = SURFACE_SIDE_STYLE ('',( #247 ) ) ;
#1605 = LINE ( 'NONE', #2374, #1935 ) ;
#1606 = DIRECTION ( 'NONE',  ( 9.376883653928687363E-17, -0.000000000000000000, 1.000000000000000000 ) ) ;
#1607 = VERTEX_POINT ( 'NONE', #2141 ) ;
#1608 = CARTESIAN_POINT ( 'NONE',  ( -24.00000000000000000, 12.00000000000000000, -19.74999999999973355 ) ) ;
#1609 = AXIS2_PLACEMENT_3D ( 'NONE', #156, #1373, #2320 ) ;
#1610 = FACE_OUTER_BOUND ( 'NONE', #336, .T. ) ;
#1611 = CARTESIAN_POINT ( 'NONE',  ( -42.99999999999998579, 2.000000000000000000, 26.00000000000000355 ) ) ;
#1612 = EDGE_LOOP ( 'NONE', ( #1480, #91, #1956, #1229 ) ) ;
#1613 = EDGE_CURVE ( 'NONE', #1187, #1736, #2539, .T. ) ;
#1614 = VECTOR ( 'NONE', #251, 1000.000000000000000 ) ;
#1615 = CARTESIAN_POINT ( 'NONE',  ( 0.000000000000000000, 0.5000000000000000000, -19.74999999999973355 ) ) ;
#1616 = ORIENTED_EDGE ( 'NONE', *, *, #2105, .T. ) ;
#1617 = DIRECTION ( 'NONE',  ( 0.000000000000000000, -1.000000000000000000, 0.000000000000000000 ) ) ;
#1618 = CYLINDRICAL_SURFACE ( 'NONE', #2393, 1.074999999999999512 ) ;
#1619 = FACE_OUTER_BOUND ( 'NONE', #421, .T. ) ;
#1620 = EDGE_LOOP ( 'NONE', ( #1512, #587, #508, #977, #1526, #1420, #499, #2073, #1812, #1595, #2125, #585, #267, #329 ) ) ;
#1621 = VERTEX_POINT ( 'NONE', #2101 ) ;
#1622 = PLANE ( 'NONE',  #174 ) ;
#1623 = DIRECTION ( 'NONE',  ( 0.000000000000000000, 1.000000000000000000, 0.000000000000000000 ) ) ;
#1624 = DIRECTION ( 'NONE',  ( -1.000000000000000000, 0.000000000000000000, -0.000000000000000000 ) ) ;
#1625 = ORIENTED_EDGE ( 'NONE', *, *, #1444, .F. ) ;
#1626 = ADVANCED_FACE ( 'NONE', ( #166 ), #1517, .T. ) ;
#1627 = DIRECTION ( 'NONE',  ( -0.000000000000000000, -1.000000000000000000, -0.000000000000000000 ) ) ;
#1628 = CARTESIAN_POINT ( 'NONE',  ( -5.000000000000000888, 0.5000000000000000000, -19.74999999999973355 ) ) ;
#1629 = ORIENTED_EDGE ( 'NONE', *, *, #352, .F. ) ;
#1630 = FILL_AREA_STYLE_COLOUR ( '', #2187 ) ;
#1631 = CARTESIAN_POINT ( 'NONE',  ( -42.99999999999998579, 2.000000000000000000, 24.00000000000000000 ) ) ;
#1632 = CARTESIAN_POINT ( 'NONE',  ( -4.999999999999998224, 0.5000000000000000000, 4.688441826964434031E-16 ) ) ;
#1633 = ORIENTED_EDGE ( 'NONE', *, *, #1028, .T. ) ;
#1634 = EDGE_LOOP ( 'NONE', ( #547, #1293, #1747, #1289 ) ) ;
#1635 = FACE_OUTER_BOUND ( 'NONE', #2041, .T. ) ;
#1636 = FACE_OUTER_BOUND ( 'NONE', #1715, .T. ) ;
#1637 = ORIENTED_EDGE ( 'NONE', *, *, #1103, .F. ) ;
#1638 = VECTOR ( 'NONE', #2391, 1000.000000000000000 ) ;
#1639 = VECTOR ( 'NONE', #1938, 1000.000000000000000 ) ;
#1640 = EDGE_CURVE ( 'NONE', #1724, #1090, #1528, .T. ) ;
#1641 = DIRECTION ( 'NONE',  ( 0.000000000000000000, 0.000000000000000000, 1.000000000000000000 ) ) ;
#1642 = VECTOR ( 'NONE', #151, 1000.000000000000000 ) ;
#1643 = ORIENTED_EDGE ( 'NONE', *, *, #255, .T. ) ;
#1644 = CARTESIAN_POINT ( 'NONE',  ( 37.00000000000000000, 12.00000000000000000, 18.84999999999999787 ) ) ;
#1645 =( GEOMETRIC_REPRESENTATION_CONTEXT ( 3 ) GLOBAL_UNCERTAINTY_ASSIGNED_CONTEXT ( ( #289 ) ) GLOBAL_UNIT_ASSIGNED_CONTEXT ( ( #1647, #2269, #1882 ) ) REPRESENTATION_CONTEXT ( 'NONE', 'WORKASPACE' ) );
#1646 = EDGE_CURVE ( 'NONE', #359, #312, #668, .T. ) ;
#1647 =( LENGTH_UNIT ( ) NAMED_UNIT ( * ) SI_UNIT ( .MILLI., .METRE. ) );
#1648 = AXIS2_PLACEMENT_3D ( 'NONE', #397, #22, #34 ) ;
#1649 = ORIENTED_EDGE ( 'NONE', *, *, #2262, .F. ) ;
#1650 = EDGE_CURVE ( 'NONE', #182, #522, #2116, .T. ) ;
#1651 = CARTESIAN_POINT ( 'NONE',  ( 0.000000000000000000, 2.000000000000000000, 17.74999999999990408 ) ) ;
#1652 = LINE ( 'NONE', #1233, #2035 ) ;
#1653 = ORIENTED_EDGE ( 'NONE', *, *, #243, .T. ) ;
#1654 = COLOUR_RGB ( '',0.8941176470588234615, 0.8941176470588234615, 0.8941176470588234615 ) ;
#1655 = DIRECTION ( 'NONE',  ( 7.501506923143096816E-16, -0.000000000000000000, 1.000000000000000000 ) ) ;
#1656 = ORIENTED_EDGE ( 'NONE', *, *, #33, .F. ) ;
#1657 = CARTESIAN_POINT ( 'NONE',  ( -4.999999999999999112, 0.5000000000000004441, -1.249999999999733991 ) ) ;
#1658 = CARTESIAN_POINT ( 'NONE',  ( 40.49999999999999289, 2.000000000000000000, 0.000000000000000000 ) ) ;
#1659 = PRODUCT_DEFINITION_SHAPE ( 'NONE', 'NONE',  #48 ) ;
#1660 = VERTEX_POINT ( 'NONE', #2309 ) ;
#1661 = DIRECTION ( 'NONE',  ( -1.875376730785774204E-16, 0.000000000000000000, -1.000000000000000000 ) ) ;
#1662 = EDGE_CURVE ( 'NONE', #2245, #650, #1366, .T. ) ;
#1663 = SURFACE_SIDE_STYLE ('',( #1885 ) ) ;
#1664 = PLANE ( 'NONE',  #1411 ) ;
#1665 = APPLICATION_PROTOCOL_DEFINITION ( 'draft international standard', 'automotive_design', 1998, #845 ) ;
#1666 = ORIENTED_EDGE ( 'NONE', *, *, #2086, .F. ) ;
#1667 = CARTESIAN_POINT ( 'NONE',  ( -45.00000000000000000, 2.000000000000000000, -26.00000000000000000 ) ) ;
#1668 = ORIENTED_EDGE ( 'NONE', *, *, #2427, .T. ) ;
#1669 = DIRECTION ( 'NONE',  ( 0.000000000000000000, -0.000000000000000000, 1.000000000000000000 ) ) ;
#1670 = DIRECTION ( 'NONE',  ( -1.000000000000000000, 0.000000000000000000, 0.000000000000000000 ) ) ;
#1671 = ORIENTED_EDGE ( 'NONE', *, *, #2047, .F. ) ;
#1672 = CARTESIAN_POINT ( 'NONE',  ( 32.50000000000000000, 2.000000000000000000, -0.7499999999997339906 ) ) ;
#1673 = DIRECTION ( 'NONE',  ( -1.875376730785737473E-16, 0.000000000000000000, -1.000000000000000000 ) ) ;
#1674 = EDGE_CURVE ( 'NONE', #2578, #2397, #519, .T. ) ;
#1675 = ORIENTED_EDGE ( 'NONE', *, *, #297, .T. ) ;
#1676 = EDGE_CURVE ( 'NONE', #316, #2478, #2519, .T. ) ;
#1677 = CARTESIAN_POINT ( 'NONE',  ( 37.00000000000000000, 12.00000000000000000, -18.00000000000000000 ) ) ;
#1678 = ORIENTED_EDGE ( 'NONE', *, *, #352, .T. ) ;
#1679 = LINE ( 'NONE', #1510, #355 ) ;
#1680 = CIRCLE ( 'NONE', #639, 4.000000000000000000 ) ;
#1681 = LINE ( 'NONE', #1658, #119 ) ;
#1682 = ORIENTED_EDGE ( 'NONE', *, *, #2027, .T. ) ;
#1683 = LINE ( 'NONE', #2469, #520 ) ;
#1684 = STYLED_ITEM ( 'NONE', ( #802 ), #2108 ) ;
#1685 = VECTOR ( 'NONE', #2414, 1000.000000000000000 ) ;
#1686 = FACE_OUTER_BOUND ( 'NONE', #1361, .T. ) ;
#1687 = CARTESIAN_POINT ( 'NONE',  ( 14.00000000000000533, 12.00000000000000000, -1.249999999999733991 ) ) ;
#1688 = VECTOR ( 'NONE', #2042, 1000.000000000000000 ) ;
#1689 = ORIENTED_EDGE ( 'NONE', *, *, #173, .F. ) ;
#1690 = AXIS2_PLACEMENT_3D ( 'NONE', #1426, #2183, #787 ) ;
#1691 = AXIS2_PLACEMENT_3D ( 'NONE', #304, #1306, #1086 ) ;
#1692 = EDGE_CURVE ( 'NONE', #887, #1519, #1710, .T. ) ;
#1693 = AXIS2_PLACEMENT_3D ( 'NONE', #627, #659, #12 ) ;
#1694 = CARTESIAN_POINT ( 'NONE',  ( -40.50000000000000711, 3.000000000000000000, 6.535469839726577363E-15 ) ) ;
#1695 = VERTEX_POINT ( 'NONE', #318 ) ;
#1696 = SURFACE_STYLE_FILL_AREA ( #465 ) ;
#1697 = FACE_OUTER_BOUND ( 'NONE', #1580, .T. ) ;
#1698 = ORIENTED_EDGE ( 'NONE', *, *, #1428, .F. ) ;
#1699 = CARTESIAN_POINT ( 'NONE',  ( -27.50000000000001421, 3.000000000000000000, 21.50000000000000000 ) ) ;
#1700 = DIRECTION ( 'NONE',  ( 0.000000000000000000, 1.000000000000000000, 0.000000000000000000 ) ) ;
#1701 = CARTESIAN_POINT ( 'NONE',  ( 37.00000000000000000, 0.5000000000000004441, 16.50000000000000000 ) ) ;
#1702 = VERTEX_POINT ( 'NONE', #2321 ) ;
#1703 = DIRECTION ( 'NONE',  ( 9.376883653928871020E-17, -0.000000000000000000, 1.000000000000000000 ) ) ;
#1704 = EDGE_CURVE ( 'NONE', #1754, #973, #357, .T. ) ;
#1705 = VECTOR ( 'NONE', #2200, 1000.000000000000000 ) ;
#1706 = ORIENTED_EDGE ( 'NONE', *, *, #175, .T. ) ;
#1707 = CARTESIAN_POINT ( 'NONE',  ( 37.00000000000000000, 2.000000000000000000, 16.50000000000000000 ) ) ;
#1708 = ORIENTED_EDGE ( 'NONE', *, *, #2460, .T. ) ;
#1709 = CARTESIAN_POINT ( 'NONE',  ( -23.99999999999999645, 2.000000000000000000, -1.249999999999733991 ) ) ;
#1710 = LINE ( 'NONE', #1932, #204 ) ;
#1711 = CARTESIAN_POINT ( 'NONE',  ( -40.50000000000000711, 3.000000000000000000, 21.50000000000000355 ) ) ;
#1712 = ORIENTED_EDGE ( 'NONE', *, *, #660, .T. ) ;
#1713 = DIRECTION ( 'NONE',  ( 0.000000000000000000, 1.000000000000000000, 0.000000000000000000 ) ) ;
#1714 = CARTESIAN_POINT ( 'NONE',  ( -3.683610344049515549E-15, 3.000000000000000000, -21.49999999999999645 ) ) ;
#1715 = EDGE_LOOP ( 'NONE', ( #2323, #379, #108, #1689 ) ) ;
#1716 = LINE ( 'NONE', #1346, #726 ) ;
#1717 = ORIENTED_EDGE ( 'NONE', *, *, #70, .T. ) ;
#1718 = CARTESIAN_POINT ( 'NONE',  ( -23.99999999999999645, 0.5000000000000004441, -0.7499999999997339906 ) ) ;
#1719 = AXIS2_PLACEMENT_3D ( 'NONE', #2521, #750, #2130 ) ;
#1720 = EDGE_CURVE ( 'NONE', #2121, #2238, #1148, .T. ) ;
#1721 = DIRECTION ( 'NONE',  ( 0.000000000000000000, 0.000000000000000000, -1.000000000000000000 ) ) ;
#1722 = VECTOR ( 'NONE', #1137, 1000.000000000000000 ) ;
#1723 = VECTOR ( 'NONE', #2510, 1000.000000000000000 ) ;
#1724 = VERTEX_POINT ( 'NONE', #1309 ) ;
#1725 = EDGE_LOOP ( 'NONE', ( #2500, #1816, #936, #1459 ) ) ;
#1726 = ADVANCED_FACE ( 'NONE', ( #746 ), #2153, .T. ) ;
#1727 = AXIS2_PLACEMENT_3D ( 'NONE', #339, #1130, #909 ) ;
#1728 = CARTESIAN_POINT ( 'NONE',  ( 14.00000000000000533, 2.000000000000000000, -2.625527423100033596E-15 ) ) ;
#1729 =( NAMED_UNIT ( * ) SI_UNIT ( $, .STERADIAN. ) SOLID_ANGLE_UNIT ( ) );
#1730 = PLANE ( 'NONE',  #226 ) ;
#1731 = ORIENTED_EDGE ( 'NONE', *, *, #1209, .T. ) ;
#1732 = FILL_AREA_STYLE_COLOUR ( '', #1269 ) ;
#1733 = COLOUR_RGB ( '',0.1019607843137254888, 0.1019607843137254888, 0.1019607843137254888 ) ;
#1734 = VECTOR ( 'NONE', #545, 1000.000000000000000 ) ;
#1735 = DIRECTION ( 'NONE',  ( 1.000000000000000000, 0.000000000000000000, 0.000000000000000000 ) ) ;
#1736 = VERTEX_POINT ( 'NONE', #2348 ) ;
#1737 = CARTESIAN_POINT ( 'NONE',  ( 43.00000000000000000, 2.000000000000000000, -26.00000000000000000 ) ) ;
#1738 = DIRECTION ( 'NONE',  ( -0.000000000000000000, -0.000000000000000000, -1.000000000000000000 ) ) ;
#1739 = VECTOR ( 'NONE', #2459, 1000.000000000000000 ) ;
#1740 = ADVANCED_FACE ( 'NONE', ( #546 ), #1618, .F. ) ;
#1741 = ORIENTED_EDGE ( 'NONE', *, *, #2324, .T. ) ;
#1742 = AXIS2_PLACEMENT_3D ( 'NONE', #839, #994, #3 ) ;
#1743 = DIRECTION ( 'NONE',  ( 0.000000000000000000, -1.000000000000000000, 0.000000000000000000 ) ) ;
#1744 = SURFACE_STYLE_USAGE ( .BOTH. , #762 ) ;
#1745 = EDGE_CURVE ( 'NONE', #2511, #1216, #2188, .T. ) ;
#1746 = LINE ( 'NONE', #299, #1016 ) ;
#1747 = ORIENTED_EDGE ( 'NONE', *, *, #620, .F. ) ;
#1748 = DIRECTION ( 'NONE',  ( -1.000000000000000000, 0.000000000000000000, -0.000000000000000000 ) ) ;
#1749 = PLANE ( 'NONE',  #1602 ) ;
#1750 = EDGE_LOOP ( 'NONE', ( #1253, #1351 ) ) ;
#1751 = DIRECTION ( 'NONE',  ( -0.000000000000000000, 0.000000000000000000, -1.000000000000000000 ) ) ;
#1752 = DIRECTION ( 'NONE',  ( 0.000000000000000000, 0.000000000000000000, -1.000000000000000000 ) ) ;
#1753 = VERTEX_POINT ( 'NONE', #2214 ) ;
#1754 = VERTEX_POINT ( 'NONE', #596 ) ;
#1755 = EDGE_CURVE ( 'NONE', #1585, #2542, #1605, .T. ) ;
#1756 = FACE_OUTER_BOUND ( 'NONE', #502, .T. ) ;
#1757 = VECTOR ( 'NONE', #280, 1000.000000000000000 ) ;
#1758 = SURFACE_STYLE_USAGE ( .BOTH. , #1916 ) ;
#1759 = EDGE_CURVE ( 'NONE', #1187, #115, #1395, .T. ) ;
#1760 = CARTESIAN_POINT ( 'NONE',  ( -41.50000000000000711, 0.5000000000000000000, -22.50000000000000000 ) ) ;
#1761 = ORIENTED_EDGE ( 'NONE', *, *, #1263, .F. ) ;
#1762 =( NAMED_UNIT ( * ) PLANE_ANGLE_UNIT ( ) SI_UNIT ( $, .RADIAN. ) );
#1763 = CARTESIAN_POINT ( 'NONE',  ( -4.999999999999996447, 12.00000000000000000, 17.74999999999990408 ) ) ;
#1764 = ORIENTED_EDGE ( 'NONE', *, *, #1878, .F. ) ;
#1765 = CARTESIAN_POINT ( 'NONE',  ( 37.00000000000000000, 2.000000000000000000, -18.00000000000000000 ) ) ;
#1766 = CARTESIAN_POINT ( 'NONE',  ( -4.999999999999998224, 2.000000000000000000, -0.7499999999997339906 ) ) ;
#1767 = CIRCLE ( 'NONE', #2517, 8.000000000000001776 ) ;
#1768 = PRESENTATION_LAYER_ASSIGNMENT (  '', '', ( #931 ) ) ;
#1769 = EDGE_CURVE ( 'NONE', #2121, #1150, #2418, .T. ) ;
#1770 =( NAMED_UNIT ( * ) SI_UNIT ( $, .STERADIAN. ) SOLID_ANGLE_UNIT ( ) );
#1771 = DIRECTION ( 'NONE',  ( 1.515042337097648630E-16, 0.000000000000000000, 1.000000000000000000 ) ) ;
#1772 = EDGE_LOOP ( 'NONE', ( #817, #1059, #1235, #1948 ) ) ;
#1773 = LINE ( 'NONE', #179, #481 ) ;
#1774 = LINE ( 'NONE', #2565, #1162 ) ;
#1775 = ORIENTED_EDGE ( 'NONE', *, *, #1391, .T. ) ;
#1776 = ORIENTED_EDGE ( 'NONE', *, *, #2064, .F. ) ;
#1777 = CIRCLE ( 'NONE', #2474, 4.000000000000000000 ) ;
#1778 = CARTESIAN_POINT ( 'NONE',  ( -5.000000000000000888, 12.00000000000000000, -19.74999999999973355 ) ) ;
#1779 = DIRECTION ( 'NONE',  ( -0.000000000000000000, -1.000000000000000000, -0.000000000000000000 ) ) ;
#1780 = EDGE_CURVE ( 'NONE', #100, #123, #583, .T. ) ;
#1781 = CARTESIAN_POINT ( 'NONE',  ( 37.00000000000000000, 2.000000000000000000, -13.99999999999999822 ) ) ;
#1782 = VERTEX_POINT ( 'NONE', #2403 ) ;
#1783 = LINE ( 'NONE', #1796, #1560 ) ;
#1784 =( NAMED_UNIT ( * ) SI_UNIT ( $, .STERADIAN. ) SOLID_ANGLE_UNIT ( ) );
#1785 = CARTESIAN_POINT ( 'NONE',  ( 32.49999999999999289, 2.000000000000000000, 1.218994875010729241E-14 ) ) ;
#1786 = ORIENTED_EDGE ( 'NONE', *, *, #2473, .F. ) ;
#1787 = ORIENTED_EDGE ( 'NONE', *, *, #1823, .T. ) ;
#1788 = VECTOR ( 'NONE', #1555, 1000.000000000000000 ) ;
#1789 = DIRECTION ( 'NONE',  ( 1.000000000000000000, 0.000000000000000000, 0.000000000000000000 ) ) ;
#1790 = CARTESIAN_POINT ( 'NONE',  ( -29.00000000000000711, 12.00000000000000000, 19.50000000000000000 ) ) ;
#1791 = DIRECTION ( 'NONE',  ( -1.000000000000000000, 0.000000000000000000, 0.000000000000000000 ) ) ;
#1792 = ORIENTED_EDGE ( 'NONE', *, *, #1501, .T. ) ;
#1793 = LINE ( 'NONE', #2382, #2480 ) ;
#1794 =( NAMED_UNIT ( * ) SI_UNIT ( $, .STERADIAN. ) SOLID_ANGLE_UNIT ( ) );
#1795 = ORIENTED_EDGE ( 'NONE', *, *, #1173, .F. ) ;
#1796 = CARTESIAN_POINT ( 'NONE',  ( -41.50000000000000711, 0.5000000000000000000, -22.50000000000000000 ) ) ;
#1797 = UNCERTAINTY_MEASURE_WITH_UNIT (LENGTH_MEASURE( 1.000000000000000082E-05 ), #176, 'distance_accuracy_value', 'NONE');
#1798 = PLANE ( 'NONE',  #1248 ) ;
#1799 = DIRECTION ( 'NONE',  ( 0.000000000000000000, 0.000000000000000000, -1.000000000000000000 ) ) ;
#1800 = ORIENTED_EDGE ( 'NONE', *, *, #491, .F. ) ;
#1801 = ADVANCED_FACE ( 'NONE', ( #378 ), #976, .T. ) ;
#1802 = VECTOR ( 'NONE', #240, 1000.000000000000000 ) ;
#1803 = FILL_AREA_STYLE_COLOUR ( '', #922 ) ;
#1804 = CARTESIAN_POINT ( 'NONE',  ( 9.209025860123792818E-16, 3.000000000000000000, 21.50000000000000000 ) ) ;
#1805 = CARTESIAN_POINT ( 'NONE',  ( -4.999999999999996447, 12.00000000000000000, 17.74999999999990408 ) ) ;
#1806 = VERTEX_POINT ( 'NONE', #180 ) ;
#1807 = VECTOR ( 'NONE', #523, 1000.000000000000000 ) ;
#1808 = VECTOR ( 'NONE', #1456, 1000.000000000000000 ) ;
#1809 = LINE ( 'NONE', #2003, #183 ) ;
#1810 = VECTOR ( 'NONE', #971, 1000.000000000000000 ) ;
#1811 = CARTESIAN_POINT ( 'NONE',  ( 45.00000000000000000, 2.000000000000000000, 24.00000000000000355 ) ) ;
#1812 = ORIENTED_EDGE ( 'NONE', *, *, #1147, .T. ) ;
#1813 = CARTESIAN_POINT ( 'NONE',  ( -41.50000000000000000, 0.5000000000000000000, 22.50000000000000000 ) ) ;
#1814 = DIRECTION ( 'NONE',  ( 0.000000000000000000, -1.000000000000000000, 0.000000000000000000 ) ) ;
#1815 = DIRECTION ( 'NONE',  ( 0.000000000000000000, 0.000000000000000000, -1.000000000000000000 ) ) ;
#1816 = ORIENTED_EDGE ( 'NONE', *, *, #2413, .T. ) ;
#1817 = AXIS2_PLACEMENT_3D ( 'NONE', #1842, #1211, #1416 ) ;
#1818 = DIRECTION ( 'NONE',  ( 0.000000000000000000, 0.000000000000000000, 1.000000000000000000 ) ) ;
#1819 = DIRECTION ( 'NONE',  ( -0.000000000000000000, -1.000000000000000000, -0.000000000000000000 ) ) ;
#1820 = CARTESIAN_POINT ( 'NONE',  ( -24.00000000000000000, 0.5000000000000004441, -19.74999999999973355 ) ) ;
#1821 = EDGE_CURVE ( 'NONE', #203, #147, #1774, .T. ) ;
#1822 = ORIENTED_EDGE ( 'NONE', *, *, #1576, .F. ) ;
#1823 = EDGE_CURVE ( 'NONE', #1550, #367, #782, .T. ) ;
#1824 = CARTESIAN_POINT ( 'NONE',  ( 32.49999999999999289, 0.5000000000000000000, 1.218994875010729241E-14 ) ) ;
#1825 = VECTOR ( 'NONE', #2000, 1000.000000000000000 ) ;
#1826 = LINE ( 'NONE', #285, #1853 ) ;
#1827 = EDGE_LOOP ( 'NONE', ( #193, #1953, #350, #1591 ) ) ;
#1828 = LINE ( 'NONE', #37, #890 ) ;
#1829 =( NAMED_UNIT ( * ) PLANE_ANGLE_UNIT ( ) SI_UNIT ( $, .RADIAN. ) );
#1830 = CARTESIAN_POINT ( 'NONE',  ( -5.499999999999997335, 0.5000000000000004441, 17.74999999999990408 ) ) ;
#1831 = EDGE_LOOP ( 'NONE', ( #1376, #1666, #1678, #715 ) ) ;
#1832 = CARTESIAN_POINT ( 'NONE',  ( 41.89999999999999147, 2.000000000000000000, 22.89999999999999858 ) ) ;
#1833 = SURFACE_STYLE_USAGE ( .BOTH. , #1998 ) ;
#1834 = DIRECTION ( 'NONE',  ( 0.000000000000000000, 0.000000000000000000, 1.000000000000000000 ) ) ;
#1835 = DIRECTION ( 'NONE',  ( 0.000000000000000000, -1.000000000000000000, 0.000000000000000000 ) ) ;
#1836 = AXIS2_PLACEMENT_3D ( 'NONE', #1631, #1170, #2163 ) ;
#1837 = ORIENTED_EDGE ( 'NONE', *, *, #557, .F. ) ;
#1838 = EDGE_CURVE ( 'NONE', #1281, #1550, #791, .T. ) ;
#1839 = EDGE_CURVE ( 'NONE', #2453, #1090, #987, .T. ) ;
#1840 = CARTESIAN_POINT ( 'NONE',  ( -40.50000000000000711, 2.000000000000000000, 6.535469839726577363E-15 ) ) ;
#1841 = EDGE_LOOP ( 'NONE', ( #332, #941, #1507, #47, #528, #1020, #2231, #1026 ) ) ;
#1842 = CARTESIAN_POINT ( 'NONE',  ( 45.00000000000000000, 2.000000000000000000, -26.00000000000000000 ) ) ;
#1843 = ADVANCED_FACE ( 'NONE', ( #402, #1002 ), #1798, .T. ) ;
#1844 = FACE_OUTER_BOUND ( 'NONE', #1772, .T. ) ;
#1845 = EDGE_LOOP ( 'NONE', ( #719, #2256, #1776, #736 ) ) ;
#1846 = FACE_BOUND ( 'NONE', #2486, .T. ) ;
#1847 = DIRECTION ( 'NONE',  ( 0.000000000000000000, 1.000000000000000000, 0.000000000000000000 ) ) ;
#1848 = DIRECTION ( 'NONE',  ( -0.000000000000000000, -1.000000000000000000, -0.000000000000000000 ) ) ;
#1849 = DIRECTION ( 'NONE',  ( 0.000000000000000000, -1.000000000000000000, 0.000000000000000000 ) ) ;
#1850 = VERTEX_POINT ( 'NONE', #696 ) ;
#1851 = AXIS2_PLACEMENT_3D ( 'NONE', #2009, #286, #1081 ) ;
#1852 = CARTESIAN_POINT ( 'NONE',  ( -42.99999999999998579, 2.000000000000000000, 24.00000000000000000 ) ) ;
#1853 = VECTOR ( 'NONE', #878, 1000.000000000000000 ) ;
#1854 = VECTOR ( 'NONE', #2364, 1000.000000000000000 ) ;
#1855 = EDGE_CURVE ( 'NONE', #522, #1503, #1681, .T. ) ;
#1856 = ORIENTED_EDGE ( 'NONE', *, *, #605, .F. ) ;
#1857 = DIRECTION ( 'NONE',  ( 0.000000000000000000, -1.000000000000000000, 0.000000000000000000 ) ) ;
#1858 = VECTOR ( 'NONE', #1857, 1000.000000000000000 ) ;
#1859 = CARTESIAN_POINT ( 'NONE',  ( 32.49999999999999289, 12.00000000000000000, -1.249999999999733991 ) ) ;
#1860 = EDGE_LOOP ( 'NONE', ( #2415, #1656, #692, #36 ) ) ;
#1861 = DIRECTION ( 'NONE',  ( -0.000000000000000000, 0.000000000000000000, 1.000000000000000000 ) ) ;
#1862 = CARTESIAN_POINT ( 'NONE',  ( 37.00000000000000000, 0.5000000000000004441, -20.34999999999999787 ) ) ;
#1863 = DIRECTION ( 'NONE',  ( -0.000000000000000000, -1.000000000000000000, -0.000000000000000000 ) ) ;
#1864 = ORIENTED_EDGE ( 'NONE', *, *, #717, .F. ) ;
#1865 = VECTOR ( 'NONE', #2529, 1000.000000000000000 ) ;
#1866 = AXIS2_PLACEMENT_3D ( 'NONE', #826, #1623, #1024 ) ;
#1867 = CARTESIAN_POINT ( 'NONE',  ( -29.00000000000000711, 12.00000000000000000, 22.00000000000000000 ) ) ;
#1868 = ORIENTED_EDGE ( 'NONE', *, *, #694, .F. ) ;
#1869 = EDGE_CURVE ( 'NONE', #1782, #1441, #2280, .T. ) ;
#1870 = DIRECTION ( 'NONE',  ( -9.376883653928871020E-17, 0.000000000000000000, -1.000000000000000000 ) ) ;
#1871 = VECTOR ( 'NONE', #18, 1000.000000000000000 ) ;
#1872 = EDGE_LOOP ( 'NONE', ( #2456, #2299, #789, #1464 ) ) ;
#1873 = DIRECTION ( 'NONE',  ( 0.000000000000000000, 0.000000000000000000, -1.000000000000000000 ) ) ;
#1874 = EDGE_CURVE ( 'NONE', #1476, #1904, #1241, .T. ) ;
#1875 = DIRECTION ( 'NONE',  ( -1.515042337097648383E-16, 0.000000000000000000, -1.000000000000000000 ) ) ;
#1876 = PRODUCT_CONTEXT ( 'NONE', #2016, 'mechanical' ) ;
#1877 = ORIENTED_EDGE ( 'NONE', *, *, #2518, .T. ) ;
#1878 = EDGE_CURVE ( 'NONE', #2046, #415, #667, .T. ) ;
#1879 = LINE ( 'NONE', #46, #1933 ) ;
#1880 = ORIENTED_EDGE ( 'NONE', *, *, #526, .T. ) ;
#1881 = LINE ( 'NONE', #258, #2398 ) ;
#1882 =( NAMED_UNIT ( * ) SI_UNIT ( $, .STERADIAN. ) SOLID_ANGLE_UNIT ( ) );
#1883 = VECTOR ( 'NONE', #661, 1000.000000000000000 ) ;
#1884 = ORIENTED_EDGE ( 'NONE', *, *, #224, .T. ) ;
#1885 = SURFACE_STYLE_FILL_AREA ( #1077 ) ;
#1886 = LINE ( 'NONE', #2248, #1516 ) ;
#1887 = EDGE_CURVE ( 'NONE', #1724, #729, #2255, .T. ) ;
#1888 = ORIENTED_EDGE ( 'NONE', *, *, #173, .T. ) ;
#1889 = DIRECTION ( 'NONE',  ( -1.000000000000000000, 0.000000000000000000, 7.501506923143096816E-16 ) ) ;
#1890 = EDGE_LOOP ( 'NONE', ( #1934, #1171, #1761, #855 ) ) ;
#1891 = DIRECTION ( 'NONE',  ( 0.000000000000000000, 0.000000000000000000, -1.000000000000000000 ) ) ;
#1892 = CIRCLE ( 'NONE', #688, 2.000000000000001776 ) ;
#1893 = CARTESIAN_POINT ( 'NONE',  ( 0.000000000000000000, 3.000000000000000000, 22.89999999999999858 ) ) ;
#1894 = ORIENTED_EDGE ( 'NONE', *, *, #694, .T. ) ;
#1895 = CARTESIAN_POINT ( 'NONE',  ( 40.49999999999999289, 2.999999999999999112, 18.43649167310371340 ) ) ;
#1896 = VECTOR ( 'NONE', #622, 1000.000000000000000 ) ;
#1897 = CIRCLE ( 'NONE', #651, 2.349999999999997868 ) ;
#1898 = DIRECTION ( 'NONE',  ( 1.613696256722611405E-16, 0.000000000000000000, 1.000000000000000000 ) ) ;
#1899 = LINE ( 'NONE', #484, #1739 ) ;
#1900 = ORIENTED_EDGE ( 'NONE', *, *, #243, .F. ) ;
#1901 = ADVANCED_FACE ( 'NONE', ( #2430 ), #2467, .T. ) ;
#1902 = AXIS2_PLACEMENT_3D ( 'NONE', #1169, #2171, #1751 ) ;
#1903 = CARTESIAN_POINT ( 'NONE',  ( 0.000000000000000000, 3.000000000000000000, -22.89999999999999858 ) ) ;
#1904 = VERTEX_POINT ( 'NONE', #2455 ) ;
#1905 = SURFACE_SIDE_STYLE ('',( #1696 ) ) ;
#1906 = AXIS2_PLACEMENT_3D ( 'NONE', #2044, #2394, #1050 ) ;
#1907 = FILL_AREA_STYLE_COLOUR ( '', #2264 ) ;
#1908 = EDGE_LOOP ( 'NONE', ( #1403, #434, #772, #2468 ) ) ;
#1909 = FILL_AREA_STYLE ('',( #1267 ) ) ;
#1910 = CARTESIAN_POINT ( 'NONE',  ( -41.50000000000000000, 0.5000000000000000000, 22.50000000000000000 ) ) ;
#1911 = DIRECTION ( 'NONE',  ( 0.000000000000000000, 1.000000000000000000, 0.000000000000000000 ) ) ;
#1912 = ORIENTED_EDGE ( 'NONE', *, *, #1951, .T. ) ;
#1913 = CARTESIAN_POINT ( 'NONE',  ( 32.50000000000000000, 12.00000000000000000, -0.7499999999997339906 ) ) ;
#1914 = ORIENTED_EDGE ( 'NONE', *, *, #2427, .F. ) ;
#1915 = ADVANCED_FACE ( 'NONE', ( #881 ), #78, .T. ) ;
#1916 = SURFACE_SIDE_STYLE ('',( #2301 ) ) ;
#1917 = AXIS2_PLACEMENT_3D ( 'NONE', #116, #2506, #732 ) ;
#1918 = EDGE_LOOP ( 'NONE', ( #2365, #1668, #2055, #581 ) ) ;
#1919 = EDGE_CURVE ( 'NONE', #1151, #925, #1767, .T. ) ;
#1920 = CARTESIAN_POINT ( 'NONE',  ( -44.99999999999998579, 0.000000000000000000, 24.00000000000000355 ) ) ;
#1921 = CARTESIAN_POINT ( 'NONE',  ( 41.89999999999999147, 2.000000000000000000, 6.348027392439145698E-15 ) ) ;
#1922 = ORIENTED_EDGE ( 'NONE', *, *, #1919, .T. ) ;
#1923 = ORIENTED_EDGE ( 'NONE', *, *, #1692, .T. ) ;
#1924 = DIRECTION ( 'NONE',  ( 0.000000000000000000, -0.000000000000000000, 1.000000000000000000 ) ) ;
#1925 = DIRECTION ( 'NONE',  ( 1.000000000000000000, 0.000000000000000000, -0.000000000000000000 ) ) ;
#1926 = EDGE_LOOP ( 'NONE', ( #760, #1509, #963, #1222 ) ) ;
#1927 = EDGE_CURVE ( 'NONE', #1782, #2022, #656, .T. ) ;
#1928 = LINE ( 'NONE', #2332, #599 ) ;
#1929 = ORIENTED_EDGE ( 'NONE', *, *, #2417, .T. ) ;
#1930 = VECTOR ( 'NONE', #2555, 1000.000000000000000 ) ;
#1931 = EDGE_CURVE ( 'NONE', #158, #1079, #291, .T. ) ;
#1932 = CARTESIAN_POINT ( 'NONE',  ( 9.209025860123792818E-16, 2.000000000000000000, 21.50000000000000000 ) ) ;
#1933 = VECTOR ( 'NONE', #2452, 1000.000000000000000 ) ;
#1934 = ORIENTED_EDGE ( 'NONE', *, *, #450, .T. ) ;
#1935 = VECTOR ( 'NONE', #1992, 1000.000000000000000 ) ;
#1936 = EDGE_LOOP ( 'NONE', ( #131, #1822, #1653, #1706, #2216, #371 ) ) ;
#1937 = AXIS2_PLACEMENT_3D ( 'NONE', #949, #554, #1358 ) ;
#1938 = DIRECTION ( 'NONE',  ( 0.000000000000000000, -1.000000000000000000, 0.000000000000000000 ) ) ;
#1939 = FACE_OUTER_BOUND ( 'NONE', #1936, .T. ) ;
#1940 = CARTESIAN_POINT ( 'NONE',  ( -40.50000000000000711, 2.000000000000000000, 6.535469839726577363E-15 ) ) ;
#1941 = ORIENTED_EDGE ( 'NONE', *, *, #2036, .F. ) ;
#1942 =( NAMED_UNIT ( * ) PLANE_ANGLE_UNIT ( ) SI_UNIT ( $, .RADIAN. ) );
#1943 = CIRCLE ( 'NONE', #2313, 4.000000000000000000 ) ;
#1944 = CARTESIAN_POINT ( 'NONE',  ( 13.50000000000000355, 0.5000000000000004441, -1.249999999999733991 ) ) ;
#1945 = ORIENTED_EDGE ( 'NONE', *, *, #1312, .F. ) ;
#1946 = EDGE_CURVE ( 'NONE', #155, #467, #1252, .T. ) ;
#1947 = CARTESIAN_POINT ( 'NONE',  ( -5.000000000000000888, 12.00000000000000000, -19.74999999999973355 ) ) ;
#1948 = ORIENTED_EDGE ( 'NONE', *, *, #984, .T. ) ;
#1949 = ORIENTED_EDGE ( 'NONE', *, *, #2277, .F. ) ;
#1950 = DIRECTION ( 'NONE',  ( 0.000000000000000000, -0.000000000000000000, 1.000000000000000000 ) ) ;
#1951 = EDGE_CURVE ( 'NONE', #1607, #522, #869, .T. ) ;
#1952 = FACE_OUTER_BOUND ( 'NONE', #136, .T. ) ;
#1953 = ORIENTED_EDGE ( 'NONE', *, *, #307, .T. ) ;
#1954 = DIRECTION ( 'NONE',  ( -0.000000000000000000, -1.000000000000000000, -0.000000000000000000 ) ) ;
#1955 = CYLINDRICAL_SURFACE ( 'NONE', #334, 2.349999999999997868 ) ;
#1956 = ORIENTED_EDGE ( 'NONE', *, *, #210, .T. ) ;
#1957 = EDGE_LOOP ( 'NONE', ( #558, #44, #1135, #1616 ) ) ;
#1958 = CARTESIAN_POINT ( 'NONE',  ( -23.99999999999999645, 12.00000000000000000, -0.7499999999997339906 ) ) ;
#1959 = LINE ( 'NONE', #172, #658 ) ;
#1960 = ADVANCED_FACE ( 'NONE', ( #1844 ), #492, .T. ) ;
#1961 = CARTESIAN_POINT ( 'NONE',  ( -45.00000000000000000, 0.000000000000000000, -26.00000000000000000 ) ) ;
#1962 = FILL_AREA_STYLE_COLOUR ( '', #1178 ) ;
#1963 = ORIENTED_EDGE ( 'NONE', *, *, #2234, .F. ) ;
#1964 = CARTESIAN_POINT ( 'NONE',  ( -40.50000000000000711, 3.000000000000000000, -21.49999999999999289 ) ) ;
#1965 =( LENGTH_UNIT ( ) NAMED_UNIT ( * ) SI_UNIT ( .MILLI., .METRE. ) );
#1966 = ORIENTED_EDGE ( 'NONE', *, *, #989, .T. ) ;
#1967 = VECTOR ( 'NONE', #403, 1000.000000000000000 ) ;
#1968 = LINE ( 'NONE', #1573, #1807 ) ;
#1969 = AXIS2_PLACEMENT_3D ( 'NONE', #2441, #2263, #2048 ) ;
#1970 = DIRECTION ( 'NONE',  ( 0.000000000000000000, 1.000000000000000000, 0.000000000000000000 ) ) ;
#1971 = STYLED_ITEM ( 'NONE', ( #2040 ), #1972 ) ;
#1972 = ADVANCED_FACE ( 'NONE', ( #2230 ), #1292, .T. ) ;
#1973 = VECTOR ( 'NONE', #1382, 1000.000000000000000 ) ;
#1974 = PLANE ( 'NONE',  #1690 ) ;
#1975 = FACE_OUTER_BOUND ( 'NONE', #948, .T. ) ;
#1976 = ORIENTED_EDGE ( 'NONE', *, *, #2488, .T. ) ;
#1977 = SURFACE_STYLE_FILL_AREA ( #1385 ) ;
#1978 = SURFACE_STYLE_FILL_AREA ( #808 ) ;
#1979 = DIRECTION ( 'NONE',  ( -1.000000000000000000, 0.000000000000000000, -0.000000000000000000 ) ) ;
#1980 = ORIENTED_EDGE ( 'NONE', *, *, #148, .T. ) ;
#1981 = ORIENTED_EDGE ( 'NONE', *, *, #369, .T. ) ;
#1982 = MECHANICAL_DESIGN_GEOMETRIC_PRESENTATION_REPRESENTATION (  '', ( #525 ), #1194 ) ;
#1983 = CARTESIAN_POINT ( 'NONE',  ( -5.499999999999997335, 12.00000000000000000, 17.74999999999990408 ) ) ;
#1984 = CARTESIAN_POINT ( 'NONE',  ( 41.49999999999998579, 0.5000000000000000000, 22.50000000000000000 ) ) ;
#1985 = DIRECTION ( 'NONE',  ( 0.000000000000000000, 0.000000000000000000, -1.000000000000000000 ) ) ;
#1986 = EDGE_LOOP ( 'NONE', ( #866, #1184, #1633, #1792 ) ) ;
#1987 = AXIS2_PLACEMENT_3D ( 'NONE', #2015, #798, #815 ) ;
#1988 = CYLINDRICAL_SURFACE ( 'NONE', #1015, 2.000000000000001776 ) ;
#1989 = EDGE_CURVE ( 'NONE', #95, #1753, #920, .T. ) ;
#1990 = ORIENTED_EDGE ( 'NONE', *, *, #937, .F. ) ;
#1991 = CARTESIAN_POINT ( 'NONE',  ( 13.49999999999999822, 12.00000000000000000, -19.74999999999973355 ) ) ;
#1992 = DIRECTION ( 'NONE',  ( -0.000000000000000000, -1.000000000000000000, -0.000000000000000000 ) ) ;
#1993 = CARTESIAN_POINT ( 'NONE',  ( -29.00000000000000711, 2.000000000000000000, 19.50000000000000000 ) ) ;
#1994 = ADVANCED_FACE ( 'NONE', ( #1952 ), #2124, .T. ) ;
#1995 = ORIENTED_EDGE ( 'NONE', *, *, #322, .F. ) ;
#1996 =( NAMED_UNIT ( * ) SI_UNIT ( $, .STERADIAN. ) SOLID_ANGLE_UNIT ( ) );
#1997 = VECTOR ( 'NONE', #924, 1000.000000000000000 ) ;
#1998 = SURFACE_SIDE_STYLE ('',( #2030 ) ) ;
#1999 = DIRECTION ( 'NONE',  ( 0.000000000000000000, 0.000000000000000000, 1.000000000000000000 ) ) ;
#2000 = DIRECTION ( 'NONE',  ( 0.000000000000000000, -0.000000000000000000, 1.000000000000000000 ) ) ;
#2001 = VERTEX_POINT ( 'NONE', #2342 ) ;
#2002 = VECTOR ( 'NONE', #92, 1000.000000000000000 ) ;
#2003 = CARTESIAN_POINT ( 'NONE',  ( 13.50000000000000355, 12.00000000000000000, -1.249999999999733991 ) ) ;
#2004 = PLANE ( 'NONE',  #473 ) ;
#2005 = ORIENTED_EDGE ( 'NONE', *, *, #383, .T. ) ;
#2006 =( NAMED_UNIT ( * ) PLANE_ANGLE_UNIT ( ) SI_UNIT ( $, .RADIAN. ) );
#2007 = EDGE_CURVE ( 'NONE', #1298, #1904, #501, .T. ) ;
#2008 = DIRECTION ( 'NONE',  ( 0.000000000000000000, -1.000000000000000000, 0.000000000000000000 ) ) ;
#2009 = CARTESIAN_POINT ( 'NONE',  ( 32.50000000000000000, 12.00000000000000000, -19.74999999999973355 ) ) ;
#2010 = ORIENTED_EDGE ( 'NONE', *, *, #1919, .F. ) ;
#2011 = DIRECTION ( 'NONE',  ( -0.000000000000000000, -1.000000000000000000, -0.000000000000000000 ) ) ;
#2012 = VECTOR ( 'NONE', #2193, 1000.000000000000000 ) ;
#2013 = LINE ( 'NONE', #2176, #634 ) ;
#2014 = CARTESIAN_POINT ( 'NONE',  ( 37.00000000000000000, 12.00000000000000000, -18.00000000000000000 ) ) ;
#2015 = CARTESIAN_POINT ( 'NONE',  ( 37.00000000000000000, 12.00000000000000000, -18.00000000000000000 ) ) ;
#2016 = APPLICATION_CONTEXT ( 'automotive_design' ) ;
#2017 = ORIENTED_EDGE ( 'NONE', *, *, #1312, .T. ) ;
#2018 = AXIS2_PLACEMENT_3D ( 'NONE', #1068, #2071, #1641 ) ;
#2019 = LINE ( 'NONE', #1615, #1356 ) ;
#2020 = CIRCLE ( 'NONE', #1648, 2.499999999999998668 ) ;
#2021 = PRESENTATION_STYLE_ASSIGNMENT (( #2211 ) ) ;
#2022 = VERTEX_POINT ( 'NONE', #2503 ) ;
#2023 = CARTESIAN_POINT ( 'NONE',  ( -41.89999999999999858, 2.000000000000000000, 6.348027392439147276E-15 ) ) ;
#2024 = DIRECTION ( 'NONE',  ( -0.000000000000000000, 1.000000000000000000, -0.000000000000000000 ) ) ;
#2025 = ORIENTED_EDGE ( 'NONE', *, *, #255, .F. ) ;
#2026 = CIRCLE ( 'NONE', #1567, 4.000000000000000000 ) ;
#2027 = EDGE_CURVE ( 'NONE', #1298, #531, #2307, .T. ) ;
#2028 = SURFACE_STYLE_USAGE ( .BOTH. , #2433 ) ;
#2029 = PRESENTATION_LAYER_ASSIGNMENT (  '', '', ( #440 ) ) ;
#2030 = SURFACE_STYLE_FILL_AREA ( #1038 ) ;
#2031 = PLANE ( 'NONE',  #2362 ) ;
#2032 = FACE_BOUND ( 'NONE', #1620, .T. ) ;
#2033 = ADVANCED_FACE ( 'NONE', ( #125 ), #1539, .T. ) ;
#2034 = ORIENTED_EDGE ( 'NONE', *, *, #1218, .T. ) ;
#2035 = VECTOR ( 'NONE', #2448, 1000.000000000000000 ) ;
#2036 = EDGE_CURVE ( 'NONE', #1109, #182, #1320, .T. ) ;
#2037 = FACE_OUTER_BOUND ( 'NONE', #1612, .T. ) ;
#2038 = VERTEX_POINT ( 'NONE', #1144 ) ;
#2039 = CARTESIAN_POINT ( 'NONE',  ( 14.00000000000000533, 12.00000000000000000, -1.249999999999733991 ) ) ;
#2040 = PRESENTATION_STYLE_ASSIGNMENT (( #895 ) ) ;
#2041 = EDGE_LOOP ( 'NONE', ( #2572, #1923, #127, #2063 ) ) ;
#2042 = DIRECTION ( 'NONE',  ( -1.000000000000000000, 0.000000000000000000, 4.283267841918043357E-17 ) ) ;
#2043 = CARTESIAN_POINT ( 'NONE',  ( 40.49999999999999289, 2.000000000000000000, -19.93649167310371340 ) ) ;
#2044 = CARTESIAN_POINT ( 'NONE',  ( 0.000000000000000000, 2.000000000000000000, 0.000000000000000000 ) ) ;
#2045 =( NAMED_UNIT ( * ) SI_UNIT ( $, .STERADIAN. ) SOLID_ANGLE_UNIT ( ) );
#2046 = VERTEX_POINT ( 'NONE', #1944 ) ;
#2047 = EDGE_CURVE ( 'NONE', #2038, #146, #1716, .T. ) ;
#2048 = DIRECTION ( 'NONE',  ( 0.000000000000000000, 0.000000000000000000, -1.000000000000000000 ) ) ;
#2049 = ORIENTED_EDGE ( 'NONE', *, *, #2502, .F. ) ;
#2050 = CARTESIAN_POINT ( 'NONE',  ( -5.500000000000000000, 2.000000000000000000, -1.249999999999733991 ) ) ;
#2051 = CARTESIAN_POINT ( 'NONE',  ( 40.49999999999999289, 3.000000000000000000, 0.000000000000000000 ) ) ;
#2052 = ORIENTED_EDGE ( 'NONE', *, *, #2293, .F. ) ;
#2053 = DIRECTION ( 'NONE',  ( -1.875376730785737473E-16, 0.000000000000000000, -1.000000000000000000 ) ) ;
#2054 = LINE ( 'NONE', #1064, #2564 ) ;
#2055 = ORIENTED_EDGE ( 'NONE', *, *, #2249, .T. ) ;
#2056 = EDGE_CURVE ( 'NONE', #978, #1544, #714, .T. ) ;
#2057 = CIRCLE ( 'NONE', #2436, 2.349999999999997868 ) ;
#2058 = DIRECTION ( 'NONE',  ( 2.813065096178606086E-16, 0.000000000000000000, 1.000000000000000000 ) ) ;
#2059 = CIRCLE ( 'NONE', #2143, 2.000000000000001776 ) ;
#2060 = ORIENTED_EDGE ( 'NONE', *, *, #2463, .F. ) ;
#2061 = PLANE ( 'NONE',  #1482 ) ;
#2062 = DIRECTION ( 'NONE',  ( -0.000000000000000000, -1.000000000000000000, -0.000000000000000000 ) ) ;
#2063 = ORIENTED_EDGE ( 'NONE', *, *, #1704, .F. ) ;
#2064 = EDGE_CURVE ( 'NONE', #729, #2185, #1332, .T. ) ;
#2065 = DIRECTION ( 'NONE',  ( -1.000000000000000000, 0.000000000000000000, 1.613696256722611405E-16 ) ) ;
#2066 = CARTESIAN_POINT ( 'NONE',  ( 37.00000000000000000, 2.000000000000000000, 16.50000000000000000 ) ) ;
#2067 = DIRECTION ( 'NONE',  ( 1.000000000000000000, 0.000000000000000000, 0.000000000000000000 ) ) ;
#2068 = ORIENTED_EDGE ( 'NONE', *, *, #1381, .F. ) ;
#2069 = VECTOR ( 'NONE', #757, 1000.000000000000000 ) ;
#2070 = AXIS2_PLACEMENT_3D ( 'NONE', #537, #2367, #1582 ) ;
#2071 = DIRECTION ( 'NONE',  ( 0.000000000000000000, 1.000000000000000000, 0.000000000000000000 ) ) ;
#2072 = PLANE ( 'NONE',  #1851 ) ;
#2073 = ORIENTED_EDGE ( 'NONE', *, *, #795, .T. ) ;
#2074 = EDGE_CURVE ( 'NONE', #1753, #1537, #1271, .T. ) ;
#2075 = ORIENTED_EDGE ( 'NONE', *, *, #1646, .T. ) ;
#2076 = DIRECTION ( 'NONE',  ( 0.000000000000000000, 0.000000000000000000, -1.000000000000000000 ) ) ;
#2077 = CARTESIAN_POINT ( 'NONE',  ( -5.500000000000001776, 12.00000000000000000, -19.74999999999973355 ) ) ;
#2078 = ORIENTED_EDGE ( 'NONE', *, *, #272, .T. ) ;
#2079 = CARTESIAN_POINT ( 'NONE',  ( 37.00000000000000000, 12.00000000000000000, 20.50000000000000000 ) ) ;
#2080 = ORIENTED_EDGE ( 'NONE', *, *, #148, .F. ) ;
#2081 = DIRECTION ( 'NONE',  ( 0.000000000000000000, -1.000000000000000000, 0.000000000000000000 ) ) ;
#2082 = DIRECTION ( 'NONE',  ( 1.000000000000000000, 0.000000000000000000, -0.000000000000000000 ) ) ;
#2083 = STYLED_ITEM ( 'NONE', ( #2458 ), #1570 ) ;
#2084 = ORIENTED_EDGE ( 'NONE', *, *, #2373, .T. ) ;
#2085 = DIRECTION ( 'NONE',  ( 0.000000000000000000, 1.000000000000000000, 0.000000000000000000 ) ) ;
#2086 = EDGE_CURVE ( 'NONE', #391, #1702, #1928, .T. ) ;
#2087 = CARTESIAN_POINT ( 'NONE',  ( 40.49999999999999289, 2.999999999999999112, -16.06350832689628660 ) ) ;
#2088 = CARTESIAN_POINT ( 'NONE',  ( 45.00000000000000000, 0.000000000000000000, -24.00000000000000000 ) ) ;
#2089 = ORIENTED_EDGE ( 'NONE', *, *, #1490, .T. ) ;
#2090 = EDGE_CURVE ( 'NONE', #140, #2490, #2303, .T. ) ;
#2091 = AXIS2_PLACEMENT_3D ( 'NONE', #196, #992, #1789 ) ;
#2092 = CARTESIAN_POINT ( 'NONE',  ( 13.50000000000000355, 0.5000000000000004441, 17.74999999999990408 ) ) ;
#2093 = ORIENTED_EDGE ( 'NONE', *, *, #2463, .T. ) ;
#2094 = DIRECTION ( 'NONE',  ( 0.000000000000000000, -1.000000000000000000, 0.000000000000000000 ) ) ;
#2095 = MECHANICAL_DESIGN_GEOMETRIC_PRESENTATION_REPRESENTATION (  '', ( #1684 ), #351 ) ;
#2096 = FACE_OUTER_BOUND ( 'NONE', #666, .T. ) ;
#2097 = ORIENTED_EDGE ( 'NONE', *, *, #2047, .T. ) ;
#2098 = CARTESIAN_POINT ( 'NONE',  ( -23.99999999999999645, 12.00000000000000000, -1.249999999999733991 ) ) ;
#2099 = PRESENTATION_LAYER_ASSIGNMENT (  '', '', ( #1971 ) ) ;
#2100 = AXIS2_PLACEMENT_3D ( 'NONE', #2501, #2288, #1669 ) ;
#2101 = CARTESIAN_POINT ( 'NONE',  ( -5.499999999999998224, 0.5000000000000000000, -0.7499999999997339906 ) ) ;
#2102 = CARTESIAN_POINT ( 'NONE',  ( 13.50000000000000178, 12.00000000000000000, -0.7499999999997339906 ) ) ;
#2103 = ADVANCED_FACE ( 'NONE', ( #1697 ), #1749, .T. ) ;
#2104 = EDGE_LOOP ( 'NONE', ( #626, #2078, #1347, #1894 ) ) ;
#2105 = EDGE_CURVE ( 'NONE', #1476, #2228, #1502, .T. ) ;
#2106 = VECTOR ( 'NONE', #2371, 1000.000000000000000 ) ;
#2107 = MECHANICAL_DESIGN_GEOMETRIC_PRESENTATION_REPRESENTATION (  '', ( #2357 ), #2487 ) ;
#2108 = ADVANCED_FACE ( 'NONE', ( #2096 ), #315, .T. ) ;
#2109 = FACE_OUTER_BOUND ( 'NONE', #1131, .T. ) ;
#2110 = ORIENTED_EDGE ( 'NONE', *, *, #1838, .T. ) ;
#2111 = CARTESIAN_POINT ( 'NONE',  ( -40.50000000000000711, 3.000000000000000000, -21.49999999999999289 ) ) ;
#2112 = CIRCLE ( 'NONE', #323, 8.000000000000001776 ) ;
#2113 = DIRECTION ( 'NONE',  ( -1.000000000000000000, 0.000000000000000000, 0.000000000000000000 ) ) ;
#2114 = ORIENTED_EDGE ( 'NONE', *, *, #2378, .F. ) ;
#2115 = FACE_OUTER_BOUND ( 'NONE', #2250, .T. ) ;
#2116 = LINE ( 'NONE', #1133, #2123 ) ;
#2117 = ORIENTED_EDGE ( 'NONE', *, *, #1755, .T. ) ;
#2118 = CYLINDRICAL_SURFACE ( 'NONE', #1392, 2.349999999999997868 ) ;
#2119 = ADVANCED_FACE ( 'NONE', ( #1975 ), #1563, .T. ) ;
#2120 = DIRECTION ( 'NONE',  ( 4.283267841918043357E-17, -0.000000000000000000, 1.000000000000000000 ) ) ;
#2121 = VERTEX_POINT ( 'NONE', #1811 ) ;
#2122 = DIRECTION ( 'NONE',  ( 0.000000000000000000, 0.000000000000000000, 1.000000000000000000 ) ) ;
#2123 = VECTOR ( 'NONE', #1336, 1000.000000000000000 ) ;
#2124 = PLANE ( 'NONE',  #512 ) ;
#2125 = ORIENTED_EDGE ( 'NONE', *, *, #1548, .T. ) ;
#2126 = CARTESIAN_POINT ( 'NONE',  ( -5.499999999999998224, 12.00000000000000000, -0.7499999999997339906 ) ) ;
#2127 = DIRECTION ( 'NONE',  ( 0.000000000000000000, -1.000000000000000000, 0.000000000000000000 ) ) ;
#2128 = EDGE_LOOP ( 'NONE', ( #246, #600 ) ) ;
#2129 = VERTEX_POINT ( 'NONE', #1781 ) ;
#2130 = DIRECTION ( 'NONE',  ( 0.000000000000000000, 0.000000000000000000, 1.000000000000000000 ) ) ;
#2131 = LINE ( 'NONE', #185, #1722 ) ;
#2132 = LINE ( 'NONE', #135, #1060 ) ;
#2133 = EDGE_CURVE ( 'NONE', #2266, #827, #2059, .T. ) ;
#2134 = ORIENTED_EDGE ( 'NONE', *, *, #1104, .T. ) ;
#2135 = CARTESIAN_POINT ( 'NONE',  ( -29.00000000000000711, 12.00000000000000000, 17.00000000000000000 ) ) ;
#2136 = DIRECTION ( 'NONE',  ( -0.000000000000000000, -1.000000000000000000, -0.000000000000000000 ) ) ;
#2137 = EDGE_CURVE ( 'NONE', #827, #2328, #2571, .T. ) ;
#2138 = ORIENTED_EDGE ( 'NONE', *, *, #717, .T. ) ;
#2139 = FACE_OUTER_BOUND ( 'NONE', #2296, .T. ) ;
#2140 = VECTOR ( 'NONE', #14, 1000.000000000000000 ) ;
#2141 = CARTESIAN_POINT ( 'NONE',  ( 38.93649167310370274, 2.000000000000000000, -21.50000000000000000 ) ) ;
#2142 = EDGE_CURVE ( 'NONE', #2437, #207, #2560, .T. ) ;
#2143 = AXIS2_PLACEMENT_3D ( 'NONE', #819, #997, #778 ) ;
#2144 = EDGE_LOOP ( 'NONE', ( #516, #244, #1579, #2151 ) ) ;
#2145 = ORIENTED_EDGE ( 'NONE', *, *, #1839, .F. ) ;
#2146 = DIRECTION ( 'NONE',  ( 1.000000000000000000, -0.000000000000000000, 0.000000000000000000 ) ) ;
#2147 = VECTOR ( 'NONE', #235, 1000.000000000000000 ) ;
#2148 = ORIENTED_EDGE ( 'NONE', *, *, #2558, .T. ) ;
#2149 =( GEOMETRIC_REPRESENTATION_CONTEXT ( 3 ) GLOBAL_UNCERTAINTY_ASSIGNED_CONTEXT ( ( #2272 ) ) GLOBAL_UNIT_ASSIGNED_CONTEXT ( ( #128, #483, #503 ) ) REPRESENTATION_CONTEXT ( 'NONE', 'WORKASPACE' ) );
#2150 = DIRECTION ( 'NONE',  ( 0.000000000000000000, 0.000000000000000000, -1.000000000000000000 ) ) ;
#2151 = ORIENTED_EDGE ( 'NONE', *, *, #586, .T. ) ;
#2152 = ADVANCED_FACE ( 'NONE', ( #1584 ), #609, .F. ) ;
#2153 = PLANE ( 'NONE',  #2178 ) ;
#2154 = EDGE_LOOP ( 'NONE', ( #985, #2005, #767, #408 ) ) ;
#2155 = EDGE_LOOP ( 'NONE', ( #2535, #51 ) ) ;
#2156 =( GEOMETRIC_REPRESENTATION_CONTEXT ( 3 ) GLOBAL_UNCERTAINTY_ASSIGNED_CONTEXT ( ( #2372 ) ) GLOBAL_UNIT_ASSIGNED_CONTEXT ( ( #1040, #2237, #2045 ) ) REPRESENTATION_CONTEXT ( 'NONE', 'WORKASPACE' ) );
#2157 = CARTESIAN_POINT ( 'NONE',  ( 35.06350832689629726, 12.00000000000000000, -21.50000000000000000 ) ) ;
#2158 = FACE_OUTER_BOUND ( 'NONE', #2104, .T. ) ;
#2159 =( NAMED_UNIT ( * ) PLANE_ANGLE_UNIT ( ) SI_UNIT ( $, .RADIAN. ) );
#2160 = CARTESIAN_POINT ( 'NONE',  ( -45.00000000000000000, 2.000000000000000000, -24.00000000000000000 ) ) ;
#2161 = VERTEX_POINT ( 'NONE', #1427 ) ;
#2162 = DIRECTION ( 'NONE',  ( -0.000000000000000000, -1.000000000000000000, -0.000000000000000000 ) ) ;
#2163 = DIRECTION ( 'NONE',  ( 0.000000000000000000, 0.000000000000000000, -1.000000000000000000 ) ) ;
#2164 = ORIENTED_EDGE ( 'NONE', *, *, #383, .F. ) ;
#2165 = ADVANCED_FACE ( 'NONE', ( #2546 ), #2004, .F. ) ;
#2166 = ORIENTED_EDGE ( 'NONE', *, *, #1561, .T. ) ;
#2167 = CARTESIAN_POINT ( 'NONE',  ( 40.49999999999999289, 2.000000000000000000, 14.56350832689628660 ) ) ;
#2168 = ADVANCED_BREP_SHAPE_REPRESENTATION ( 'CADpad - Top of case [step-file]', ( #171, #1414 ), #2156 ) ;
#2169 = DIRECTION ( 'NONE',  ( 1.000000000000000000, -0.000000000000000000, 0.000000000000000000 ) ) ;
#2170 = VERTEX_POINT ( 'NONE', #1224 ) ;
#2171 = DIRECTION ( 'NONE',  ( 1.000000000000000000, 0.000000000000000000, -0.000000000000000000 ) ) ;
#2172 = LINE ( 'NONE', #192, #1967 ) ;
#2173 = ORIENTED_EDGE ( 'NONE', *, *, #2137, .T. ) ;
#2174 = ORIENTED_EDGE ( 'NONE', *, *, #551, .T. ) ;
#2175 = CIRCLE ( 'NONE', #2347, 4.000000000000000000 ) ;
#2176 = CARTESIAN_POINT ( 'NONE',  ( 0.000000000000000000, 0.5000000000000000000, 17.74999999999990408 ) ) ;
#2177 = AXIS2_PLACEMENT_3D ( 'NONE', #1329, #2534, #511 ) ;
#2178 = AXIS2_PLACEMENT_3D ( 'NONE', #1947, #1542, #2334 ) ;
#2179 = LINE ( 'NONE', #1039, #1282 ) ;
#2180 = FACE_OUTER_BOUND ( 'NONE', #1890, .T. ) ;
#2181 = VECTOR ( 'NONE', #154, 1000.000000000000000 ) ;
#2182 = EDGE_CURVE ( 'NONE', #2388, #189, #645, .T. ) ;
#2183 = DIRECTION ( 'NONE',  ( 1.000000000000000000, 0.000000000000000000, -1.875376730785774204E-16 ) ) ;
#2184 = EDGE_CURVE ( 'NONE', #415, #2241, #1276, .T. ) ;
#2185 = VERTEX_POINT ( 'NONE', #453 ) ;
#2186 = DIRECTION ( 'NONE',  ( 0.000000000000000000, 0.000000000000000000, 1.000000000000000000 ) ) ;
#2187 = COLOUR_RGB ( '',0.1019607843137254888, 0.1019607843137254888, 0.1019607843137254888 ) ;
#2188 = LINE ( 'NONE', #1418, #807 ) ;
#2189 = FACE_OUTER_BOUND ( 'NONE', #1036, .T. ) ;
#2190 = ORIENTED_EDGE ( 'NONE', *, *, #842, .F. ) ;
#2191 = CARTESIAN_POINT ( 'NONE',  ( 14.00000000000000355, 0.5000000000000004441, -0.7499999999997339906 ) ) ;
#2192 = VECTOR ( 'NONE', #460, 1000.000000000000000 ) ;
#2193 = DIRECTION ( 'NONE',  ( 1.000000000000000000, -0.000000000000000000, 0.000000000000000000 ) ) ;
#2194 = DIRECTION ( 'NONE',  ( -0.000000000000000000, -1.000000000000000000, -0.000000000000000000 ) ) ;
#2195 = CARTESIAN_POINT ( 'NONE',  ( -4.999999999999999112, 12.00000000000000000, -1.249999999999733991 ) ) ;
#2196 = EDGE_LOOP ( 'NONE', ( #2199, #552, #478, #84 ) ) ;
#2197 = EDGE_CURVE ( 'NONE', #2202, #489, #1598, .T. ) ;
#2198 = LINE ( 'NONE', #2425, #230 ) ;
#2199 = ORIENTED_EDGE ( 'NONE', *, *, #1327, .F. ) ;
#2200 = DIRECTION ( 'NONE',  ( -1.000000000000000000, 0.000000000000000000, 0.000000000000000000 ) ) ;
#2201 = DIRECTION ( 'NONE',  ( -3.750753461571474945E-16, 0.000000000000000000, 1.000000000000000000 ) ) ;
#2202 = VERTEX_POINT ( 'NONE', #1867 ) ;
#2203 = FACE_BOUND ( 'NONE', #2304, .T. ) ;
#2204 = DIRECTION ( 'NONE',  ( -1.875376730785774204E-16, 0.000000000000000000, -1.000000000000000000 ) ) ;
#2205 = CYLINDRICAL_SURFACE ( 'NONE', #110, 4.000000000000000000 ) ;
#2206 = PLANE ( 'NONE',  #779 ) ;
#2207 = ORIENTED_EDGE ( 'NONE', *, *, #2460, .F. ) ;
#2208 = VECTOR ( 'NONE', #1847, 1000.000000000000000 ) ;
#2209 = CARTESIAN_POINT ( 'NONE',  ( -29.00000000000000711, 12.00000000000000000, 18.42500000000000071 ) ) ;
#2210 = EDGE_CURVE ( 'NONE', #2377, #2266, #2464, .T. ) ;
#2211 = SURFACE_STYLE_USAGE ( .BOTH. , #592 ) ;
#2212 = ORIENTED_EDGE ( 'NONE', *, *, #989, .F. ) ;
#2213 = CARTESIAN_POINT ( 'NONE',  ( -32.50000000000000711, 2.000000000000000000, -0.5000000000000022204 ) ) ;
#2214 = CARTESIAN_POINT ( 'NONE',  ( 37.00000000000000000, 0.5000000000000004441, -15.65000000000000036 ) ) ;
#2215 = CARTESIAN_POINT ( 'NONE',  ( -23.99999999999999645, 0.5000000000000000000, 4.500904153885768948E-15 ) ) ;
#2216 = ORIENTED_EDGE ( 'NONE', *, *, #2297, .T. ) ;
#2217 = FACE_BOUND ( 'NONE', #39, .T. ) ;
#2218 = EDGE_CURVE ( 'NONE', #2281, #2170, #437, .T. ) ;
#2219 =( NAMED_UNIT ( * ) SI_UNIT ( $, .STERADIAN. ) SOLID_ANGLE_UNIT ( ) );
#2220 = CARTESIAN_POINT ( 'NONE',  ( -5.500000000000000000, 2.000000000000000000, 5.157286009660777742E-16 ) ) ;
#2221 = LINE ( 'NONE', #1025, #195 ) ;
#2222 = EDGE_LOOP ( 'NONE', ( #2552, #1128, #1963, #1698 ) ) ;
#2223 =( GEOMETRIC_REPRESENTATION_CONTEXT ( 3 ) GLOBAL_UNCERTAINTY_ASSIGNED_CONTEXT ( ( #1797 ) ) GLOBAL_UNIT_ASSIGNED_CONTEXT ( ( #176, #1197, #1794 ) ) REPRESENTATION_CONTEXT ( 'NONE', 'WORKASPACE' ) );
#2224 = MECHANICAL_DESIGN_GEOMETRIC_PRESENTATION_REPRESENTATION (  '', ( #2557 ), #1314 ) ;
#2225 = VECTOR ( 'NONE', #1670, 1000.000000000000000 ) ;
#2226 = STYLED_ITEM ( 'NONE', ( #934 ), #495 ) ;
#2227 = DIRECTION ( 'NONE',  ( 2.668805347656626185E-16, 0.000000000000000000, 1.000000000000000000 ) ) ;
#2228 = VERTEX_POINT ( 'NONE', #75 ) ;
#2229 = CARTESIAN_POINT ( 'NONE',  ( -41.50000000000000711, 0.5000000000000000000, -22.50000000000000000 ) ) ;
#2230 = FACE_OUTER_BOUND ( 'NONE', #632, .T. ) ;
#2231 = ORIENTED_EDGE ( 'NONE', *, *, #2210, .T. ) ;
#2232 = CIRCLE ( 'NONE', #319, 2.000000000000001776 ) ;
#2233 =( NAMED_UNIT ( * ) PLANE_ANGLE_UNIT ( ) SI_UNIT ( $, .RADIAN. ) );
#2234 = EDGE_CURVE ( 'NONE', #296, #1409, #1879, .T. ) ;
#2235 = CARTESIAN_POINT ( 'NONE',  ( 32.49999999999999289, 0.5000000000000004441, -1.249999999999733991 ) ) ;
#2236 = DIRECTION ( 'NONE',  ( 1.000000000000000000, 0.000000000000000000, -4.283267841918043357E-17 ) ) ;
#2237 =( NAMED_UNIT ( * ) PLANE_ANGLE_UNIT ( ) SI_UNIT ( $, .RADIAN. ) );
#2238 = VERTEX_POINT ( 'NONE', #1475 ) ;
#2239 = AXIS2_PLACEMENT_3D ( 'NONE', #2077, #2485, #671 ) ;
#2240 = CARTESIAN_POINT ( 'NONE',  ( -30.50000000000000355, 12.00000000000000000, 21.50000000000000000 ) ) ;
#2241 = VERTEX_POINT ( 'NONE', #1628 ) ;
#2242 = DIRECTION ( 'NONE',  ( 1.541976423090495387E-16, 0.000000000000000000, 1.000000000000000000 ) ) ;
#2243 = CARTESIAN_POINT ( 'NONE',  ( -27.50000000000001421, 12.00000000000000000, 21.50000000000000000 ) ) ;
#2244 = VERTEX_POINT ( 'NONE', #841 ) ;
#2245 = VERTEX_POINT ( 'NONE', #87 ) ;
#2246 = UNCERTAINTY_MEASURE_WITH_UNIT (LENGTH_MEASURE( 1.000000000000000082E-05 ), #490, 'distance_accuracy_value', 'NONE');
#2247 = LINE ( 'NONE', #250, #2002 ) ;
#2248 = CARTESIAN_POINT ( 'NONE',  ( 40.49999999999999289, 3.000000000000000000, 21.50000000000000000 ) ) ;
#2249 = EDGE_CURVE ( 'NONE', #513, #292, #1826, .T. ) ;
#2250 = EDGE_LOOP ( 'NONE', ( #168, #262, #940, #734 ) ) ;
#2251 = AXIS2_PLACEMENT_3D ( 'NONE', #2550, #770, #343 ) ;
#2252 = FACE_OUTER_BOUND ( 'NONE', #1634, .T. ) ;
#2253 = ORIENTED_EDGE ( 'NONE', *, *, #764, .T. ) ;
#2254 = CARTESIAN_POINT ( 'NONE',  ( 35.06350832689629726, 3.000000000000000888, -21.50000000000000000 ) ) ;
#2255 = LINE ( 'NONE', #1445, #972 ) ;
#2256 = ORIENTED_EDGE ( 'NONE', *, *, #1087, .T. ) ;
#2257 = SURFACE_STYLE_USAGE ( .BOTH. , #105 ) ;
#2258 = FACE_OUTER_BOUND ( 'NONE', #1908, .T. ) ;
#2259 = LINE ( 'NONE', #1484, #611 ) ;
#2260 = EDGE_LOOP ( 'NONE', ( #1530, #2504, #1922, #2287, #2450 ) ) ;
#2261 = VECTOR ( 'NONE', #2146, 1000.000000000000000 ) ;
#2262 = EDGE_CURVE ( 'NONE', #2424, #1109, #763, .T. ) ;
#2263 = DIRECTION ( 'NONE',  ( -0.000000000000000000, -1.000000000000000000, -0.000000000000000000 ) ) ;
#2264 = COLOUR_RGB ( '',0.1019607843137254888, 0.1019607843137254888, 0.1019607843137254888 ) ;
#2265 = AXIS2_PLACEMENT_3D ( 'NONE', #1375, #1185, #1017 ) ;
#2266 = VERTEX_POINT ( 'NONE', #233 ) ;
#2267 = MECHANICAL_DESIGN_GEOMETRIC_PRESENTATION_REPRESENTATION (  '', ( #1180 ), #269 ) ;
#2268 = ADVANCED_FACE ( 'NONE', ( #2037 ), #1044, .T. ) ;
#2269 =( NAMED_UNIT ( * ) PLANE_ANGLE_UNIT ( ) SI_UNIT ( $, .RADIAN. ) );
#2270 = ORIENTED_EDGE ( 'NONE', *, *, #754, .F. ) ;
#2271 = DIRECTION ( 'NONE',  ( 0.000000000000000000, -0.000000000000000000, 1.000000000000000000 ) ) ;
#2272 = UNCERTAINTY_MEASURE_WITH_UNIT (LENGTH_MEASURE( 1.000000000000000082E-05 ), #128, 'distance_accuracy_value', 'NONE');
#2273 = CARTESIAN_POINT ( 'NONE',  ( 14.00000000000000178, 12.00000000000000000, -19.74999999999973355 ) ) ;
#2274 = EDGE_LOOP ( 'NONE', ( #1266, #1531, #1800, #1438 ) ) ;
#2275 = MECHANICAL_DESIGN_GEOMETRIC_PRESENTATION_REPRESENTATION (  '', ( #565 ), #1189 ) ;
#2276 = FACE_OUTER_BOUND ( 'NONE', #1986, .T. ) ;
#2277 = EDGE_CURVE ( 'NONE', #95, #960, #58, .T. ) ;
#2278 = ORIENTED_EDGE ( 'NONE', *, *, #2558, .F. ) ;
#2279 = PRESENTATION_STYLE_ASSIGNMENT (( #274 ) ) ;
#2280 = LINE ( 'NONE', #1859, #74 ) ;
#2281 = VERTEX_POINT ( 'NONE', #2476 ) ;
#2282 = FACE_BOUND ( 'NONE', #700, .T. ) ;
#2283 = LINE ( 'NONE', #1505, #2208 ) ;
#2284 = DIRECTION ( 'NONE',  ( -1.000000000000000000, 0.000000000000000000, 9.376883653928871020E-17 ) ) ;
#2285 = ORIENTED_EDGE ( 'NONE', *, *, #2358, .T. ) ;
#2286 = DIRECTION ( 'NONE',  ( 1.000000000000000000, -0.000000000000000000, 0.000000000000000000 ) ) ;
#2287 = ORIENTED_EDGE ( 'NONE', *, *, #1071, .F. ) ;
#2288 = DIRECTION ( 'NONE',  ( 0.000000000000000000, 1.000000000000000000, 0.000000000000000000 ) ) ;
#2289 = EDGE_CURVE ( 'NONE', #827, #386, #256, .T. ) ;
#2290 = CARTESIAN_POINT ( 'NONE',  ( 0.000000000000000000, 3.000000000000000000, -22.89999999999999858 ) ) ;
#2291 = EDGE_LOOP ( 'NONE', ( #1330, #2190, #1540, #2138 ) ) ;
#2292 = DIRECTION ( 'NONE',  ( -9.376883653928871020E-17, 0.000000000000000000, -1.000000000000000000 ) ) ;
#2293 = EDGE_CURVE ( 'NONE', #113, #2578, #488, .T. ) ;
#2294 = LINE ( 'NONE', #294, #2335 ) ;
#2295 = DIRECTION ( 'NONE',  ( -0.000000000000000000, -1.000000000000000000, -0.000000000000000000 ) ) ;
#2296 = EDGE_LOOP ( 'NONE', ( #178, #442, #1470, #1066 ) ) ;
#2297 = EDGE_CURVE ( 'NONE', #887, #1754, #2426, .T. ) ;
#2298 = FACE_OUTER_BOUND ( 'NONE', #2222, .T. ) ;
#2299 = ORIENTED_EDGE ( 'NONE', *, *, #462, .F. ) ;
#2300 = VECTOR ( 'NONE', #145, 1000.000000000000000 ) ;
#2301 = SURFACE_STYLE_FILL_AREA ( #1500 ) ;
#2302 = VECTOR ( 'NONE', #1440, 1000.000000000000000 ) ;
#2303 = LINE ( 'NONE', #2492, #142 ) ;
#2304 = EDGE_LOOP ( 'NONE', ( #2134, #2432 ) ) ;
#2305 = AXIS2_PLACEMENT_3D ( 'NONE', #313, #64, #1491 ) ;
#2306 = CARTESIAN_POINT ( 'NONE',  ( 0.000000000000000000, 0.000000000000000000, 0.000000000000000000 ) ) ;
#2307 = CIRCLE ( 'NONE', #1182, 4.000000000000000000 ) ;
#2308 =( GEOMETRIC_REPRESENTATION_CONTEXT ( 3 ) GLOBAL_UNCERTAINTY_ASSIGNED_CONTEXT ( ( #2246 ) ) GLOBAL_UNIT_ASSIGNED_CONTEXT ( ( #490, #1477, #1468 ) ) REPRESENTATION_CONTEXT ( 'NONE', 'WORKASPACE' ) );
#2309 = CARTESIAN_POINT ( 'NONE',  ( 13.49999999999999822, 2.000000000000000000, -19.74999999999973355 ) ) ;
#2310 = EDGE_CURVE ( 'NONE', #386, #2511, #1892, .T. ) ;
#2311 = ORIENTED_EDGE ( 'NONE', *, *, #1444, .T. ) ;
#2312 = LINE ( 'NONE', #1545, #13 ) ;
#2313 = AXIS2_PLACEMENT_3D ( 'NONE', #1575, #1541, #582 ) ;
#2314 = DIRECTION ( 'NONE',  ( 1.000000000000000000, -0.000000000000000000, 0.000000000000000000 ) ) ;
#2315 = ORIENTED_EDGE ( 'NONE', *, *, #754, .T. ) ;
#2316 = DIRECTION ( 'NONE',  ( -0.000000000000000000, 0.000000000000000000, 1.000000000000000000 ) ) ;
#2317 = AXIS2_PLACEMENT_3D ( 'NONE', #549, #567, #1370 ) ;
#2318 = CARTESIAN_POINT ( 'NONE',  ( 14.00000000000000178, 12.00000000000000000, -19.74999999999973355 ) ) ;
#2319 = ORIENTED_EDGE ( 'NONE', *, *, #81, .F. ) ;
#2320 = DIRECTION ( 'NONE',  ( 0.000000000000000000, 0.000000000000000000, 1.000000000000000000 ) ) ;
#2321 = CARTESIAN_POINT ( 'NONE',  ( 41.49999999999999289, 0.000000000000000000, -22.50000000000000000 ) ) ;
#2322 = CARTESIAN_POINT ( 'NONE',  ( -32.50000000000000711, 12.00000000000000000, -0.5000000000000022204 ) ) ;
#2323 = ORIENTED_EDGE ( 'NONE', *, *, #1494, .T. ) ;
#2324 = EDGE_CURVE ( 'NONE', #100, #1281, #1249, .T. ) ;
#2325 = CARTESIAN_POINT ( 'NONE',  ( 14.00000000000000355, 2.000000000000000000, -0.7499999999997339906 ) ) ;
#2326 =( LENGTH_UNIT ( ) NAMED_UNIT ( * ) SI_UNIT ( .MILLI., .METRE. ) );
#2327 = DIRECTION ( 'NONE',  ( 1.000000000000000000, 0.000000000000000000, -4.283267841918043357E-17 ) ) ;
#2328 = VERTEX_POINT ( 'NONE', #1030 ) ;
#2329 = FACE_OUTER_BOUND ( 'NONE', #1603, .T. ) ;
#2330 = AXIS2_PLACEMENT_3D ( 'NONE', #331, #1324, #2530 ) ;
#2331 = ADVANCED_FACE ( 'NONE', ( #2252 ), #463, .T. ) ;
#2332 = CARTESIAN_POINT ( 'NONE',  ( 41.49999999999999289, 0.5000000000000000000, -22.50000000000000000 ) ) ;
#2333 = ORIENTED_EDGE ( 'NONE', *, *, #1494, .F. ) ;
#2334 = DIRECTION ( 'NONE',  ( -9.376883653928687363E-17, 0.000000000000000000, -1.000000000000000000 ) ) ;
#2335 = VECTOR ( 'NONE', #506, 1000.000000000000000 ) ;
#2336 = ORIENTED_EDGE ( 'NONE', *, *, #720, .F. ) ;
#2337 = DIRECTION ( 'NONE',  ( 0.000000000000000000, 1.000000000000000000, 0.000000000000000000 ) ) ;
#2338 = CARTESIAN_POINT ( 'NONE',  ( 35.06350832689629726, 2.000000000000000000, -21.50000000000000000 ) ) ;
#2339 = ORIENTED_EDGE ( 'NONE', *, *, #816, .T. ) ;
#2340 = ADVANCED_FACE ( 'NONE', ( #2276 ), #1288, .F. ) ;
#2341 = PLANE ( 'NONE',  #1937 ) ;
#2342 = CARTESIAN_POINT ( 'NONE',  ( 37.00000000000000000, 12.00000000000000000, 18.84999999999999787 ) ) ;
#2343 = ORIENTED_EDGE ( 'NONE', *, *, #2523, .F. ) ;
#2344 = ADVANCED_FACE ( 'NONE', ( #2298 ), #1730, .T. ) ;
#2345 = CARTESIAN_POINT ( 'NONE',  ( -41.50000000000000711, 0.5000000000000000000, -22.50000000000000000 ) ) ;
#2346 = UNCERTAINTY_MEASURE_WITH_UNIT (LENGTH_MEASURE( 1.000000000000000082E-05 ), #1199, 'distance_accuracy_value', 'NONE');
#2347 = AXIS2_PLACEMENT_3D ( 'NONE', #1765, #1353, #966 ) ;
#2348 = CARTESIAN_POINT ( 'NONE',  ( 42.99999999999997158, 0.000000000000000000, 26.00000000000000355 ) ) ;
#2349 = AXIS2_PLACEMENT_3D ( 'NONE', #1677, #867, #1054 ) ;
#2350 = ORIENTED_EDGE ( 'NONE', *, *, #1450, .F. ) ;
#2351 = MECHANICAL_DESIGN_GEOMETRIC_PRESENTATION_REPRESENTATION (  '', ( #931 ), #2308 ) ;
#2352 = PLANE ( 'NONE',  #686 ) ;
#2353 = VECTOR ( 'NONE', #445, 1000.000000000000000 ) ;
#2354 = PLANE ( 'NONE',  #2317 ) ;
#2355 = PRESENTATION_LAYER_ASSIGNMENT (  '', '', ( #360 ) ) ;
#2356 = LINE ( 'NONE', #529, #2440 ) ;
#2357 = STYLED_ITEM ( 'NONE', ( #458 ), #11 ) ;
#2358 = EDGE_CURVE ( 'NONE', #1519, #113, #590, .T. ) ;
#2359 =( NAMED_UNIT ( * ) PLANE_ANGLE_UNIT ( ) SI_UNIT ( $, .RADIAN. ) );
#2360 = ORIENTED_EDGE ( 'NONE', *, *, #1515, .F. ) ;
#2361 = CARTESIAN_POINT ( 'NONE',  ( 37.00000000000000000, 0.5000000000000004441, 18.84999999999999787 ) ) ;
#2362 = AXIS2_PLACEMENT_3D ( 'NONE', #1452, #814, #42 ) ;
#2363 = ADVANCED_FACE ( 'NONE', ( #325 ), #2524, .F. ) ;
#2364 = DIRECTION ( 'NONE',  ( -1.000000000000000000, 0.000000000000000000, 4.283267841918043357E-17 ) ) ;
#2365 = ORIENTED_EDGE ( 'NONE', *, *, #1946, .F. ) ;
#2366 = CARTESIAN_POINT ( 'NONE',  ( 42.99999999999997158, 2.000000000000000000, 26.00000000000000355 ) ) ;
#2367 = DIRECTION ( 'NONE',  ( -0.000000000000000000, -1.000000000000000000, -0.000000000000000000 ) ) ;
#2368 = CARTESIAN_POINT ( 'NONE',  ( -23.99999999999999645, 0.5000000000000000000, 0.000000000000000000 ) ) ;
#2369 = VECTOR ( 'NONE', #2386, 1000.000000000000000 ) ;
#2370 = ORIENTED_EDGE ( 'NONE', *, *, #2293, .T. ) ;
#2371 = DIRECTION ( 'NONE',  ( 0.000000000000000000, -1.000000000000000000, 0.000000000000000000 ) ) ;
#2372 = UNCERTAINTY_MEASURE_WITH_UNIT (LENGTH_MEASURE( 1.000000000000000082E-05 ), #1040, 'distance_accuracy_value', 'NONE');
#2373 = EDGE_CURVE ( 'NONE', #682, #657, #539, .T. ) ;
#2374 = CARTESIAN_POINT ( 'NONE',  ( -41.89999999999999858, 3.000000000000000000, 22.89999999999999858 ) ) ;
#2375 = CARTESIAN_POINT ( 'NONE',  ( 38.93649167310370274, 2.999999999999999112, -21.50000000000000000 ) ) ;
#2376 = ORIENTED_EDGE ( 'NONE', *, *, #1564, .F. ) ;
#2377 = VERTEX_POINT ( 'NONE', #98 ) ;
#2378 = EDGE_CURVE ( 'NONE', #354, #703, #905, .T. ) ;
#2379 = CARTESIAN_POINT ( 'NONE',  ( 13.50000000000000178, 0.5000000000000004441, -0.7499999999997339906 ) ) ;
#2380 = DIRECTION ( 'NONE',  ( 0.000000000000000000, 0.000000000000000000, 1.000000000000000000 ) ) ;
#2381 = ADVANCED_FACE ( 'NONE', ( #1142 ), #701, .T. ) ;
#2382 = CARTESIAN_POINT ( 'NONE',  ( -41.50000000000000000, 0.5000000000000000000, 22.50000000000000000 ) ) ;
#2383 = DIRECTION ( 'NONE',  ( 1.000000000000000000, 0.000000000000000000, -2.668805347656626678E-16 ) ) ;
#2384 = ORIENTED_EDGE ( 'NONE', *, *, #337, .T. ) ;
#2385 = DIRECTION ( 'NONE',  ( 0.000000000000000000, -1.000000000000000000, 0.000000000000000000 ) ) ;
#2386 = DIRECTION ( 'NONE',  ( -1.000000000000000000, 0.000000000000000000, 0.000000000000000000 ) ) ;
#2387 = CARTESIAN_POINT ( 'NONE',  ( -29.00000000000000711, 2.000000000000000000, 17.00000000000000000 ) ) ;
#2388 = VERTEX_POINT ( 'NONE', #1498 ) ;
#2389 = LINE ( 'NONE', #1037, #774 ) ;
#2390 = VECTOR ( 'NONE', #578, 1000.000000000000000 ) ;
#2391 = DIRECTION ( 'NONE',  ( -0.000000000000000000, -0.000000000000000000, -1.000000000000000000 ) ) ;
#2392 = AXIS2_PLACEMENT_3D ( 'NONE', #751, #1318, #1126 ) ;
#2393 = AXIS2_PLACEMENT_3D ( 'NONE', #1401, #427, #1386 ) ;
#2394 = DIRECTION ( 'NONE',  ( 0.000000000000000000, 1.000000000000000000, 0.000000000000000000 ) ) ;
#2395 = DIRECTION ( 'NONE',  ( 0.000000000000000000, -1.000000000000000000, 0.000000000000000000 ) ) ;
#2396 = ADVANCED_FACE ( 'NONE', ( #2109 ), #740, .F. ) ;
#2397 = VERTEX_POINT ( 'NONE', #2338 ) ;
#2398 = VECTOR ( 'NONE', #678, 1000.000000000000000 ) ;
#2399 = VECTOR ( 'NONE', #365, 1000.000000000000000 ) ;
#2400 = VECTOR ( 'NONE', #1223, 1000.000000000000000 ) ;
#2401 = SURFACE_STYLE_FILL_AREA ( #200 ) ;
#2402 = ORIENTED_EDGE ( 'NONE', *, *, #1359, .F. ) ;
#2403 = CARTESIAN_POINT ( 'NONE',  ( 32.49999999999999289, 2.000000000000000000, -1.249999999999733991 ) ) ;
#2404 = CARTESIAN_POINT ( 'NONE',  ( 45.00000000000000000, 0.000000000000000000, 24.00000000000000355 ) ) ;
#2405 = ORIENTED_EDGE ( 'NONE', *, *, #1821, .F. ) ;
#2406 = DIRECTION ( 'NONE',  ( 1.541976423090495387E-16, -0.000000000000000000, -1.000000000000000000 ) ) ;
#2407 = VECTOR ( 'NONE', #17, 1000.000000000000000 ) ;
#2408 =( NAMED_UNIT ( * ) PLANE_ANGLE_UNIT ( ) SI_UNIT ( $, .RADIAN. ) );
#2409 = CARTESIAN_POINT ( 'NONE',  ( -44.99999999999998579, 2.000000000000000000, 24.00000000000000355 ) ) ;
#2410 = DIRECTION ( 'NONE',  ( 0.000000000000000000, -1.000000000000000000, 0.000000000000000000 ) ) ;
#2411 = ORIENTED_EDGE ( 'NONE', *, *, #1246, .F. ) ;
#2412 = VECTOR ( 'NONE', #1221, 1000.000000000000000 ) ;
#2413 = EDGE_CURVE ( 'NONE', #76, #123, #2132, .T. ) ;
#2414 = DIRECTION ( 'NONE',  ( -3.750753461571474945E-16, 0.000000000000000000, 1.000000000000000000 ) ) ;
#2415 = ORIENTED_EDGE ( 'NONE', *, *, #1410, .F. ) ;
#2416 = DIRECTION ( 'NONE',  ( 0.000000000000000000, 1.000000000000000000, 0.000000000000000000 ) ) ;
#2417 = EDGE_CURVE ( 'NONE', #2245, #1806, #15, .T. ) ;
#2418 = LINE ( 'NONE', #575, #1140 ) ;
#2419 = LINE ( 'NONE', #625, #722 ) ;
#2420 = ORIENTED_EDGE ( 'NONE', *, *, #764, .F. ) ;
#2421 = FACE_BOUND ( 'NONE', #1210, .T. ) ;
#2422 = FACE_OUTER_BOUND ( 'NONE', #358, .T. ) ;
#2423 = DIRECTION ( 'NONE',  ( -0.000000000000000000, 0.000000000000000000, -1.000000000000000000 ) ) ;
#2424 = VERTEX_POINT ( 'NONE', #1549 ) ;
#2425 = CARTESIAN_POINT ( 'NONE',  ( 13.50000000000000355, 2.000000000000000000, -3.797637879841119769E-15 ) ) ;
#2426 = LINE ( 'NONE', #2240, #1559 ) ;
#2427 = EDGE_CURVE ( 'NONE', #155, #513, #1105, .T. ) ;
#2428 = ORIENTED_EDGE ( 'NONE', *, *, #858, .F. ) ;
#2429 = LINE ( 'NONE', #1644, #1027 ) ;
#2430 = FACE_OUTER_BOUND ( 'NONE', #799, .T. ) ;
#2431 = PLANE ( 'NONE',  #1138 ) ;
#2432 = ORIENTED_EDGE ( 'NONE', *, *, #2074, .T. ) ;
#2433 = SURFACE_SIDE_STYLE ('',( #1048 ) ) ;
#2434 = CYLINDRICAL_SURFACE ( 'NONE', #1529, 4.000000000000000000 ) ;
#2435 = DIRECTION ( 'NONE',  ( 1.000000000000000000, 0.000000000000000000, -0.000000000000000000 ) ) ;
#2436 = AXIS2_PLACEMENT_3D ( 'NONE', #1701, #1078, #1506 ) ;
#2437 = VERTEX_POINT ( 'NONE', #1536 ) ;
#2438 = AXIS2_PLACEMENT_3D ( 'NONE', #636, #2120, #2327 ) ;
#2439 = AXIS2_PLACEMENT_3D ( 'NONE', #1084, #2062, #1058 ) ;
#2440 = VECTOR ( 'NONE', #570, 1000.000000000000000 ) ;
#2441 = CARTESIAN_POINT ( 'NONE',  ( 37.00000000000000000, 12.00000000000000000, 16.50000000000000000 ) ) ;
#2442 = ORIENTED_EDGE ( 'NONE', *, *, #923, .F. ) ;
#2443 = CARTESIAN_POINT ( 'NONE',  ( -41.90000000000000568, 3.000000000000000000, -22.89999999999999858 ) ) ;
#2444 = ADVANCED_FACE ( 'NONE', ( #947 ), #932, .T. ) ;
#2445 = ORIENTED_EDGE ( 'NONE', *, *, #2027, .F. ) ;
#2446 = EDGE_CURVE ( 'NONE', #973, #535, #917, .T. ) ;
#2447 = PLANE ( 'NONE',  #877 ) ;
#2448 = DIRECTION ( 'NONE',  ( 1.000000000000000000, -0.000000000000000000, 0.000000000000000000 ) ) ;
#2449 = CARTESIAN_POINT ( 'NONE',  ( 41.49999999999998579, 0.000000000000000000, 22.50000000000000000 ) ) ;
#2450 = ORIENTED_EDGE ( 'NONE', *, *, #673, .F. ) ;
#2451 = AXIS2_PLACEMENT_3D ( 'NONE', #617, #1008, #648 ) ;
#2452 = DIRECTION ( 'NONE',  ( 0.000000000000000000, -1.000000000000000000, 0.000000000000000000 ) ) ;
#2453 = VERTEX_POINT ( 'NONE', #2092 ) ;
#2454 = CYLINDRICAL_SURFACE ( 'NONE', #2305, 2.349999999999996092 ) ;
#2455 = CARTESIAN_POINT ( 'NONE',  ( 40.49999999999999289, 3.000000000000000888, 14.56350832689628660 ) ) ;
#2456 = ORIENTED_EDGE ( 'NONE', *, *, #341, .F. ) ;
#2457 = CARTESIAN_POINT ( 'NONE',  ( 32.50000000000000000, 0.5000000000000000000, -0.7499999999997339906 ) ) ;
#2458 = PRESENTATION_STYLE_ASSIGNMENT (( #884 ) ) ;
#2459 = DIRECTION ( 'NONE',  ( -1.000000000000000000, 0.000000000000000000, 0.000000000000000000 ) ) ;
#2460 = EDGE_CURVE ( 'NONE', #1621, #1085, #1746, .T. ) ;
#2461 = VERTEX_POINT ( 'NONE', #725 ) ;
#2462 = VECTOR ( 'NONE', #1568, 1000.000000000000000 ) ;
#2463 = EDGE_CURVE ( 'NONE', #1409, #2453, #1300, .T. ) ;
#2464 = LINE ( 'NONE', #1667, #1808 ) ;
#2465 = EDGE_LOOP ( 'NONE', ( #2253, #1888, #234, #1143 ) ) ;
#2466 = LINE ( 'NONE', #114, #559 ) ;
#2467 = PLANE ( 'NONE',  #311 ) ;
#2468 = ORIENTED_EDGE ( 'NONE', *, *, #2218, .F. ) ;
#2469 = CARTESIAN_POINT ( 'NONE',  ( 14.00000000000000355, 2.000000000000000000, -2.625527423100084477E-15 ) ) ;
#2470 = CARTESIAN_POINT ( 'NONE',  ( 14.00000000000000178, 12.00000000000000000, -19.74999999999973355 ) ) ;
#2471 = DIRECTION ( 'NONE',  ( -0.000000000000000000, -1.000000000000000000, -0.000000000000000000 ) ) ;
#2472 = ORIENTED_EDGE ( 'NONE', *, *, #1759, .F. ) ;
#2473 = EDGE_CURVE ( 'NONE', #2490, #1660, #1508, .T. ) ;
#2474 = AXIS2_PLACEMENT_3D ( 'NONE', #2066, #496, #2507 ) ;
#2475 = VECTOR ( 'NONE', #738, 1000.000000000000000 ) ;
#2476 = CARTESIAN_POINT ( 'NONE',  ( -23.99999999999999645, 2.000000000000000000, -0.7499999999997339906 ) ) ;
#2477 = VECTOR ( 'NONE', #2314, 1000.000000000000000 ) ;
#2478 = VERTEX_POINT ( 'NONE', #1437 ) ;
#2479 = DIRECTION ( 'NONE',  ( 0.000000000000000000, 0.000000000000000000, -1.000000000000000000 ) ) ;
#2480 = VECTOR ( 'NONE', #1439, 1000.000000000000000 ) ;
#2481 = DIRECTION ( 'NONE',  ( -0.000000000000000000, -1.000000000000000000, -0.000000000000000000 ) ) ;
#2482 = ORIENTED_EDGE ( 'NONE', *, *, #2277, .T. ) ;
#2483 = PLANE ( 'NONE',  #1149 ) ;
#2484 = CIRCLE ( 'NONE', #652, 8.000000000000001776 ) ;
#2485 = DIRECTION ( 'NONE',  ( -1.000000000000000000, 0.000000000000000000, 9.376883653928687363E-17 ) ) ;
#2486 = EDGE_LOOP ( 'NONE', ( #820, #1764, #2068, #6 ) ) ;
#2487 =( GEOMETRIC_REPRESENTATION_CONTEXT ( 3 ) GLOBAL_UNCERTAINTY_ASSIGNED_CONTEXT ( ( #731 ) ) GLOBAL_UNIT_ASSIGNED_CONTEXT ( ( #644, #2233, #1996 ) ) REPRESENTATION_CONTEXT ( 'NONE', 'WORKASPACE' ) );
#2488 = EDGE_CURVE ( 'NONE', #1377, #2520, #2221, .T. ) ;
#2489 = DIRECTION ( 'NONE',  ( 1.000000000000000000, 0.000000000000000000, 0.000000000000000000 ) ) ;
#2490 = VERTEX_POINT ( 'NONE', #1408 ) ;
#2491 = FACE_BOUND ( 'NONE', #711, .T. ) ;
#2492 = CARTESIAN_POINT ( 'NONE',  ( -4.999999999999999112, 2.000000000000000000, 4.688441826964342326E-16 ) ) ;
#2493 = ORIENTED_EDGE ( 'NONE', *, *, #2197, .F. ) ;
#2494 = ADVANCED_FACE ( 'NONE', ( #1636 ), #2206, .T. ) ;
#2495 = CARTESIAN_POINT ( 'NONE',  ( -40.50000000000000711, 2.000000000000000000, 7.500000000000000888 ) ) ;
#2496 = DIRECTION ( 'NONE',  ( 0.000000000000000000, -1.000000000000000000, 0.000000000000000000 ) ) ;
#2497 = FACE_OUTER_BOUND ( 'NONE', #1225, .T. ) ;
#2498 = ORIENTED_EDGE ( 'NONE', *, *, #401, .F. ) ;
#2499 = DIRECTION ( 'NONE',  ( -1.713307136767217096E-16, 0.000000000000000000, -1.000000000000000000 ) ) ;
#2500 = ORIENTED_EDGE ( 'NONE', *, *, #254, .T. ) ;
#2501 = CARTESIAN_POINT ( 'NONE',  ( -29.00000000000000711, 12.00000000000000000, 19.50000000000000000 ) ) ;
#2502 = EDGE_CURVE ( 'NONE', #354, #1850, #433, .T. ) ;
#2503 = CARTESIAN_POINT ( 'NONE',  ( 14.00000000000000533, 2.000000000000000000, -1.249999999999733991 ) ) ;
#2504 = ORIENTED_EDGE ( 'NONE', *, *, #1327, .T. ) ;
#2505 = EDGE_CURVE ( 'NONE', #2228, #1298, #213, .T. ) ;
#2506 = DIRECTION ( 'NONE',  ( -0.000000000000000000, -1.000000000000000000, -0.000000000000000000 ) ) ;
#2507 = DIRECTION ( 'NONE',  ( 0.000000000000000000, 0.000000000000000000, 1.000000000000000000 ) ) ;
#2508 = ORIENTED_EDGE ( 'NONE', *, *, #1674, .F. ) ;
#2509 = FACE_BOUND ( 'NONE', #2465, .T. ) ;
#2510 = DIRECTION ( 'NONE',  ( -1.613696256722611405E-16, 0.000000000000000000, -1.000000000000000000 ) ) ;
#2511 = VERTEX_POINT ( 'NONE', #1611 ) ;
#2512 = SURFACE_STYLE_FILL_AREA ( #2536 ) ;
#2513 = AXIS2_PLACEMENT_3D ( 'NONE', #892, #1091, #121 ) ;
#2514 = VERTEX_POINT ( 'NONE', #2449 ) ;
#2515 = COLOUR_RGB ( '',0.1019607843137254888, 0.1019607843137254888, 0.1019607843137254888 ) ;
#2516 = DIRECTION ( 'NONE',  ( -0.000000000000000000, -1.000000000000000000, -0.000000000000000000 ) ) ;
#2517 = AXIS2_PLACEMENT_3D ( 'NONE', #1492, #1094, #1469 ) ;
#2518 = EDGE_CURVE ( 'NONE', #991, #1585, #228, .T. ) ;
#2519 = LINE ( 'NONE', #1910, #1335 ) ;
#2520 = VERTEX_POINT ( 'NONE', #1820 ) ;
#2521 = CARTESIAN_POINT ( 'NONE',  ( 43.00000000000000000, 2.000000000000000000, 24.00000000000000355 ) ) ;
#2522 = CARTESIAN_POINT ( 'NONE',  ( 37.00000000000000000, 12.00000000000000000, 20.50000000000000000 ) ) ;
#2523 = EDGE_CURVE ( 'NONE', #531, #657, #571, .T. ) ;
#2524 = CYLINDRICAL_SURFACE ( 'NONE', #2513, 8.000000000000001776 ) ;
#2525 = ORIENTED_EDGE ( 'NONE', *, *, #563, .T. ) ;
#2526 = VECTOR ( 'NONE', #1673, 1000.000000000000000 ) ;
#2527 = DIRECTION ( 'NONE',  ( -1.875376730785737473E-16, 0.000000000000000000, -1.000000000000000000 ) ) ;
#2528 = ORIENTED_EDGE ( 'NONE', *, *, #1564, .T. ) ;
#2529 = DIRECTION ( 'NONE',  ( 0.000000000000000000, -1.000000000000000000, 0.000000000000000000 ) ) ;
#2530 = DIRECTION ( 'NONE',  ( 0.000000000000000000, 0.000000000000000000, 1.000000000000000000 ) ) ;
#2531 = ORIENTED_EDGE ( 'NONE', *, *, #491, .T. ) ;
#2532 = CARTESIAN_POINT ( 'NONE',  ( 0.000000000000000000, 0.5000000000000000000, -0.7499999999997339906 ) ) ;
#2533 = ADVANCED_FACE ( 'NONE', ( #2180 ), #43, .T. ) ;
#2534 = DIRECTION ( 'NONE',  ( 0.000000000000000000, 0.000000000000000000, -1.000000000000000000 ) ) ;
#2535 = ORIENTED_EDGE ( 'NONE', *, *, #504, .F. ) ;
#2536 = FILL_AREA_STYLE ('',( #1732 ) ) ;
#2537 = CARTESIAN_POINT ( 'NONE',  ( 37.00000000000000000, 12.00000000000000000, -15.65000000000000036 ) ) ;
#2538 = ORIENTED_EDGE ( 'NONE', *, *, #1195, .T. ) ;
#2539 = LINE ( 'NONE', #718, #120 ) ;
#2540 = CIRCLE ( 'NONE', #628, 4.000000000000000000 ) ;
#2541 = ORIENTED_EDGE ( 'NONE', *, *, #210, .F. ) ;
#2542 = VERTEX_POINT ( 'NONE', #395 ) ;
#2543 = FACE_OUTER_BOUND ( 'NONE', #273, .T. ) ;
#2544 = EDGE_CURVE ( 'NONE', #643, #140, #649, .T. ) ;
#2545 = EDGE_CURVE ( 'NONE', #464, #367, #854, .T. ) ;
#2546 = FACE_OUTER_BOUND ( 'NONE', #1333, .T. ) ;
#2547 = EDGE_LOOP ( 'NONE', ( #727, #540, #2174, #747 ) ) ;
#2548 =( NAMED_UNIT ( * ) SI_UNIT ( $, .STERADIAN. ) SOLID_ANGLE_UNIT ( ) );
#2549 = MECHANICAL_DESIGN_GEOMETRIC_PRESENTATION_REPRESENTATION (  '', ( #388 ), #2223 ) ;
#2550 = CARTESIAN_POINT ( 'NONE',  ( -32.50000000000000711, 2.000000000000000000, 7.500000000000000000 ) ) ;
#2551 = VECTOR ( 'NONE', #2481, 1000.000000000000000 ) ;
#2552 = ORIENTED_EDGE ( 'NONE', *, *, #2064, .T. ) ;
#2553 = EDGE_LOOP ( 'NONE', ( #380, #697, #1741, #2110 ) ) ;
#2554 = VECTOR ( 'NONE', #374, 1000.000000000000000 ) ;
#2555 = DIRECTION ( 'NONE',  ( 1.000000000000000000, -0.000000000000000000, 0.000000000000000000 ) ) ;
#2556 = FILL_AREA_STYLE_COLOUR ( '', #1325 ) ;
#2557 = STYLED_ITEM ( 'NONE', ( #1208 ), #675 ) ;
#2558 = EDGE_CURVE ( 'NONE', #1695, #926, #946, .T. ) ;
#2559 = FACE_OUTER_BOUND ( 'NONE', #1831, .T. ) ;
#2560 = LINE ( 'NONE', #2368, #1896 ) ;
#2561 = ADVANCED_FACE ( 'NONE', ( #2032, #1594 ), #1205, .F. ) ;
#2562 = ORIENTED_EDGE ( 'NONE', *, *, #307, .F. ) ;
#2563 = LINE ( 'NONE', #387, #2069 ) ;
#2564 = VECTOR ( 'NONE', #1875, 1000.000000000000000 ) ;
#2565 = CARTESIAN_POINT ( 'NONE',  ( -41.50000000000000711, 0.5000000000000000000, -22.50000000000000000 ) ) ;
#2566 = LINE ( 'NONE', #2576, #177 ) ;
#2567 = EDGE_CURVE ( 'NONE', #140, #415, #242, .T. ) ;
#2568 = ORIENTED_EDGE ( 'NONE', *, *, #2545, .T. ) ;
#2569 = DIRECTION ( 'NONE',  ( 0.000000000000000000, 0.000000000000000000, -1.000000000000000000 ) ) ;
#2570 = CARTESIAN_POINT ( 'NONE',  ( 14.00000000000000178, 2.000000000000000000, -19.74999999999973355 ) ) ;
#2571 = LINE ( 'NONE', #2160, #510 ) ;
#2572 = ORIENTED_EDGE ( 'NONE', *, *, #2297, .F. ) ;
#2573 = CARTESIAN_POINT ( 'NONE',  ( 41.49999999999999289, 0.5000000000000000000, -22.50000000000000000 ) ) ;
#2574 = EDGE_CURVE ( 'NONE', #88, #1544, #449, .T. ) ;
#2575 = DIRECTION ( 'NONE',  ( 0.000000000000000000, -1.000000000000000000, 0.000000000000000000 ) ) ;
#2576 = CARTESIAN_POINT ( 'NONE',  ( 0.000000000000000000, 0.5000000000000000000, -0.7499999999997339906 ) ) ;
#2577 = ORIENTED_EDGE ( 'NONE', *, *, #1299, .T. ) ;
#2578 = VERTEX_POINT ( 'NONE', #1051 ) ;
ENDSEC;
END-ISO-10303-21;
